  0
SECTION
  2
HEADER
  9
$ACADVER
  1
AC1027
  9
$ACADMAINTVER
 70
   105
  9
$DWGCODEPAGE
  3
ANSI_1252
  9
$COMMENTS
  1
File was created by Cadenas
  9
$LASTSAVEDBY
  1
psService
  9
$CUSTOMPROPERTYTAG
  1
NB
  9
$CUSTOMPROPERTY
  1
AS1201F-M5-04A
  9
$CUSTOMPROPERTYTAG
  1
NN
  9
$CUSTOMPROPERTY
  1
AS_2_1F-A
  9
$CUSTOMPROPERTYTAG
  1
NT
  9
$CUSTOMPROPERTY
  1
Speed Controller With One Touch Fitting/Elbow Type
  9
$CUSTOMPROPERTYTAG
  1
NBSYN
  9
$CUSTOMPROPERTY
  1
$ORDER2.
  9
$CUSTOMPROPERTYTAG
  1
LINA
  9
$CUSTOMPROPERTY
  1
AS1201F-M5-04A
  9
$CUSTOMPROPERTYTAG
  1
CATALOG
  9
$CUSTOMPROPERTY
  1
SMC (JP
  9
$CUSTOMPROPERTYTAG
  1
ROWDESC
  9
$CUSTOMPROPERTY
  1
AS1201F-M5-04A
  9
$CUSTOMPROPERTYTAG
  1
GUI
  9
$CUSTOMPROPERTY
  1
AS12*1F*-M5*-04A
  9
$CUSTOMPROPERTYTAG
  1
MODEL
  9
$CUSTOMPROPERTY
  1
AS1201F-M5-04A
  9
$CUSTOMPROPERTYTAG
  1
CONTROL
  9
$CUSTOMPROPERTY
  1
(0) Meter-out
  9
$CUSTOMPROPERTYTAG
  1
SEAL
  9
$CUSTOMPROPERTY
  1
N/A
  9
$CUSTOMPROPERTYTAG
  1
HEXAGON
  9
$CUSTOMPROPERTY
  1
(-) 9 mm
  9
$CUSTOMPROPERTYTAG
  1
OMSC
  9
$CUSTOMPROPERTY
  1
(-) None
  9
$CUSTOMPROPERTYTAG
  1
D
  9
$CUSTOMPROPERTY
  1
4.0
  9
$CUSTOMPROPERTYTAG
  1
T
  9
$CUSTOMPROPERTY
  1
M5x0.8
  9
$CUSTOMPROPERTYTAG
  1
H
  9
$CUSTOMPROPERTY
  1
9.0
  9
$CUSTOMPROPERTYTAG
  1
D1
  9
$CUSTOMPROPERTY
  1
8.2
  9
$CUSTOMPROPERTYTAG
  1
D3
  9
$CUSTOMPROPERTY
  1
9.4
  9
$CUSTOMPROPERTYTAG
  1
L1
  9
$CUSTOMPROPERTY
  1
17.2
  9
$CUSTOMPROPERTYTAG
  1
L2
  9
$CUSTOMPROPERTY
  1
22.0
  9
$CUSTOMPROPERTYTAG
  1
L3
  9
$CUSTOMPROPERTY
  1
16.9
  9
$CUSTOMPROPERTYTAG
  1
L4
  9
$CUSTOMPROPERTY
  1
26.5
  9
$CUSTOMPROPERTYTAG
  1
A
  9
$CUSTOMPROPERTY
  1
23.5
  9
$CUSTOMPROPERTYTAG
  1
M
  9
$CUSTOMPROPERTY
  1
13.3
  9
$CUSTOMPROPERTYTAG
  1
CNSMASSEXACT
  9
$CUSTOMPROPERTY
  1
5
  9
$CUSTOMPROPERTYTAG
  1
L221
  9
$CUSTOMPROPERTY
  1
8.000
  9
$CUSTOMPROPERTYTAG
  1
COMPANY
  9
$CUSTOMPROPERTY
  1
smc_jp
  9
$REQUIREDVERSIONS
160
                 0
  9
$INSBASE
 10
0.0
 20
0.0
 30
0.0
  9
$EXTMIN
 10
-13.33677985175181
 20
-15.33333333333333
 30
0.0
  9
$EXTMAX
 10
30.73678042395641
 20
25.33042372881356
 30
0.0
  9
$LIMMIN
 10
0.0
 20
0.0
  9
$LIMMAX
 10
420.0
 20
297.0
  9
$ORTHOMODE
 70
     0
  9
$REGENMODE
 70
     1
  9
$FILLMODE
 70
     1
  9
$QTEXTMODE
 70
     0
  9
$MIRRTEXT
 70
     1
  9
$LTSCALE
 40
1.0
  9
$ATTMODE
 70
     1
  9
$TEXTSIZE
 40
2.5
  9
$TRACEWID
 40
1.0
  9
$TEXTSTYLE
  7
Standard
  9
$CLAYER
  8
0
  9
$CELTYPE
  6
ByLayer
  9
$CECOLOR
 62
   256
  9
$CELTSCALE
 40
1.0
  9
$DISPSILH
 70
     0
  9
$DIMSCALE
 40
1.0
  9
$DIMASZ
 40
2.5
  9
$DIMEXO
 40
0.625
  9
$DIMDLI
 40
3.75
  9
$DIMRND
 40
0.0
  9
$DIMDLE
 40
0.0
  9
$DIMEXE
 40
1.25
  9
$DIMTP
 40
0.0
  9
$DIMTM
 40
0.0
  9
$DIMTXT
 40
2.5
  9
$DIMCEN
 40
2.5
  9
$DIMTSZ
 40
0.0
  9
$DIMTOL
 70
     0
  9
$DIMLIM
 70
     0
  9
$DIMTIH
 70
     0
  9
$DIMTOH
 70
     0
  9
$DIMSE1
 70
     0
  9
$DIMSE2
 70
     0
  9
$DIMTAD
 70
     1
  9
$DIMZIN
 70
     8
  9
$DIMBLK
  1

  9
$DIMASO
 70
     1
  9
$DIMSHO
 70
     1
  9
$DIMPOST
  1

  9
$DIMAPOST
  1

  9
$DIMALT
 70
     0
  9
$DIMALTD
 70
     3
  9
$DIMALTF
 40
0.03937007874016
  9
$DIMLFAC
 40
1.0
  9
$DIMTOFL
 70
     1
  9
$DIMTVP
 40
0.0
  9
$DIMTIX
 70
     0
  9
$DIMSOXD
 70
     0
  9
$DIMSAH
 70
     0
  9
$DIMBLK1
  1

  9
$DIMBLK2
  1

  9
$DIMSTYLE
  2
ISO-25
  9
$DIMCLRD
 70
     0
  9
$DIMCLRE
 70
     0
  9
$DIMCLRT
 70
     0
  9
$DIMTFAC
 40
1.0
  9
$DIMGAP
 40
0.625
  9
$DIMJUST
 70
     0
  9
$DIMSD1
 70
     0
  9
$DIMSD2
 70
     0
  9
$DIMTOLJ
 70
     0
  9
$DIMTZIN
 70
     8
  9
$DIMALTZ
 70
     0
  9
$DIMALTTZ
 70
     0
  9
$DIMUPT
 70
     0
  9
$DIMDEC
 70
     2
  9
$DIMTDEC
 70
     2
  9
$DIMALTU
 70
     2
  9
$DIMALTTD
 70
     3
  9
$DIMTXSTY
  7
Standard
  9
$DIMAUNIT
 70
     0
  9
$DIMADEC
 70
     0
  9
$DIMALTRND
 40
0.0
  9
$DIMAZIN
 70
     0
  9
$DIMDSEP
 70
    44
  9
$DIMATFIT
 70
     3
  9
$DIMFRAC
 70
     0
  9
$DIMLDRBLK
  1

  9
$DIMLUNIT
 70
     2
  9
$DIMLWD
 70
    -2
  9
$DIMLWE
 70
    -2
  9
$DIMTMOVE
 70
     0
  9
$DIMFXL
 40
1.0
  9
$DIMFXLON
 70
     0
  9
$DIMJOGANG
 40
0.7853981633974483
  9
$DIMTFILL
 70
     0
  9
$DIMTFILLCLR
 70
     0
  9
$DIMARCSYM
 70
     0
  9
$DIMLTYPE
  6

  9
$DIMLTEX1
  6

  9
$DIMLTEX2
  6

  9
$DIMTXTDIRECTION
 70
     0
  9
$LUNITS
 70
     2
  9
$LUPREC
 70
     4
  9
$SKETCHINC
 40
1.0
  9
$FILLETRAD
 40
0.0
  9
$AUNITS
 70
     0
  9
$AUPREC
 70
     0
  9
$MENU
  1
.
  9
$ELEVATION
 40
0.0
  9
$PELEVATION
 40
0.0
  9
$THICKNESS
 40
0.0
  9
$LIMCHECK
 70
     0
  9
$CHAMFERA
 40
0.0
  9
$CHAMFERB
 40
0.0
  9
$CHAMFERC
 40
0.0
  9
$CHAMFERD
 40
0.0
  9
$SKPOLY
 70
     0
  9
$TDCREATE
 40
2461293.139195591
  9
$TDUCREATE
 40
2461293.055862257
  9
$TDUPDATE
 40
2461293.139195764
  9
$TDUUPDATE
 40
2461293.055862431
  9
$TDINDWG
 40
0.0000000116
  9
$TDUSRTIMER
 40
0.0000000116
  9
$USRTIMER
 70
     1
  9
$ANGBASE
 50
0.0
  9
$ANGDIR
 70
     0
  9
$PDMODE
 70
     0
  9
$PDSIZE
 40
0.0
  9
$PLINEWID
 40
0.0
  9
$SPLFRAME
 70
     0
  9
$SPLINETYPE
 70
     6
  9
$SPLINESEGS
 70
     8
  9
$HANDSEED
  5
138
  9
$SURFTAB1
 70
     6
  9
$SURFTAB2
 70
     6
  9
$SURFTYPE
 70
     6
  9
$SURFU
 70
     6
  9
$SURFV
 70
     6
  9
$UCSBASE
  2

  9
$UCSNAME
  2

  9
$UCSORG
 10
0.0
 20
0.0
 30
0.0
  9
$UCSXDIR
 10
1.0
 20
0.0
 30
0.0
  9
$UCSYDIR
 10
0.0
 20
1.0
 30
0.0
  9
$UCSORTHOREF
  2

  9
$UCSORTHOVIEW
 70
     0
  9
$UCSORGTOP
 10
0.0
 20
0.0
 30
0.0
  9
$UCSORGBOTTOM
 10
0.0
 20
0.0
 30
0.0
  9
$UCSORGLEFT
 10
0.0
 20
0.0
 30
0.0
  9
$UCSORGRIGHT
 10
0.0
 20
0.0
 30
0.0
  9
$UCSORGFRONT
 10
0.0
 20
0.0
 30
0.0
  9
$UCSORGBACK
 10
0.0
 20
0.0
 30
0.0
  9
$PUCSBASE
  2

  9
$PUCSNAME
  2

  9
$PUCSORG
 10
0.0
 20
0.0
 30
0.0
  9
$PUCSXDIR
 10
1.0
 20
0.0
 30
0.0
  9
$PUCSYDIR
 10
0.0
 20
1.0
 30
0.0
  9
$PUCSORTHOREF
  2

  9
$PUCSORTHOVIEW
 70
     0
  9
$PUCSORGTOP
 10
0.0
 20
0.0
 30
0.0
  9
$PUCSORGBOTTOM
 10
0.0
 20
0.0
 30
0.0
  9
$PUCSORGLEFT
 10
0.0
 20
0.0
 30
0.0
  9
$PUCSORGRIGHT
 10
0.0
 20
0.0
 30
0.0
  9
$PUCSORGFRONT
 10
0.0
 20
0.0
 30
0.0
  9
$PUCSORGBACK
 10
0.0
 20
0.0
 30
0.0
  9
$USERI1
 70
     0
  9
$USERI2
 70
     0
  9
$USERI3
 70
     0
  9
$USERI4
 70
     0
  9
$USERI5
 70
     0
  9
$USERR1
 40
0.0
  9
$USERR2
 40
0.0
  9
$USERR3
 40
0.0
  9
$USERR4
 40
0.0
  9
$USERR5
 40
0.0
  9
$WORLDVIEW
 70
     1
  9
$SHADEDGE
 70
     3
  9
$SHADEDIF
 70
    70
  9
$TILEMODE
 70
     1
  9
$MAXACTVP
 70
    64
  9
$PINSBASE
 10
0.0
 20
0.0
 30
0.0
  9
$PLIMCHECK
 70
     0
  9
$PEXTMIN
 10
1.000000000000000E+20
 20
1.000000000000000E+20
 30
1.000000000000000E+20
  9
$PEXTMAX
 10
-1.000000000000000E+20
 20
-1.000000000000000E+20
 30
-1.000000000000000E+20
  9
$PLIMMIN
 10
0.0
 20
0.0
  9
$PLIMMAX
 10
420.0
 20
297.0
  9
$UNITMODE
 70
     0
  9
$VISRETAIN
 70
     1
  9
$PLINEGEN
 70
     0
  9
$PSLTSCALE
 70
     1
  9
$TREEDEPTH
 70
  3020
  9
$CMLSTYLE
  2
Standard
  9
$CMLJUST
 70
     0
  9
$CMLSCALE
 40
20.0
  9
$PROXYGRAPHICS
 70
     1
  9
$MEASUREMENT
 70
     1
  9
$CELWEIGHT
370
    -1
  9
$ENDCAPS
280
     0
  9
$JOINSTYLE
280
     0
  9
$LWDISPLAY
290
     0
  9
$INSUNITS
 70
     4
  9
$HYPERLINKBASE
  1

  9
$STYLESHEET
  1

  9
$XEDIT
290
     1
  9
$CEPSNTYPE
380
     0
  9
$PSTYLEMODE
290
     1
  9
$FINGERPRINTGUID
  2
{2b641b4b-57b2-469d-a196-32e324a6c364}
  9
$VERSIONGUID
  2
{FAEB1C32-E019-11D5-929B-00C0DF256EC4}
  9
$EXTNAMES
290
     1
  9
$PSVPSCALE
 40
0.0
  9
$OLESTARTUP
290
     0
  9
$SORTENTS
280
   127
  9
$INDEXCTL
280
     0
  9
$HIDETEXT
280
     1
  9
$XCLIPFRAME
280
     2
  9
$HALOGAP
280
     0
  9
$OBSCOLOR
 70
   257
  9
$OBSLTYPE
280
     0
  9
$INTERSECTIONDISPLAY
280
     0
  9
$INTERSECTIONCOLOR
 70
   257
  9
$DIMASSOC
280
     2
  9
$PROJECTNAME
  1

  9
$CAMERADISPLAY
290
     0
  9
$LENSLENGTH
 40
50.0
  9
$CAMERAHEIGHT
 40
0.0
  9
$STEPSPERSEC
 40
2.0
  9
$STEPSIZE
 40
6.0
  9
$3DDWFPREC
 40
2.0
  9
$PSOLWIDTH
 40
5.0
  9
$PSOLHEIGHT
 40
80.0
  9
$LOFTANG1
 40
1.570796326794897
  9
$LOFTANG2
 40
1.570796326794897
  9
$LOFTMAG1
 40
0.0
  9
$LOFTMAG2
 40
0.0
  9
$LOFTPARAM
 70
     7
  9
$LOFTNORMALS
280
     1
  9
$LATITUDE
 40
37.795
  9
$LONGITUDE
 40
-122.394
  9
$NORTHDIRECTION
 40
0.0
  9
$TIMEZONE
 70
 -8000
  9
$LIGHTGLYPHDISPLAY
280
     1
  9
$TILEMODELIGHTSYNCH
280
     1
  9
$CMATERIAL
347
44
  9
$SOLIDHIST
280
     0
  9
$SHOWHIST
280
     1
  9
$DWFFRAME
280
     2
  9
$DGNFRAME
280
     2
  9
$REALWORLDSCALE
290
     1
  9
$INTERFERECOLOR
 62
   256
  9
$CSHADOW
280
     0
  9
$SHADOWPLANELOCATION
 40
0.0
  0
ENDSEC
  0
SECTION
  2
CLASSES
  0
CLASS
  1
ACDBDICTIONARYWDFLT
  2
AcDbDictionaryWithDefault
  3
ObjectDBX Classes
 90
        0
 91
        3
280
     0
281
     0
  0
CLASS
  1
VISUALSTYLE
  2
AcDbVisualStyle
  3
ObjectDBX Classes
 90
     4095
 91
        3
280
     0
281
     0
  0
CLASS
  1
MATERIAL
  2
AcDbMaterial
  3
ObjectDBX Classes
 90
     1153
 91
        3
280
     0
281
     0
  0
CLASS
  1
SCALE
  2
AcDbScale
  3
ObjectDBX Classes
 90
     1153
 91
        3
280
     0
281
     0
  0
CLASS
  1
TABLESTYLE
  2
AcDbTableStyle
  3
ObjectDBX Classes
 90
     4095
 91
        3
280
     0
281
     0
  0
CLASS
  1
MLEADERSTYLE
  2
AcDbMLeaderStyle
  3
ACDB_MLEADERSTYLE_CLASS
 90
     4095
 91
        3
280
     0
281
     0
  0
CLASS
  1
SUN
  2
AcDbSun
  3
SCENEOE
 90
     1153
 91
        3
280
     0
281
     0
  0
CLASS
  1
DICTIONARYVAR
  2
AcDbDictionaryVar
  3
ObjectDBX Classes
 90
        0
 91
        3
280
     0
281
     0
  0
CLASS
  1
CELLSTYLEMAP
  2
AcDbCellStyleMap
  3
ObjectDBX Classes
 90
     1152
 91
        3
280
     0
281
     0
  0
ENDSEC
  0
SECTION
  2
TABLES
  0
TABLE
  2
VPORT
  5
8
330
0
100
AcDbSymbolTable
 70
     1
  0
VPORT
  5
29
330
8
100
AcDbSymbolTableRecord
100
AcDbViewportTableRecord
  2
*Active
 70
     0
 10
0.0
 20
0.0
 11
1.0
 21
1.0
 12
9.244576557288724
 22
4.976737288135581
 13
0.0
 23
0.0
 14
10.0
 24
10.0
 15
10.0
 25
10.0
 16
0.0
 26
0.0
 36
1.0
 17
0.0
 27
0.0
 37
0.0
 40
41.72137118644067
 41
1.137664502792566
 42
50.0
 43
0.0
 44
0.0
 50
0.0
 51
0.0
 71
     0
 72
   100
 73
     1
 74
     3
 75
     0
 76
     0
 77
     0
 78
     0
281
     0
 65
     1
110
0.0
120
0.0
130
0.0
111
1.0
121
0.0
131
0.0
112
0.0
122
1.0
132
0.0
 79
     0
146
0.0
348
2F
 60
     3
 61
     5
292
     1
282
     1
141
0.0
142
0.0
 63
   250
361
5D
  0
ENDTAB
  0
TABLE
  2
LTYPE
  5
5
330
0
100
AcDbSymbolTable
 70
     3
  0
LTYPE
  5
14
330
5
100
AcDbSymbolTableRecord
100
AcDbLinetypeTableRecord
  2
ByBlock
 70
     0
  3

 72
    65
 73
     0
 40
0.0
  0
LTYPE
  5
15
330
5
100
AcDbSymbolTableRecord
100
AcDbLinetypeTableRecord
  2
ByLayer
 70
     0
  3

 72
    65
 73
     0
 40
0.0
  0
LTYPE
  5
16
330
5
100
AcDbSymbolTableRecord
100
AcDbLinetypeTableRecord
  2
Continuous
 70
     0
  3
Solid line
 72
    65
 73
     0
 40
0.0
  0
LTYPE
  5
82
330
5
100
AcDbSymbolTableRecord
100
AcDbLinetypeTableRecord
  2
Dashed
 70
     0
  3

 72
    65
 73
     2
 40
2.0
 49
1.0
 74
     0
 49
-1.0
 74
     0
  0
LTYPE
  5
E0
330
5
100
AcDbSymbolTableRecord
100
AcDbLinetypeTableRecord
  2
Center
 70
     0
  3

 72
    65
 73
     4
 40
1.5
 49
0.45
 74
     0
 49
-0.5
 74
     0
 49
0.05
 74
     0
 49
-0.5
 74
     0
  0
ENDTAB
  0
TABLE
  2
LAYER
  5
2
330
0
100
AcDbSymbolTable
 70
     8
  0
LAYER
  5
10
330
2
100
AcDbSymbolTableRecord
100
AcDbLayerTableRecord
  2
0
 70
     0
 62
     7
  6
Continuous
370
    -3
390
F
347
46
348
0
  0
LAYER
  5
5E
330
2
100
AcDbSymbolTableRecord
100
AcDbLayerTableRecord
  2
AM_6
 70
     0
 62
    -2
  6
Continuous
370
    35
390
F
347
46
348
0
  0
LAYER
  5
7F
330
2
100
AcDbSymbolTableRecord
100
AcDbLayerTableRecord
  2
AM_0
 70
     0
 62
     7
  6
Continuous
370
    50
390
F
347
46
348
0
  0
LAYER
  5
83
330
2
100
AcDbSymbolTableRecord
100
AcDbLayerTableRecord
  2
AM_9
 70
     0
 62
     6
  6
Dashed
370
    25
390
F
347
46
348
0
  0
LAYER
  5
DD
330
2
100
AcDbSymbolTableRecord
100
AcDbLayerTableRecord
  2
AM_5
 70
     0
 62
     3
  6
Continuous
370
    25
390
F
347
46
348
0
  0
LAYER
  5
E1
330
2
100
AcDbSymbolTableRecord
100
AcDbLayerTableRecord
  2
AM_7
 70
     0
 62
     7
  6
Center
370
    25
390
F
347
46
348
0
  0
LAYER
  5
E5
330
2
100
AcDbSymbolTableRecord
100
AcDbLayerTableRecord
  2
Defpoints
 70
     0
 62
     7
  6
Continuous
290
     0
370
    -3
390
F
347
46
348
0
  0
LAYER
  5
12B
330
2
100
AcDbSymbolTableRecord
100
AcDbLayerTableRecord
  2
2d ConnectionPoints
 70
     0
 62
     7
  6
Continuous
370
    50
390
F
347
46
348
0
  0
ENDTAB
  0
TABLE
  2
STYLE
  5
3
330
0
100
AcDbSymbolTable
 70
     1
  0
STYLE
  5
11
330
3
100
AcDbSymbolTableRecord
100
AcDbTextStyleTableRecord
  2
Standard
 70
     0
 40
0.0
 41
1.0
 50
0.0
 71
     0
 42
2.5
  3
txt
  4

  0
ENDTAB
  0
TABLE
  2
VIEW
  5
6
330
0
100
AcDbSymbolTable
 70
     0
  0
ENDTAB
  0
TABLE
  2
UCS
  5
7
330
0
100
AcDbSymbolTable
 70
     0
  0
ENDTAB
  0
TABLE
  2
APPID
  5
9
330
0
100
AcDbSymbolTable
 70
     1
  0
APPID
  5
12
330
9
100
AcDbSymbolTableRecord
100
AcDbRegAppTableRecord
  2
ACAD
 70
     0
  0
ENDTAB
  0
TABLE
  2
DIMSTYLE
  5
A
330
0
100
AcDbSymbolTable
 70
     1
100
AcDbDimStyleTable
  0
DIMSTYLE
105
27
102
{ACAD_REACTORS
330
E4
330
F5
330
103
330
111
330
11E
102
}
330
A
100
AcDbSymbolTableRecord
100
AcDbDimStyleTableRecord
  2
ISO-25
 70
     0
 41
2.5
 42
0.625
 43
3.75
 44
1.25
 73
     0
 74
     0
 77
     1
 78
     8
140
2.5
141
2.5
143
0.03937007874016
147
0.625
171
     3
172
     1
178
     0
271
     2
272
     2
274
     3
278
    44
283
     0
284
     8
340
11
  0
ENDTAB
  0
TABLE
  2
BLOCK_RECORD
  5
1
330
0
100
AcDbSymbolTable
 70
     6
  0
BLOCK_RECORD
  5
1F
330
1
100
AcDbSymbolTableRecord
100
AcDbBlockTableRecord
  2
*Model_Space
340
22
 70
     0
280
     1
281
     0
  0
BLOCK_RECORD
  5
1B
330
1
100
AcDbSymbolTableRecord
100
AcDbBlockTableRecord
  2
*Paper_Space
340
1E
 70
     0
280
     1
281
     0
  0
BLOCK_RECORD
  5
23
330
1
100
AcDbSymbolTableRecord
100
AcDbBlockTableRecord
  2
*Paper_Space0
340
26
 70
     0
280
     1
281
     0
  0
BLOCK_RECORD
  5
E6
330
1
100
AcDbSymbolTableRecord
100
AcDbBlockTableRecord
  2
*D1
340
0
 70
     0
280
     1
281
     0
  0
BLOCK_RECORD
  5
F6
330
1
100
AcDbSymbolTableRecord
100
AcDbBlockTableRecord
  2
*D2
340
0
 70
     0
280
     1
281
     0
  0
BLOCK_RECORD
  5
104
330
1
100
AcDbSymbolTableRecord
100
AcDbBlockTableRecord
  2
*D3
340
0
 70
     0
280
     1
281
     0
  0
BLOCK_RECORD
  5
112
330
1
100
AcDbSymbolTableRecord
100
AcDbBlockTableRecord
  2
*D4
340
0
 70
     0
280
     1
281
     0
  0
BLOCK_RECORD
  5
11F
330
1
100
AcDbSymbolTableRecord
100
AcDbBlockTableRecord
  2
*D5
340
0
 70
     0
280
     1
281
     0
  0
ENDTAB
  0
ENDSEC
  0
SECTION
  2
BLOCKS
  0
BLOCK
  5
20
330
1F
100
AcDbEntity
  8
0
100
AcDbBlockBegin
  2
*Model_Space
 70
     2
 10
0.0
 20
0.0
 30
0.0
  3
*Model_Space
  1

  0
ENDBLK
  5
21
330
1F
100
AcDbEntity
  8
0
100
AcDbBlockEnd
  0
BLOCK
  5
1C
330
1B
100
AcDbEntity
 67
     1
  8
0
100
AcDbBlockBegin
  2
*Paper_Space
 70
     0
 10
0.0
 20
0.0
 30
0.0
  3
*Paper_Space
  1

  0
ENDBLK
  5
1D
330
1B
100
AcDbEntity
 67
     1
  8
0
100
AcDbBlockEnd
  0
BLOCK
  5
24
330
23
100
AcDbEntity
  8
0
100
AcDbBlockBegin
  2
*Paper_Space0
 70
     0
 10
0.0
 20
0.0
 30
0.0
  3
*Paper_Space0
  1

  0
ENDBLK
  5
25
330
23
100
AcDbEntity
  8
0
100
AcDbBlockEnd
  0
BLOCK
  5
E7
330
E6
100
AcDbEntity
  8
0
100
AcDbBlockBegin
  2
*D1
 70
     1
 10
0.0
 20
0.0
 30
0.0
  3
*D1
  1

  0
LINE
  5
E9
330
E6
100
AcDbEntity
  8
AM_5
 62
     0
370
    -2
100
AcDbLine
 10
0.0
 20
-3.0
 30
0.0
 11
23.95000076293945
 21
-3.000000000000001
 31
0.0
  0
LINE
  5
EA
330
E6
100
AcDbEntity
  8
AM_5
 62
     0
370
    -2
100
AcDbLine
 10
17.2
 20
13.9
 30
0.0
 11
23.95000076293945
 21
13.9
 31
0.0
  0
LINE
  5
EB
330
E6
100
AcDbEntity
  8
AM_5
 62
     0
370
    -2
100
AcDbLine
 10
23.95000076293945
 20
-3.000000000000001
 30
0.0
 11
23.95000076293945
 21
-0.3018644067796643
 31
0.0
  0
LINE
  5
EC
330
E6
100
AcDbEntity
  8
AM_5
 62
     0
370
    -2
100
AcDbLine
 10
23.95000076293945
 20
13.9
 30
0.0
 11
23.95000076293945
 21
11.20186440677966
 31
0.0
  0
LINE
  5
ED
330
E6
100
AcDbEntity
  8
AM_5
 62
     0
370
    -2
100
AcDbLine
 10
23.95000076293945
 20
-6.500000000000002
 30
0.0
 11
23.95000076293945
 21
-10.0
 31
0.0
  0
LINE
  5
EE
330
E6
100
AcDbEntity
  8
AM_5
 62
     0
370
    -2
100
AcDbLine
 10
23.95000076293945
 20
17.4
 30
0.0
 11
23.95000076293945
 21
20.9
 31
0.0
  0
SOLID
  5
EF
330
E6
100
AcDbEntity
  8
AM_5
 62
     0
100
AcDbTrace
 10
24.53333409627279
 20
-6.500000000000002
 30
0.0
 11
23.36666742960612
 21
-6.500000000000002
 31
0.0
 12
23.95000076293945
 22
-3.000000000000001
 32
0.0
 13
23.95000076293945
 23
-3.000000000000001
 33
0.0
  0
SOLID
  5
F0
330
E6
100
AcDbEntity
  8
AM_5
 62
     0
100
AcDbTrace
 10
23.36666742960612
 20
17.4
 30
0.0
 11
24.53333409627279
 21
17.4
 31
0.0
 12
23.95000076293945
 22
13.9
 32
0.0
 13
23.95000076293945
 23
13.9
 33
0.0
  0
MTEXT
  5
F1
330
E6
100
AcDbEntity
  8
AM_5
 62
     0
100
AcDbMText
 10
23.95000076293945
 20
5.449999999999999
 30
0.0
 40
3.5
 41
0.0
 46
0.0
 71
     5
 72
     1
  1
16.9
 11
6.123233995736766E-17
 21
1.0
 31
0.0
 73
     1
 44
1.0
  0
POINT
  5
F2
330
E6
100
AcDbEntity
  8
Defpoints
 62
     0
100
AcDbPoint
 10
0.0
 20
-3.0
 30
0.0
  0
POINT
  5
F3
330
E6
100
AcDbEntity
  8
Defpoints
 62
     0
100
AcDbPoint
 10
17.2
 20
13.9
 30
0.0
  0
POINT
  5
F4
330
E6
100
AcDbEntity
  8
Defpoints
 62
     0
100
AcDbPoint
 10
23.95000076293945
 20
13.9
 30
0.0
  0
ENDBLK
  5
E8
330
E6
100
AcDbEntity
  8
0
100
AcDbBlockEnd
  0
BLOCK
  5
F7
330
F6
100
AcDbEntity
  8
0
100
AcDbBlockBegin
  2
*D2
 70
     1
 10
0.0
 20
0.0
 30
0.0
  3
*D2
  1

  0
LINE
  5
F9
330
F6
100
AcDbEntity
  8
AM_5
 62
     0
370
    -2
100
AcDbLine
 10
0.0
 20
-3.0
 30
0.0
 11
28.95000076293945
 21
-3.000000000000001
 31
0.0
  0
LINE
  5
FA
330
F6
100
AcDbEntity
  8
AM_5
 62
     0
370
    -2
100
AcDbLine
 10
0.0
 20
23.5
 30
0.0
 11
28.95000076293945
 21
23.5
 31
0.0
  0
LINE
  5
FB
330
F6
100
AcDbEntity
  8
AM_5
 62
     0
370
    -2
100
AcDbLine
 10
28.95000076293945
 20
0.4999999999999987
 30
0.0
 11
28.95000076293945
 21
3.910847457627121
 31
0.0
  0
LINE
  5
FC
330
F6
100
AcDbEntity
  8
AM_5
 62
     0
370
    -2
100
AcDbLine
 10
28.95000076293945
 20
20.0
 30
0.0
 11
28.95000076293945
 21
16.58915254237288
 31
0.0
  0
SOLID
  5
FD
330
F6
100
AcDbEntity
  8
AM_5
 62
     0
100
AcDbTrace
 10
28.36666742960612
 20
0.4999999999999987
 30
0.0
 11
29.53333409627279
 21
0.4999999999999987
 31
0.0
 12
28.95000076293945
 22
-3.000000000000001
 32
0.0
 13
28.95000076293945
 23
-3.000000000000001
 33
0.0
  0
SOLID
  5
FE
330
F6
100
AcDbEntity
  8
AM_5
 62
     0
100
AcDbTrace
 10
29.53333409627279
 20
20.0
 30
0.0
 11
28.36666742960612
 21
20.0
 31
0.0
 12
28.95000076293945
 22
23.5
 32
0.0
 13
28.95000076293945
 23
23.5
 33
0.0
  0
MTEXT
  5
FF
330
F6
100
AcDbEntity
  8
AM_5
 62
     0
100
AcDbMText
 10
28.95000076293945
 20
10.25
 30
0.0
 40
3.5
 41
0.0
 46
0.0
 71
     5
 72
     1
  1
26.5
 11
6.123233995736766E-17
 21
1.0
 31
0.0
 73
     1
 44
1.0
  0
POINT
  5
100
330
F6
100
AcDbEntity
  8
Defpoints
 62
     0
100
AcDbPoint
 10
0.0
 20
-3.0
 30
0.0
  0
POINT
  5
101
330
F6
100
AcDbEntity
  8
Defpoints
 62
     0
100
AcDbPoint
 10
0.0
 20
23.5
 30
0.0
  0
POINT
  5
102
330
F6
100
AcDbEntity
  8
Defpoints
 62
     0
100
AcDbPoint
 10
28.95000076293945
 20
23.5
 30
0.0
  0
ENDBLK
  5
F8
330
F6
100
AcDbEntity
  8
0
100
AcDbBlockEnd
  0
BLOCK
  5
105
330
104
100
AcDbEntity
  8
0
100
AcDbBlockBegin
  2
*D3
 70
     1
 10
0.0
 20
0.0
 30
0.0
  3
*D3
  1

  0
LINE
  5
107
330
104
100
AcDbEntity
  8
AM_5
 62
     0
370
    -2
100
AcDbLine
 10
0.0
 20
0.0
 30
0.0
 11
-11.55000019073486
 21
0.0000000000000002
 31
0.0
  0
LINE
  5
108
330
104
100
AcDbEntity
  8
AM_5
 62
     0
370
    -2
100
AcDbLine
 10
0.0
 20
23.5
 30
0.0
 11
-11.55000019073486
 21
23.5
 31
0.0
  0
LINE
  5
109
330
104
100
AcDbEntity
  8
AM_5
 62
     0
370
    -2
100
AcDbLine
 10
-11.55000019073486
 20
3.5
 30
0.0
 11
-11.55000019073486
 21
5.410847457627117
 31
0.0
  0
LINE
  5
10A
330
104
100
AcDbEntity
  8
AM_5
 62
     0
370
    -2
100
AcDbLine
 10
-11.55000019073486
 20
20.0
 30
0.0
 11
-11.55000019073486
 21
18.08915254237288
 31
0.0
  0
SOLID
  5
10B
330
104
100
AcDbEntity
  8
AM_5
 62
     0
100
AcDbTrace
 10
-12.1333335240682
 20
3.5
 30
0.0
 11
-10.96666685740153
 21
3.5
 31
0.0
 12
-11.55000019073486
 22
0.0000000000000002
 32
0.0
 13
-11.55000019073486
 23
0.0000000000000002
 33
0.0
  0
SOLID
  5
10C
330
104
100
AcDbEntity
  8
AM_5
 62
     0
100
AcDbTrace
 10
-10.96666685740153
 20
20.0
 30
0.0
 11
-12.1333335240682
 21
20.0
 31
0.0
 12
-11.55000019073486
 22
23.5
 32
0.0
 13
-11.55000019073486
 23
23.5
 33
0.0
  0
MTEXT
  5
10D
330
104
100
AcDbEntity
  8
AM_5
 62
     0
100
AcDbMText
 10
-11.55000019073486
 20
11.75
 30
0.0
 40
3.5
 41
0.0
 46
0.0
 71
     5
 72
     1
  1
23.5
 11
6.123233995736766E-17
 21
1.0
 31
0.0
 73
     1
 44
1.0
  0
POINT
  5
10E
330
104
100
AcDbEntity
  8
Defpoints
 62
     0
100
AcDbPoint
 10
0.0
 20
0.0
 30
0.0
  0
POINT
  5
10F
330
104
100
AcDbEntity
  8
Defpoints
 62
     0
100
AcDbPoint
 10
0.0
 20
23.5
 30
0.0
  0
POINT
  5
110
330
104
100
AcDbEntity
  8
Defpoints
 62
     0
100
AcDbPoint
 10
-11.55000019073486
 20
23.5
 30
0.0
  0
ENDBLK
  5
106
330
104
100
AcDbEntity
  8
0
100
AcDbBlockEnd
  0
BLOCK
  5
113
330
112
100
AcDbEntity
  8
0
100
AcDbBlockBegin
  2
*D4
 70
     1
 10
0.0
 20
0.0
 30
0.0
  3
*D4
  1

  0
LINE
  5
115
330
112
100
AcDbEntity
  8
AM_5
 62
     0
370
    -2
100
AcDbLine
 10
0.0
 20
0.0
 30
0.0
 11
0.0
 21
-9.75
 31
0.0
  0
LINE
  5
116
330
112
100
AcDbEntity
  8
AM_5
 62
     0
370
    -2
100
AcDbLine
 10
17.2
 20
13.9
 30
0.0
 11
17.2
 21
-9.75
 31
0.0
  0
LINE
  5
117
330
112
100
AcDbEntity
  8
AM_5
 62
     0
370
    -2
100
AcDbLine
 10
3.5
 20
-9.75
 30
0.0
 11
13.7
 21
-9.75
 31
0.0
  0
SOLID
  5
118
330
112
100
AcDbEntity
  8
AM_5
 62
     0
100
AcDbTrace
 10
3.5
 20
-9.166666666666666
 30
0.0
 11
3.5
 21
-10.33333333333333
 31
0.0
 12
0.0
 22
-9.75
 32
0.0
 13
0.0
 23
-9.75
 33
0.0
  0
SOLID
  5
119
330
112
100
AcDbEntity
  8
AM_5
 62
     0
100
AcDbTrace
 10
13.7
 20
-10.33333333333333
 30
0.0
 11
13.7
 21
-9.166666666666666
 31
0.0
 12
17.2
 22
-9.75
 32
0.0
 13
17.2
 23
-9.75
 33
0.0
  0
MTEXT
  5
11A
330
112
100
AcDbEntity
  8
AM_5
 62
     0
100
AcDbMText
 10
8.6
 20
-6.913220338983051
 30
0.0
 40
3.5
 41
0.0
 46
0.0
 71
     5
 72
     1
  1
17.2
 73
     1
 44
1.0
  0
POINT
  5
11B
330
112
100
AcDbEntity
  8
Defpoints
 62
     0
100
AcDbPoint
 10
0.0
 20
0.0
 30
0.0
  0
POINT
  5
11C
330
112
100
AcDbEntity
  8
Defpoints
 62
     0
100
AcDbPoint
 10
17.2
 20
13.9
 30
0.0
  0
POINT
  5
11D
330
112
100
AcDbEntity
  8
Defpoints
 62
     0
100
AcDbPoint
 10
17.2
 20
-9.75
 30
0.0
  0
ENDBLK
  5
114
330
112
100
AcDbEntity
  8
0
100
AcDbBlockEnd
  0
BLOCK
  5
120
330
11F
100
AcDbEntity
  8
0
100
AcDbBlockBegin
  2
*D5
 70
     1
 10
0.0
 20
0.0
 30
0.0
  3
*D5
  1

  0
LINE
  5
122
330
11F
100
AcDbEntity
  8
AM_5
 62
     0
370
    -2
100
AcDbLine
 10
-4.800000000000001
 20
8.0
 30
0.0
 11
-4.800000000000001
 21
-14.75
 31
0.0
  0
LINE
  5
123
330
11F
100
AcDbEntity
  8
AM_5
 62
     0
370
    -2
100
AcDbLine
 10
17.2
 20
13.9
 30
0.0
 11
17.2
 21
-14.75
 31
0.0
  0
LINE
  5
124
330
11F
100
AcDbEntity
  8
AM_5
 62
     0
370
    -2
100
AcDbLine
 10
-1.300000000000001
 20
-14.75
 30
0.0
 11
13.7
 21
-14.75
 31
0.0
  0
SOLID
  5
125
330
11F
100
AcDbEntity
  8
AM_5
 62
     0
100
AcDbTrace
 10
-1.300000000000001
 20
-14.16666666666667
 30
0.0
 11
-1.300000000000001
 21
-15.33333333333333
 31
0.0
 12
-4.800000000000001
 22
-14.75
 32
0.0
 13
-4.800000000000001
 23
-14.75
 33
0.0
  0
SOLID
  5
126
330
11F
100
AcDbEntity
  8
AM_5
 62
     0
100
AcDbTrace
 10
13.7
 20
-15.33333333333333
 30
0.0
 11
13.7
 21
-14.16666666666667
 31
0.0
 12
17.2
 22
-14.75
 32
0.0
 13
17.2
 23
-14.75
 33
0.0
  0
MTEXT
  5
127
330
11F
100
AcDbEntity
  8
AM_5
 62
     0
100
AcDbMText
 10
6.199999999999999
 20
-11.91322033898305
 30
0.0
 40
3.5
 41
0.0
 46
0.0
 71
     5
 72
     1
  1
22
 73
     1
 44
1.0
  0
POINT
  5
128
330
11F
100
AcDbEntity
  8
Defpoints
 62
     0
100
AcDbPoint
 10
-4.800000000000001
 20
8.0
 30
0.0
  0
POINT
  5
129
330
11F
100
AcDbEntity
  8
Defpoints
 62
     0
100
AcDbPoint
 10
17.2
 20
13.9
 30
0.0
  0
POINT
  5
12A
330
11F
100
AcDbEntity
  8
Defpoints
 62
     0
100
AcDbPoint
 10
17.2
 20
-14.75
 30
0.0
  0
ENDBLK
  5
121
330
11F
100
AcDbEntity
  8
0
100
AcDbBlockEnd
  0
ENDSEC
  0
SECTION
  2
ENTITIES
  0
ATTDEF
  5
5F
330
1F
100
AcDbEntity
  8
AM_6
100
AcDbText
 10
23.06
 20
24.825
 30
0.0
 40
0.5
  1
AS1201F-M5-04A
100
AcDbAttributeDefinition
  3

  2
NB
 70
     8
280
     0
  0
ATTDEF
  5
60
330
1F
100
AcDbEntity
  8
AM_6
100
AcDbText
 10
23.06
 20
24.325
 30
0.0
 40
0.5
  1
AS_2_1F-A
100
AcDbAttributeDefinition
  3

  2
NN
 70
     8
280
     0
  0
ATTDEF
  5
61
330
1F
100
AcDbEntity
  8
AM_6
100
AcDbText
 10
23.06
 20
23.825
 30
0.0
 40
0.5
  1
Speed Controller With One Touch Fitting/Elbow Type
100
AcDbAttributeDefinition
  3

  2
NT
 70
     8
280
     0
  0
ATTDEF
  5
62
330
1F
100
AcDbEntity
  8
AM_6
100
AcDbText
 10
23.06
 20
23.325
 30
0.0
 40
0.5
  1
$ORDER2.
100
AcDbAttributeDefinition
  3

  2
NBSYN
 70
     8
280
     0
  0
ATTDEF
  5
63
330
1F
100
AcDbEntity
  8
AM_6
100
AcDbText
 10
23.06
 20
22.825
 30
0.0
 40
0.5
  1
AS1201F-M5-04A
100
AcDbAttributeDefinition
  3

  2
LINA
 70
     8
280
     0
  0
ATTDEF
  5
64
330
1F
100
AcDbEntity
  8
AM_6
100
AcDbText
 10
23.06
 20
22.325
 30
0.0
 40
0.5
  1
SMC (JP
100
AcDbAttributeDefinition
  3

  2
CATALOG
 70
     8
280
     0
  0
ATTDEF
  5
65
330
1F
100
AcDbEntity
  8
AM_6
100
AcDbText
 10
23.06
 20
21.825
 30
0.0
 40
0.5
  1
AS1201F-M5-04A
100
AcDbAttributeDefinition
  3

  2
ROWDESC
 70
     8
280
     0
  0
ATTDEF
  5
66
330
1F
100
AcDbEntity
  8
AM_6
100
AcDbText
 10
23.06
 20
21.325
 30
0.0
 40
0.5
  1
AS12*1F*-M5*-04A
100
AcDbAttributeDefinition
  3

  2
GUI
 70
     8
280
     0
  0
ATTDEF
  5
67
330
1F
100
AcDbEntity
  8
AM_6
100
AcDbText
 10
23.06
 20
20.825
 30
0.0
 40
0.5
  1
AS1201F-M5-04A
100
AcDbAttributeDefinition
  3

  2
MODEL
 70
     8
280
     0
  0
ATTDEF
  5
68
330
1F
100
AcDbEntity
  8
AM_6
100
AcDbText
 10
23.06
 20
20.325
 30
0.0
 40
0.5
  1
(0) Meter-out
100
AcDbAttributeDefinition
  3

  2
CONTROL
 70
     8
280
     0
  0
ATTDEF
  5
69
330
1F
100
AcDbEntity
  8
AM_6
100
AcDbText
 10
23.06
 20
19.825
 30
0.0
 40
0.5
  1
N/A
100
AcDbAttributeDefinition
  3

  2
SEAL
 70
     8
280
     0
  0
ATTDEF
  5
6A
330
1F
100
AcDbEntity
  8
AM_6
100
AcDbText
 10
23.06
 20
19.325
 30
0.0
 40
0.5
  1
(-) 9 mm
100
AcDbAttributeDefinition
  3

  2
HEXAGON
 70
     8
280
     0
  0
ATTDEF
  5
6B
330
1F
100
AcDbEntity
  8
AM_6
100
AcDbText
 10
23.06
 20
18.825
 30
0.0
 40
0.5
  1
(-) None
100
AcDbAttributeDefinition
  3

  2
OMSC
 70
     8
280
     0
  0
ATTDEF
  5
6C
330
1F
100
AcDbEntity
  8
AM_6
100
AcDbText
 10
23.06
 20
18.325
 30
0.0
 40
0.5
  1
4.0
100
AcDbAttributeDefinition
  3

  2
D
 70
     8
280
     0
  0
ATTDEF
  5
6D
330
1F
100
AcDbEntity
  8
AM_6
100
AcDbText
 10
23.06
 20
17.825
 30
0.0
 40
0.5
  1
M5x0.8
100
AcDbAttributeDefinition
  3

  2
T
 70
     8
280
     0
  0
ATTDEF
  5
6E
330
1F
100
AcDbEntity
  8
AM_6
100
AcDbText
 10
23.06
 20
17.325
 30
0.0
 40
0.5
  1
9.0
100
AcDbAttributeDefinition
  3

  2
H
 70
     8
280
     0
  0
ATTDEF
  5
6F
330
1F
100
AcDbEntity
  8
AM_6
100
AcDbText
 10
23.06
 20
16.825
 30
0.0
 40
0.5
  1
8.2
100
AcDbAttributeDefinition
  3

  2
D1
 70
     8
280
     0
  0
ATTDEF
  5
70
330
1F
100
AcDbEntity
  8
AM_6
100
AcDbText
 10
23.06
 20
16.325
 30
0.0
 40
0.5
  1
9.4
100
AcDbAttributeDefinition
  3

  2
D3
 70
     8
280
     0
  0
ATTDEF
  5
71
330
1F
100
AcDbEntity
  8
AM_6
100
AcDbText
 10
23.06
 20
15.825
 30
0.0
 40
0.5
  1
17.2
100
AcDbAttributeDefinition
  3

  2
L1
 70
     8
280
     0
  0
ATTDEF
  5
72
330
1F
100
AcDbEntity
  8
AM_6
100
AcDbText
 10
23.06
 20
15.325
 30
0.0
 40
0.5
  1
22.0
100
AcDbAttributeDefinition
  3

  2
L2
 70
     8
280
     0
  0
ATTDEF
  5
73
330
1F
100
AcDbEntity
  8
AM_6
100
AcDbText
 10
23.06
 20
14.825
 30
0.0
 40
0.5
  1
16.9
100
AcDbAttributeDefinition
  3

  2
L3
 70
     8
280
     0
  0
ATTDEF
  5
74
330
1F
100
AcDbEntity
  8
AM_6
100
AcDbText
 10
23.06
 20
14.325
 30
0.0
 40
0.5
  1
26.5
100
AcDbAttributeDefinition
  3

  2
L4
 70
     8
280
     0
  0
ATTDEF
  5
75
330
1F
100
AcDbEntity
  8
AM_6
100
AcDbText
 10
23.06
 20
13.825
 30
0.0
 40
0.5
  1
23.5
100
AcDbAttributeDefinition
  3

  2
A
 70
     8
280
     0
  0
ATTDEF
  5
76
330
1F
100
AcDbEntity
  8
AM_6
100
AcDbText
 10
23.06
 20
13.325
 30
0.0
 40
0.5
  1
13.3
100
AcDbAttributeDefinition
  3

  2
M
 70
     8
280
     0
  0
ATTDEF
  5
77
330
1F
100
AcDbEntity
  8
AM_6
100
AcDbText
 10
23.06
 20
12.825
 30
0.0
 40
0.5
  1
5
100
AcDbAttributeDefinition
  3

  2
CNSMASSEXACT
 70
     8
280
     0
  0
ATTDEF
  5
78
330
1F
100
AcDbEntity
  8
AM_6
100
AcDbText
 10
23.06
 20
12.325
 30
0.0
 40
0.5
  1
8.000
100
AcDbAttributeDefinition
  3

  2
L221
 70
     8
280
     0
  0
ATTDEF
  5
79
330
1F
100
AcDbEntity
  8
AM_6
100
AcDbText
 10
23.06
 20
11.825
 30
0.0
 40
0.5
  1
smc_jp
100
AcDbAttributeDefinition
  3

  2
COMPANY
 70
     8
280
     0
  0
ATTDEF
  5
7A
330
1F
100
AcDbEntity
  8
AM_6
100
AcDbText
 10
23.06
 20
11.325
 30
0.0
 40
0.5
  1
{$CADENAS_DATA/23d-libs/smc_jp/flow_control_equipment/speed_control_valve/resin_body_with_one_touch_fittings/as_2_1f_a.prj},196 {VTYP=3D},{NB=AS1201F-M5-04A},{LINA=AS1201F-M5-04A},{NN=AS_2_1F-A},{DATE=02.09.2026 09:01:43},{GEOMDATE=22.07.2025 06:43:
100
AcDbAttributeDefinition
  3

  2
PSOL_0
 70
     9
280
     0
  0
ATTDEF
  5
7B
330
1F
100
AcDbEntity
  8
AM_6
100
AcDbText
 10
23.06
 20
10.825
 30
0.0
 40
0.5
  1
ERSION=},{LINEID=20},{WBVAR=CONTROL,SEAL,HEXAGON,OMSC},{WBNUMERIC=}  {NB=AS1201F-M5-04A},{LINA=AS1201F-M5-04A},{KT=DUMMY},{GUI=AS12*1F*-M5*-04A},{MODEL=AS1201F-M5-04A},{CONTROL=0},{SEAL=},{HEXAGON=},{HEXAGONX='E','(E) 8mm','','(-) 9 mm'},{OMSC=},{D=
100
AcDbAttributeDefinition
  3

  2
PSOL_1
 70
     9
280
     0
  0
ATTDEF
  5
7C
330
1F
100
AcDbEntity
  8
AM_6
100
AcDbText
 10
23.06
 20
10.325
 30
0.0
 40
0.5
  1
T=M5x0.8},{TD=5.000},{H=9.0},{H1=9.0},{H2=8},{D1=8.2},{D3=9.4},{L1=17.2},{L2=22.0},{L21=21.5},{L22=22.0},{L3=16.9},{L4=26.5},{A=23.5},{M=13.3},{MODEL1=AS12},{MODEL2=1F},{MODEL22=-M5-04},{MODEL21=-M5},{MODEL23=-04},{MODEL3=1F},{MODEL33=-M5-04},{MODEL
100
AcDbAttributeDefinition
  3

  2
PSOL_2
 70
     9
280
     0
  0
ATTDEF
  5
7D
330
1F
100
AcDbEntity
  8
AM_6
100
AcDbText
 10
23.06
 20
9.825
 30
0.0
 40
0.5
  1
},{MODEL32=-04},{ORDER=AS1201F-M5-04A},{THREADX= '','N/A' },{SEALX= '','N/A' },{CNSMASSEXACT=5},{A1=4.500},{A2=6.300},{A3=0.000},{A4=0.000},{A5=0.000},{A6=0.000},{A7=0.000},{A8=0.000},{A9=0.000},{HR=9.600},{B1=7.700},{B2=4.500},{B3=6.100},{B4=9.000}
100
AcDbAttributeDefinition
  3

  2
PSOL_3
 70
     9
280
     0
  0
ATTDEF
  5
7E
330
1F
100
AcDbEntity
  8
AM_6
100
AcDbText
 10
23.06
 20
9.325
 30
0.0
 40
0.5
  1
1},{NENN=AS1201F-M5-04A},{N=3},{MASS1=5},{MASS2=5},{ORDER2=AS1201F-M5-04A},{ORDER1=AS1201F-M5-04A},{L221=8.000}
100
AcDbAttributeDefinition
  3

  2
PSOL_4
 70
     9
280
     0
  0
LINE
  5
80
330
1F
100
AcDbEntity
  8
AM_0
100
AcDbLine
 10
4.8
 20
1.630384757729381
 30
0.0
 11
4.8
 21
7.769615242270641
 31
0.0
  0
LINE
  5
81
330
1F
100
AcDbEntity
  8
AM_0
100
AcDbLine
 10
-4.800000000000001
 20
7.769615242270648
 30
0.0
 11
-4.800000000000001
 21
1.630384757729368
 31
0.0
  0
LINE
  5
84
330
1F
100
AcDbEntity
  8
AM_9
100
AcDbLine
 10
3.899999999999999
 20
11.89999999999998
 30
0.0
 11
3.899999999999999
 21
15.89999999999998
 31
0.0
  0
LINE
  5
85
330
1F
100
AcDbEntity
  8
AM_9
100
AcDbLine
 10
17.2
 20
15.89999999999998
 30
0.0
 11
3.899999999999999
 21
15.89999999999998
 31
0.0
  0
LINE
  5
86
330
1F
100
AcDbEntity
  8
AM_9
100
AcDbLine
 10
3.899999999999999
 20
11.89999999999998
 30
0.0
 11
17.2
 21
11.89999999999998
 31
0.0
  0
LINE
  5
87
330
1F
100
AcDbEntity
  8
AM_0
100
AcDbLine
 10
-2.199999999999952
 20
-0.0000000000000048
 30
0.0
 11
-2.199999999999952
 21
-0.4500000000000047
 31
0.0
  0
LINE
  5
88
330
1F
100
AcDbEntity
  8
AM_0
100
AcDbLine
 10
2.199999999999952
 20
-0.4500000000000047
 30
0.0
 11
2.199999999999952
 21
-0.0000000000000048
 31
0.0
  0
LINE
  5
89
330
1F
100
AcDbEntity
  8
AM_0
100
AcDbLine
 10
2.199999999999952
 20
-0.4500000000000047
 30
0.0
 11
-2.199999999999952
 21
-0.4500000000000047
 31
0.0
  0
LINE
  5
8A
330
1F
100
AcDbEntity
  8
AM_0
100
AcDbLine
 10
4.499999999999977
 20
1.549999999999995
 30
0.0
 11
4.799999999999994
 21
1.63038475772937
 31
0.0
  0
LINE
  5
8B
330
1F
100
AcDbEntity
  8
AM_0
100
AcDbLine
 10
4.49999999999996
 20
1.549999999999991
 30
0.0
 11
-4.49999999999996
 21
1.549999999999991
 31
0.0
  0
LINE
  5
8C
330
1F
100
AcDbEntity
  8
AM_0
100
AcDbLine
 10
4.800000000000074
 20
1.630384757729392
 30
0.0
 11
4.732278971454478
 21
1.630384757729373
 31
0.0
  0
LINE
  5
8D
330
1F
100
AcDbEntity
  8
AM_0
100
AcDbLine
 10
-4.732278971454478
 20
1.630384757729368
 30
0.0
 11
-4.800000000000024
 21
1.630384757729378
 31
0.0
  0
LINE
  5
8E
330
1F
100
AcDbEntity
  8
AM_0
100
AcDbLine
 10
-4.800000000000009
 20
1.630384757729375
 30
0.0
 11
-4.500000000000024
 21
1.550000000000008
 31
0.0
  0
LINE
  5
8F
330
1F
100
AcDbEntity
  8
AM_0
100
AcDbLine
 10
15.69999999999999
 20
16.15
 30
0.0
 11
14.8
 21
16.15
 31
0.0
  0
LINE
  5
90
330
1F
100
AcDbEntity
  8
AM_0
100
AcDbLine
 10
14.8
 20
11.64999999999996
 30
0.0
 11
15.69999999999999
 21
11.64999999999996
 31
0.0
  0
LINE
  5
91
330
1F
100
AcDbEntity
  8
AM_0
100
AcDbLine
 10
2.0095
 20
-3.000000000000004
 30
0.0
 11
2.499999999999887
 21
-2.509500000000119
 31
0.0
  0
LINE
  5
92
330
1F
100
AcDbEntity
  8
AM_0
100
AcDbLine
 10
-2.499999999999887
 20
-2.509500000000119
 30
0.0
 11
-2.0095
 21
-3.000000000000004
 31
0.0
  0
LINE
  5
93
330
1F
100
AcDbEntity
  8
AM_0
100
AcDbLine
 10
2.0095
 20
-3.000000000000004
 30
0.0
 11
-2.0095
 21
-3.000000000000004
 31
0.0
  0
LINE
  5
94
330
1F
100
AcDbEntity
  8
AM_0
100
AcDbLine
 10
-2.499999999999889
 20
-0.9404999999998911
 30
0.0
 11
-2.499999999999889
 21
-2.509500000000119
 31
0.0
  0
LINE
  5
95
330
1F
100
AcDbEntity
  8
AM_0
100
AcDbLine
 10
2.499999999999889
 20
-2.509500000000119
 30
0.0
 11
2.499999999999889
 21
-0.9404999999998911
 31
0.0
  0
LINE
  5
96
330
1F
100
AcDbEntity
  8
AM_0
100
AcDbLine
 10
2.499999999999887
 20
-2.509500000000119
 30
0.0
 11
-2.499999999999887
 21
-2.509500000000119
 31
0.0
  0
LINE
  5
97
330
1F
100
AcDbEntity
  8
AM_0
100
AcDbLine
 10
-2.009500000000006
 20
-0.4500000000000042
 30
0.0
 11
-2.499999999999891
 21
-0.9404999999998911
 31
0.0
  0
LINE
  5
98
330
1F
100
AcDbEntity
  8
AM_0
100
AcDbLine
 10
2.499999999999891
 20
-0.9404999999998911
 30
0.0
 11
2.009500000000006
 21
-0.4500000000000042
 31
0.0
  0
LINE
  5
99
330
1F
100
AcDbEntity
  8
AM_0
100
AcDbLine
 10
2.499999999999891
 20
-0.9404999999998911
 30
0.0
 11
-2.499999999999891
 21
-0.9404999999998911
 31
0.0
  0
LINE
  5
9A
330
1F
100
AcDbEntity
  8
AM_0
100
AcDbLine
 10
-2.949999999999994
 20
18.14999999999998
 30
0.0
 11
-2.949999999999994
 21
17.05
 31
0.0
  0
LINE
  5
9B
330
1F
100
AcDbEntity
  8
AM_0
100
AcDbLine
 10
2.949999999999994
 20
17.05
 30
0.0
 11
2.949999999999994
 21
18.14999999999998
 31
0.0
  0
LINE
  5
9C
330
1F
100
AcDbEntity
  8
AM_0
100
AcDbLine
 10
5.193782217350929
 20
16.95
 30
0.0
 11
4.076218179890351
 21
16.95
 31
0.0
  0
LINE
  5
9D
330
1F
100
AcDbEntity
  8
AM_0
100
AcDbLine
 10
-4.399999999999973
 20
10.84999999999999
 30
0.0
 11
5.193782217350929
 21
10.84999999999996
 31
0.0
  0
LINE
  5
9E
330
1F
100
AcDbEntity
  8
AM_0
100
AcDbLine
 10
-3.49999999999995
 20
0.5499999999999927
 30
0.0
 11
-3.49999999999995
 21
-0.0000000000000074
 31
0.0
  0
LINE
  5
9F
330
1F
100
AcDbEntity
  8
AM_0
100
AcDbLine
 10
3.49999999999995
 20
-0.0000000000000074
 30
0.0
 11
3.49999999999995
 21
0.5499999999999927
 31
0.0
  0
LINE
  5
A0
330
1F
100
AcDbEntity
  8
AM_0
100
AcDbLine
 10
3.49999999999995
 20
-0.0000000000000074
 30
0.0
 11
-3.49999999999995
 21
-0.0000000000000074
 31
0.0
  0
LINE
  5
A1
330
1F
100
AcDbEntity
  8
AM_0
100
AcDbLine
 10
-4.732278971454478
 20
7.769615242270649
 30
0.0
 11
-4.732278971454478
 21
1.630384757729368
 31
0.0
  0
LWPOLYLINE
  5
A2
330
1F
100
AcDbEntity
  8
AM_0
100
AcDbPolyline
 90
        3
 70
     0
 43
0.0
 10
-3.897114317029994
 20
1.549999999999986
 10
-4.314696644242236
 20
1.570590258461087
 10
-4.732278971454478
 20
1.630384757729368
  0
LWPOLYLINE
  5
A3
330
1F
100
AcDbEntity
  8
AM_0
100
AcDbPolyline
 90
        3
 70
     0
 43
0.0
 10
4.732278971454478
 20
1.630384757729373
 10
4.315606366539567
 20
1.570679312646108
 10
3.897114317029994
 20
1.549999999999986
  0
LINE
  5
A4
330
1F
100
AcDbEntity
  8
AM_0
100
AcDbLine
 10
4.732278971454478
 20
7.769615242270641
 30
0.0
 11
4.732278971454478
 21
1.630384757729373
 31
0.0
  0
LINE
  5
A5
330
1F
100
AcDbEntity
  8
AM_0
100
AcDbLine
 10
15.7
 20
10.04999999999995
 30
0.0
 11
15.7
 21
17.75
 31
0.0
  0
LINE
  5
A6
330
1F
100
AcDbEntity
  8
AM_0
100
AcDbLine
 10
17.2
 20
10.04999999999995
 30
0.0
 11
17.2
 21
17.75
 31
0.0
  0
LINE
  5
A7
330
1F
100
AcDbEntity
  8
AM_0
100
AcDbLine
 10
17.2
 20
17.75
 30
0.0
 11
15.7
 21
17.75
 31
0.0
  0
LINE
  5
A8
330
1F
100
AcDbEntity
  8
AM_0
100
AcDbLine
 10
15.7
 20
10.04999999999995
 30
0.0
 11
17.2
 21
10.04999999999995
 31
0.0
  0
LINE
  5
A9
330
1F
100
AcDbEntity
  8
AM_0
100
AcDbLine
 10
-3.999999999999952
 20
1.549999999999991
 30
0.0
 11
-3.999999999999952
 21
0.5499999999999915
 31
0.0
  0
LINE
  5
AA
330
1F
100
AcDbEntity
  8
AM_0
100
AcDbLine
 10
3.999999999999952
 20
0.5499999999999915
 30
0.0
 11
3.999999999999952
 21
1.549999999999991
 31
0.0
  0
LINE
  5
AB
330
1F
100
AcDbEntity
  8
AM_0
100
AcDbLine
 10
3.999999999999951
 20
0.5499999999999915
 30
0.0
 11
-3.999999999999951
 21
0.5499999999999915
 31
0.0
  0
LINE
  5
AC
330
1F
100
AcDbEntity
  8
AM_0
100
AcDbLine
 10
5.193782217350929
 20
10.84999999999996
 30
0.0
 11
5.193782217350929
 21
16.95
 31
0.0
  0
LINE
  5
AD
330
1F
100
AcDbEntity
  8
AM_0
100
AcDbLine
 10
5.193782217350929
 20
10.84999999999996
 30
0.0
 11
5.799999999999996
 21
9.799999999999955
 31
0.0
  0
LINE
  5
AE
330
1F
100
AcDbEntity
  8
AM_0
100
AcDbLine
 10
5.799999999999996
 20
18.0
 30
0.0
 11
5.193782217350929
 21
16.95
 31
0.0
  0
LINE
  5
AF
330
1F
100
AcDbEntity
  8
AM_0
100
AcDbLine
 10
5.799999999999996
 20
9.799999999999955
 30
0.0
 11
5.799999999999996
 21
18.0
 31
0.0
  0
LINE
  5
B0
330
1F
100
AcDbEntity
  8
AM_0
100
AcDbLine
 10
14.79999999999996
 20
9.799999999999955
 30
0.0
 11
14.79999999999996
 21
18.0
 31
0.0
  0
LINE
  5
B1
330
1F
100
AcDbEntity
  8
AM_0
100
AcDbLine
 10
14.79999999999996
 20
18.0
 30
0.0
 11
5.799999999999996
 21
18.0
 31
0.0
  0
LINE
  5
B2
330
1F
100
AcDbEntity
  8
AM_0
100
AcDbLine
 10
5.799999999999996
 20
9.799999999999955
 30
0.0
 11
14.79999999999996
 21
9.799999999999955
 31
0.0
  0
LWPOLYLINE
  5
B3
330
1F
100
AcDbEntity
  8
AM_0
100
AcDbPolyline
 90
       35
 70
     0
 43
0.0
 10
4.27137916666102
 20
16.76132486540518
 10
4.205276749882007
 20
16.66168290105286
 10
4.128755232277161
 20
16.54369434089046
 10
4.040771746348875
 20
16.40407281701817
 10
3.945790794221412
 20
16.24771484464419
 10
3.84931196837739
 20
16.0816857800569
 10
3.750373098187898
 20
15.901948644599
 10
3.6487431108594
 20
15.70440908282747
 10
3.549294792725794
 20
15.4937357138719
 10
3.466018595991356
 20
15.29850033266175
 10
3.388612942392912
 20
15.09381643201671
 10
3.317698176772171
 20
14.87444165062235
 10
3.257996340016498
 20
14.64635122533649
 10
3.193769085596001
 20
14.27770487435183
 10
3.176689363612585
 20
14.08351679805285
 10
3.171379198146874
 20
13.8879161910339
 10
3.195405671463381
 20
13.50869780831076
 10
3.263532949292463
 20
13.12983942510801
 10
3.323898492026971
 20
12.90464727596497
 10
3.395025943197855
 20
12.68810018772715
 10
3.47668774641747
 20
12.47526042817241
 10
3.564452687182137
 20
12.27278675055773
 10
3.655840132824007
 20
12.08128797482803
 10
3.748896071131783
 20
11.90081972995234
 10
3.843600070055196
 20
11.72840982107789
 10
3.936162725302933
 20
11.56850327041518
 10
4.037305936727284
 20
11.40152134922633
 10
4.130671892794919
 20
11.25331333816667
 10
4.216542506611493
 20
11.12118761314174
 10
4.288618740255272
 20
11.01300316950829
 10
4.329998841131345
 20
10.95187978113471
 10
4.362356292997822
 20
10.90456139654672
 10
4.385485691704469
 20
10.87097108725874
 10
4.397874943845857
 20
10.85306645597452
 10
4.399999999999973
 20
10.84999999999999
  0
LINE
  5
B4
330
1F
100
AcDbEntity
  8
AM_0
100
AcDbLine
 10
-4.399999999999979
 20
16.76132486540518
 30
0.0
 11
-4.399999999999979
 21
10.84999999999999
 31
0.0
  0
LINE
  5
B5
330
1F
100
AcDbEntity
  8
AM_0
100
AcDbLine
 10
4.27137916666102
 20
16.76132486540518
 30
0.0
 11
-4.399999999999985
 21
16.76132486540518
 31
0.0
  0
LINE
  5
B6
330
1F
100
AcDbEntity
  8
AM_0
100
AcDbLine
 10
-3.899999999999992
 20
17.05
 30
0.0
 11
-4.399999999999985
 21
16.76132486540518
 31
0.0
  0
LINE
  5
B7
330
1F
100
AcDbEntity
  8
AM_0
100
AcDbLine
 10
4.076790416389093
 20
16.9479300055076
 30
0.0
 11
3.899999999999992
 21
17.05
 31
0.0
  0
LINE
  5
B8
330
1F
100
AcDbEntity
  8
AM_0
100
AcDbLine
 10
3.899999999999992
 20
17.05
 30
0.0
 11
-3.899999999999992
 21
17.05
 31
0.0
  0
LWPOLYLINE
  5
B9
330
1F
100
AcDbEntity
  8
AM_0
100
AcDbPolyline
 90
        5
 70
     0
 43
0.0
 10
4.073205080807389
 20
16.94999999994862
 10
4.089252980021019
 20
16.93377805754359
 10
4.14746296572151
 20
16.87648770718891
 10
4.252224179131398
 20
16.77860153135886
 10
4.27137916666102
 20
16.76132486540518
  0
LINE
  5
BA
330
1F
100
AcDbEntity
  8
AM_0
100
AcDbLine
 10
-4.299999999999998
 20
10.84999999999999
 30
0.0
 11
-4.499999999999973
 21
10.65000000000002
 31
0.0
  0
LINE
  5
BB
330
1F
100
AcDbEntity
  8
AM_0
100
AcDbLine
 10
4.499999999999973
 20
10.65000000000002
 30
0.0
 11
4.299999999999998
 21
10.84999999999999
 31
0.0
  0
LINE
  5
BC
330
1F
100
AcDbEntity
  8
AM_0
100
AcDbLine
 10
-4.499999999999972
 20
10.65000000000002
 30
0.0
 11
-4.499999999999972
 21
7.849999999999989
 31
0.0
  0
LINE
  5
BD
330
1F
100
AcDbEntity
  8
AM_0
100
AcDbLine
 10
4.499999999999972
 20
7.849999999999989
 30
0.0
 11
4.499999999999972
 21
10.65000000000002
 31
0.0
  0
LINE
  5
BE
330
1F
100
AcDbEntity
  8
AM_0
100
AcDbLine
 10
4.499999999999972
 20
10.65000000000002
 30
0.0
 11
-4.499999999999972
 21
10.65000000000002
 31
0.0
  0
LINE
  5
BF
330
1F
100
AcDbEntity
  8
AM_0
100
AcDbLine
 10
3.061949662605469
 20
7.769615242270637
 30
0.0
 11
3.061949662605469
 21
1.63038475772938
 31
0.0
  0
LINE
  5
C0
330
1F
100
AcDbEntity
  8
AM_0
100
AcDbLine
 10
-3.06194966260547
 20
7.769615242270629
 30
0.0
 11
-3.06194966260547
 21
1.630384757729374
 31
0.0
  0
LINE
  5
C1
330
1F
100
AcDbEntity
  8
AM_0
100
AcDbLine
 10
-1.670329308849008
 20
7.769615242270629
 30
0.0
 11
-1.670329308849008
 21
1.630384757729387
 31
0.0
  0
LINE
  5
C2
330
1F
100
AcDbEntity
  8
AM_0
100
AcDbLine
 10
1.670329308849007
 20
7.769615242270637
 30
0.0
 11
1.670329308849014
 21
1.63038475772938
 31
0.0
  0
LINE
  5
C3
330
1F
100
AcDbEntity
  8
AM_0
100
AcDbLine
 10
3.061949662605469
 20
1.63038475772938
 30
0.0
 11
1.670329308849014
 21
1.63038475772938
 31
0.0
  0
LWPOLYLINE
  5
C4
330
1F
100
AcDbEntity
  8
AM_0
100
AcDbPolyline
 90
        3
 70
     0
 43
0.0
 10
1.670329308849014
 20
1.63038475772938
 10
0.8369840990191688
 20
1.570679312646109
 10
-0.0000000000000003
 20
1.549999999999981
  0
LWPOLYLINE
  5
C5
330
1F
100
AcDbEntity
  8
AM_0
100
AcDbPolyline
 90
        3
 70
     0
 43
0.0
 10
3.897114317029994
 20
1.549999999999986
 10
3.479531989817732
 20
1.570590258461086
 10
3.061949662605469
 20
1.63038475772938
  0
LWPOLYLINE
  5
C6
330
1F
100
AcDbEntity
  8
AM_0
100
AcDbPolyline
 90
        3
 70
     0
 43
0.0
 10
-0.0000000000000003
 20
1.549999999999981
 10
-0.8351646544245043
 20
1.570590258461088
 10
-1.670329308849008
 20
1.630384757729387
  0
LINE
  5
C7
330
1F
100
AcDbEntity
  8
AM_0
100
AcDbLine
 10
-1.670329308849008
 20
1.630384757729387
 30
0.0
 11
-3.06194966260547
 21
1.630384757729374
 31
0.0
  0
LWPOLYLINE
  5
C8
330
1F
100
AcDbEntity
  8
AM_0
100
AcDbPolyline
 90
        3
 70
     0
 43
0.0
 10
-3.06194966260547
 20
1.630384757729374
 10
-3.478622267520401
 20
1.570679312646107
 10
-3.897114317029994
 20
1.549999999999986
  0
LINE
  5
C9
330
1F
100
AcDbEntity
  8
AM_0
100
AcDbLine
 10
-1.30929117139032
 20
7.8
 30
0.0
 11
1.309291171390395
 21
7.8
 31
0.0
  0
LINE
  5
CA
330
1F
100
AcDbEntity
  8
AM_0
100
AcDbLine
 10
-4.551759902725132
 20
7.8
 30
0.0
 11
-3.242468731334824
 21
7.8
 31
0.0
  0
LINE
  5
CB
330
1F
100
AcDbEntity
  8
AM_0
100
AcDbLine
 10
-3.242468731334824
 20
7.8
 30
0.0
 11
-3.06194966260547
 21
7.769615242270629
 31
0.0
  0
LINE
  5
CC
330
1F
100
AcDbEntity
  8
AM_0
100
AcDbLine
 10
-3.06194966260547
 20
7.769615242270629
 30
0.0
 11
-1.670329308849008
 21
7.769615242270629
 31
0.0
  0
LINE
  5
CD
330
1F
100
AcDbEntity
  8
AM_0
100
AcDbLine
 10
-1.670329308849008
 20
7.769615242270629
 30
0.0
 11
-1.30929117139032
 21
7.8
 31
0.0
  0
LINE
  5
CE
330
1F
100
AcDbEntity
  8
AM_0
100
AcDbLine
 10
1.309291171390395
 20
7.8
 30
0.0
 11
1.670329308849007
 21
7.769615242270637
 31
0.0
  0
LINE
  5
CF
330
1F
100
AcDbEntity
  8
AM_0
100
AcDbLine
 10
1.670329308849007
 20
7.769615242270637
 30
0.0
 11
3.061949662605469
 21
7.769615242270637
 31
0.0
  0
LINE
  5
D0
330
1F
100
AcDbEntity
  8
AM_0
100
AcDbLine
 10
3.061949662605469
 20
7.769615242270637
 30
0.0
 11
3.242468731334733
 21
7.8
 31
0.0
  0
LINE
  5
D1
330
1F
100
AcDbEntity
  8
AM_0
100
AcDbLine
 10
3.242468731334733
 20
7.8
 30
0.0
 11
4.551759902725264
 21
7.8
 31
0.0
  0
LINE
  5
D2
330
1F
100
AcDbEntity
  8
AM_0
100
AcDbLine
 10
4.551759902725264
 20
7.8
 30
0.0
 11
4.732278971454478
 21
7.769615242270641
 31
0.0
  0
LINE
  5
D3
330
1F
100
AcDbEntity
  8
AM_0
100
AcDbLine
 10
4.732278971454478
 20
7.769615242270641
 30
0.0
 11
4.800000000000074
 21
7.769615242270624
 31
0.0
  0
LINE
  5
D4
330
1F
100
AcDbEntity
  8
AM_0
100
AcDbLine
 10
-4.732278971454478
 20
7.769615242270649
 30
0.0
 11
-4.551759902725132
 21
7.8
 31
0.0
  0
LINE
  5
D5
330
1F
100
AcDbEntity
  8
AM_0
100
AcDbLine
 10
-4.499999999999973
 20
7.849999999999989
 30
0.0
 11
-4.799999999999995
 21
7.769615242270646
 31
0.0
  0
LINE
  5
D6
330
1F
100
AcDbEntity
  8
AM_0
100
AcDbLine
 10
4.800000000000007
 20
7.769615242270643
 30
0.0
 11
4.499999999999973
 21
7.849999999999989
 31
0.0
  0
LINE
  5
D7
330
1F
100
AcDbEntity
  8
AM_0
100
AcDbLine
 10
-4.800000000000024
 20
7.769615242270638
 30
0.0
 11
-4.732278971454478
 21
7.769615242270649
 31
0.0
  0
LINE
  5
D8
330
1F
100
AcDbEntity
  8
AM_0
100
AcDbLine
 10
4.499999999999973
 20
7.849999999999989
 30
0.0
 11
-4.499999999999973
 21
7.849999999999989
 31
0.0
  0
LINE
  5
D9
330
1F
100
AcDbEntity
  8
AM_0
100
AcDbLine
 10
-4.700000000000041
 20
23.49999999999999
 30
0.0
 11
-4.700000000000041
 21
18.15
 31
0.0
  0
LINE
  5
DA
330
1F
100
AcDbEntity
  8
AM_0
100
AcDbLine
 10
4.700000000000041
 20
18.15
 30
0.0
 11
4.700000000000041
 21
23.49999999999999
 31
0.0
  0
LINE
  5
DB
330
1F
100
AcDbEntity
  8
AM_0
100
AcDbLine
 10
4.700000000000045
 20
23.49999999999999
 30
0.0
 11
-4.700000000000045
 21
23.49999999999999
 31
0.0
  0
LINE
  5
DC
330
1F
100
AcDbEntity
  8
AM_0
100
AcDbLine
 10
4.700000000000021
 20
18.14999999999998
 30
0.0
 11
-4.700000000000045
 21
18.15
 31
0.0
  0
LINE
  5
DE
330
1F
100
AcDbEntity
  8
AM_5
100
AcDbLine
 10
-2.009500000000057
 20
-2.999999999999948
 30
0.0
 11
-2.009500000000057
 21
-0.4500000000000555
 31
0.0
  0
LINE
  5
DF
330
1F
100
AcDbEntity
  8
AM_5
100
AcDbLine
 10
2.009499999999943
 20
-3.000000000000002
 30
0.0
 11
2.009499999999954
 21
-0.4500000000000047
 31
0.0
  0
LINE
  5
E2
330
1F
100
AcDbEntity
  8
AM_7
100
AcDbLine
 10
0.0000000000000028
 20
24.825
 30
0.0
 11
-0.0000000000000597
 21
-4.32500000000001
 31
0.0
  0
LINE
  5
E3
330
1F
100
AcDbEntity
  8
AM_7
100
AcDbLine
 10
18.06
 20
13.89999999999998
 30
0.0
 11
-0.8599999999999928
 21
13.89999999999998
 31
0.0
  0
DIMENSION
  5
E4
330
1F
100
AcDbEntity
  8
AM_5
100
AcDbDimension
280
     0
  2
*D1
 10
23.95000076293945
 20
13.9
 30
0.0
 11
23.95000076293945
 21
5.449999999999999
 31
0.0
 70
   160
  1
16.9
 71
     5
 42
16.9
 73
     0
 74
     0
 75
     0
 53
90.0
  3
ISO-25
100
AcDbAlignedDimension
 13
0.0
 23
-3.0
 33
0.0
 14
17.2
 24
13.9
 34
0.0
 50
90.0
100
AcDbRotatedDimension
1001
ACAD
1000
DSTYLE
1002
{
1070
   147
1040
1.05
1070
    42
1040
0.0
1070
    44
1040
0.0
1070
    41
1040
3.5
1070
   140
1040
3.5
1002
}
  0
DIMENSION
  5
F5
330
1F
100
AcDbEntity
  8
AM_5
100
AcDbDimension
280
     0
  2
*D2
 10
28.95000076293945
 20
23.5
 30
0.0
 11
28.95000076293945
 21
10.25
 31
0.0
 70
   160
  1
26.5
 71
     5
 42
26.5
 73
     0
 74
     0
 75
     0
 53
90.0
  3
ISO-25
100
AcDbAlignedDimension
 13
0.0
 23
-3.0
 33
0.0
 14
0.0
 24
23.5
 34
0.0
 50
90.0
100
AcDbRotatedDimension
1001
ACAD
1000
DSTYLE
1002
{
1070
   147
1040
1.05
1070
    42
1040
0.0
1070
    44
1040
0.0
1070
    41
1040
3.5
1070
   140
1040
3.5
1002
}
  0
DIMENSION
  5
103
330
1F
100
AcDbEntity
  8
AM_5
100
AcDbDimension
280
     0
  2
*D3
 10
-11.55000019073486
 20
23.5
 30
0.0
 11
-11.55000019073486
 21
11.75
 31
0.0
 70
   160
  1
23.5
 71
     5
 42
23.5
 73
     0
 74
     0
 75
     0
 53
90.0
  3
ISO-25
100
AcDbAlignedDimension
 13
0.0
 23
0.0
 33
0.0
 14
0.0
 24
23.5
 34
0.0
 50
90.0
100
AcDbRotatedDimension
1001
ACAD
1000
DSTYLE
1002
{
1070
   147
1040
1.05
1070
    42
1040
0.0
1070
    44
1040
0.0
1070
    41
1040
3.5
1070
   140
1040
3.5
1002
}
  0
DIMENSION
  5
111
330
1F
100
AcDbEntity
  8
AM_5
100
AcDbDimension
280
     0
  2
*D4
 10
17.2
 20
-9.75
 30
0.0
 11
8.6
 21
-9.75
 31
0.0
 70
   160
  1
17.2
 71
     5
 42
17.2
 73
     0
 74
     0
 75
     0
  3
ISO-25
100
AcDbAlignedDimension
 13
0.0
 23
0.0
 33
0.0
 14
17.2
 24
13.9
 34
0.0
100
AcDbRotatedDimension
1001
ACAD
1000
DSTYLE
1002
{
1070
   147
1040
1.05
1070
    42
1040
0.0
1070
    44
1040
0.0
1070
    41
1040
3.5
1070
   140
1040
3.5
1002
}
  0
DIMENSION
  5
11E
330
1F
100
AcDbEntity
  8
AM_5
100
AcDbDimension
280
     0
  2
*D5
 10
17.2
 20
-14.75
 30
0.0
 11
6.199999999999999
 21
-14.75
 31
0.0
 70
   160
  1
22
 71
     5
 42
22.0
 73
     0
 74
     0
 75
     0
  3
ISO-25
100
AcDbAlignedDimension
 13
-4.800000000000001
 23
8.0
 33
0.0
 14
17.2
 24
13.9
 34
0.0
100
AcDbRotatedDimension
1001
ACAD
1000
DSTYLE
1002
{
1070
   147
1040
1.05
1070
    42
1040
0.0
1070
    44
1040
0.0
1070
    41
1040
3.5
1070
   140
1040
3.5
1002
}
  0
POINT
  5
12C
330
1F
100
AcDbEntity
  8
2d ConnectionPoints
100
AcDbPoint
 10
0.0
 20
-3.0
 30
0.0
  0
ENDSEC
  0
SECTION
  2
OBJECTS
  0
DICTIONARY
  5
C
330
0
100
AcDbDictionary
281
     1
  3
ACAD_DETAILVIEWSTYLE
350
134
  3
ACAD_GROUP
350
D
  3
ACAD_LAYOUT
350
1A
  3
ACAD_MATERIAL
350
43
  3
ACAD_MLEADERSTYLE
350
5B
  3
ACAD_MLINESTYLE
350
17
  3
ACAD_PLOTSETTINGS
350
19
  3
ACAD_PLOTSTYLENAME
350
E
  3
ACAD_SCALELIST
350
47
  3
ACAD_SECTIONVIEWSTYLE
350
135
  3
ACAD_TABLESTYLE
350
59
  3
ACAD_VISUALSTYLE
350
2A
  3
ACDB_RECOMPOSE_DATA
350
131
  3
AcDbVariableDictionary
350
12D
  0
SUN
  5
5D
330
29
100
AcDbSun
 90
        1
290
     0
 63
     7
421
 16777215
 40
1.0
291
     1
 91
  2455826
 92
 54000000
292
     0
 70
     2
 71
   256
280
     1
  0
DICTIONARY
  5
134
102
{ACAD_REACTORS
330
C
102
}
330
C
100
AcDbDictionary
281
     1
  0
DICTIONARY
  5
D
102
{ACAD_REACTORS
330
C
102
}
330
C
100
AcDbDictionary
281
     1
  0
DICTIONARY
  5
1A
102
{ACAD_REACTORS
330
C
102
}
330
C
100
AcDbDictionary
281
     1
  3
Layout1
350
1E
  3
Layout2
350
26
  3
Model
350
22
  0
DICTIONARY
  5
43
102
{ACAD_REACTORS
330
C
102
}
330
C
100
AcDbDictionary
281
     1
  3
ByBlock
350
45
  3
ByLayer
350
44
  3
Global
350
46
  0
DICTIONARY
  5
5B
102
{ACAD_REACTORS
330
C
102
}
330
C
100
AcDbDictionary
281
     1
  3
Standard
350
5C
  0
DICTIONARY
  5
17
102
{ACAD_REACTORS
330
C
102
}
330
C
100
AcDbDictionary
281
     1
  3
Standard
350
18
  0
DICTIONARY
  5
19
102
{ACAD_REACTORS
330
C
102
}
330
C
100
AcDbDictionary
281
     1
  0
ACDBDICTIONARYWDFLT
  5
E
102
{ACAD_REACTORS
330
C
102
}
330
C
100
AcDbDictionary
281
     1
  3
Normal
350
F
100
AcDbDictionaryWithDefault
340
F
  0
DICTIONARY
  5
47
102
{ACAD_REACTORS
330
C
102
}
330
C
100
AcDbDictionary
281
     1
  3
A0
350
48
  3
A1
350
49
  3
A2
350
4A
  3
A3
350
4B
  3
A4
350
4C
  3
A5
350
4D
  3
A6
350
4E
  3
A7
350
4F
  3
A8
350
50
  3
A9
350
51
  3
B0
350
52
  3
B1
350
53
  3
B2
350
54
  3
B3
350
55
  3
B4
350
56
  3
B5
350
57
  3
B6
350
58
  0
DICTIONARY
  5
135
102
{ACAD_REACTORS
330
C
102
}
330
C
100
AcDbDictionary
281
     1
  0
DICTIONARY
  5
59
102
{ACAD_REACTORS
330
C
102
}
330
C
100
AcDbDictionary
281
     1
  3
Standard
350
5A
  0
DICTIONARY
  5
2A
102
{ACAD_REACTORS
330
C
102
}
330
C
100
AcDbDictionary
281
     1
  3
2dWireframe
350
2F
  3
Basic
350
32
  3
Brighten
350
36
  3
ColorChange
350
3A
  3
Conceptual
350
34
  3
Dim
350
35
  3
EdgeColorOff
350
3D
  3
Facepattern
350
39
  3
Flat
350
2B
  3
FlatWithEdges
350
2C
  3
Gouraud
350
2D
  3
GouraudWithEdges
350
2E
  3
Hidden
350
31
  3
JitterOff
350
3B
  3
Linepattern
350
38
  3
OverhangOff
350
3C
  3
Realistic
350
33
  3
Shaded
350
42
  3
Shaded with edges
350
41
  3
Shades of Gray
350
3E
  3
Sketchy
350
3F
  3
Thicken
350
37
  3
Wireframe
350
30
  3
X-Ray
350
40
  0
XRECORD
  5
131
102
{ACAD_REACTORS
330
C
102
}
330
C
100
AcDbXrecord
280
     1
 90
        1
330
5A
  0
DICTIONARY
  5
12D
102
{ACAD_REACTORS
330
C
102
}
330
C
100
AcDbDictionary
281
     1
  3
CANNOSCALE
350
12E
  3
CENTEREXE
350
136
  3
CENTERLTYPEFILE
350
137
  3
CMLEADERSTYLE
350
133
  3
CTABLESTYLE
350
132
  0
LAYOUT
  5
1E
102
{ACAD_REACTORS
330
1A
102
}
330
1A
100
AcDbPlotSettings
  1

  2
none_device
  4

  6

 40
0.0
 41
0.0
 42
0.0
 43
0.0
 44
0.0
 45
0.0
 46
0.0
 47
0.0
 48
0.0
 49
0.0
140
0.0
141
0.0
142
1.0
143
1.0
 70
   688
 72
     1
 73
     0
 74
     5
  7

 75
    16
 76
     0
 77
     2
 78
   300
147
1.0
148
0.0
149
0.0
100
AcDbLayout
  1
Layout1
 70
     1
 71
     1
 10
0.0
 20
0.0
 11
420.0
 21
297.0
 12
0.0
 22
0.0
 32
0.0
 14
1.000000000000000E+20
 24
1.000000000000000E+20
 34
1.000000000000000E+20
 15
-1.000000000000000E+20
 25
-1.000000000000000E+20
 35
-1.000000000000000E+20
146
0.0
 13
0.0
 23
0.0
 33
0.0
 16
1.0
 26
0.0
 36
0.0
 17
0.0
 27
1.0
 37
0.0
 76
     0
330
1B
  0
LAYOUT
  5
26
102
{ACAD_REACTORS
330
1A
102
}
330
1A
100
AcDbPlotSettings
  1

  2
none_device
  4

  6

 40
0.0
 41
0.0
 42
0.0
 43
0.0
 44
0.0
 45
0.0
 46
0.0
 47
0.0
 48
0.0
 49
0.0
140
0.0
141
0.0
142
1.0
143
1.0
 70
   688
 72
     1
 73
     0
 74
     5
  7

 75
    16
 76
     0
 77
     2
 78
   300
147
1.0
148
0.0
149
0.0
100
AcDbLayout
  1
Layout2
 70
     1
 71
     2
 10
0.0
 20
0.0
 11
0.0
 21
0.0
 12
0.0
 22
0.0
 32
0.0
 14
0.0
 24
0.0
 34
0.0
 15
0.0
 25
0.0
 35
0.0
146
0.0
 13
0.0
 23
0.0
 33
0.0
 16
1.0
 26
0.0
 36
0.0
 17
0.0
 27
1.0
 37
0.0
 76
     0
330
23
  0
LAYOUT
  5
22
102
{ACAD_REACTORS
330
1A
102
}
330
1A
100
AcDbPlotSettings
  1

  2
none_device
  4
Letter_(8.50_x_11.00_Inches)
  6

 40
6.35
 41
6.35
 42
6.35000508
 43
6.35000508
 44
215.9
 45
279.4
 46
0.0
 47
0.0
 48
0.0
 49
0.0
140
0.0
141
0.0
142
1.0
143
1.0
 70
  1712
 72
     1
 73
     0
 74
     0
  7

 75
     0
 76
     0
 77
     2
 78
   300
147
1.0
148
0.0
149
0.0
100
AcDbLayout
  1
Model
 70
     1
 71
     0
 10
0.0
 20
0.0
 11
420.0
 21
297.0
 12
0.0
 22
0.0
 32
0.0
 14
-13.33677985175181
 24
-15.33333333333333
 34
0.0
 15
30.73678042395641
 25
25.33042372881356
 35
0.0
146
0.0
 13
0.0
 23
0.0
 33
0.0
 16
1.0
 26
0.0
 36
0.0
 17
0.0
 27
1.0
 37
0.0
 76
     0
330
1F
331
29
  0
MATERIAL
  5
45
102
{ACAD_REACTORS
330
43
102
}
330
43
100
AcDbMaterial
  1
ByBlock
 72
     1
 94
      127
  0
MATERIAL
  5
44
102
{ACAD_REACTORS
330
43
102
}
330
43
100
AcDbMaterial
  1
ByLayer
 72
     1
 94
      127
  0
MATERIAL
  5
46
102
{ACAD_REACTORS
330
43
102
}
330
43
100
AcDbMaterial
  1
Global
 72
     1
 94
      127
  0
MLEADERSTYLE
  5
5C
102
{ACAD_REACTORS
330
5B
102
}
330
5B
100
AcDbMLeaderStyle
179
     2
170
     2
171
     1
172
     0
 90
        2
 40
0.0
 41
0.0
173
     1
 91
-1056964608
340
14
 92
       -2
290
     1
 42
2.0
291
     1
 43
8.0
  3
Standard
341
0
 44
4.0
300

342
11
174
     1
178
     6
175
     1
176
     0
 93
-1056964608
 45
4.0
292
     0
297
     0
 46
4.0
343
0
 94
-1056964608
 47
1.0
 49
1.0
140
1.0
293
     1
141
0.0
294
     1
177
     0
142
1.0
295
     0
296
     0
143
3.75
271
     0
272
     9
273
     9
298
     0
  0
MLINESTYLE
  5
18
102
{ACAD_REACTORS
330
17
102
}
330
17
100
AcDbMlineStyle
  2
Standard
 70
     0
  3

 62
   256
 51
90.0
 52
90.0
 71
     2
 49
0.5
 62
   256
  6
BYLAYER
 49
-0.5
 62
   256
  6
BYLAYER
  0
ACDBPLACEHOLDER
  5
F
102
{ACAD_REACTORS
330
E
102
}
330
E
  0
SCALE
  5
48
102
{ACAD_REACTORS
330
47
102
}
330
47
100
AcDbScale
 70
     0
300
1:1
140
1.0
141
1.0
290
     1
  0
SCALE
  5
49
102
{ACAD_REACTORS
330
47
102
}
330
47
100
AcDbScale
 70
     0
300
1:2
140
1.0
141
2.0
290
     0
  0
SCALE
  5
4A
102
{ACAD_REACTORS
330
47
102
}
330
47
100
AcDbScale
 70
     0
300
1:4
140
1.0
141
4.0
290
     0
  0
SCALE
  5
4B
102
{ACAD_REACTORS
330
47
102
}
330
47
100
AcDbScale
 70
     0
300
1:5
140
1.0
141
5.0
290
     0
  0
SCALE
  5
4C
102
{ACAD_REACTORS
330
47
102
}
330
47
100
AcDbScale
 70
     0
300
1:8
140
1.0
141
8.0
290
     0
  0
SCALE
  5
4D
102
{ACAD_REACTORS
330
47
102
}
330
47
100
AcDbScale
 70
     0
300
1:10
140
1.0
141
10.0
290
     0
  0
SCALE
  5
4E
102
{ACAD_REACTORS
330
47
102
}
330
47
100
AcDbScale
 70
     0
300
1:16
140
1.0
141
16.0
290
     0
  0
SCALE
  5
4F
102
{ACAD_REACTORS
330
47
102
}
330
47
100
AcDbScale
 70
     0
300
1:20
140
1.0
141
20.0
290
     0
  0
SCALE
  5
50
102
{ACAD_REACTORS
330
47
102
}
330
47
100
AcDbScale
 70
     0
300
1:30
140
1.0
141
30.0
290
     0
  0
SCALE
  5
51
102
{ACAD_REACTORS
330
47
102
}
330
47
100
AcDbScale
 70
     0
300
1:40
140
1.0
141
40.0
290
     0
  0
SCALE
  5
52
102
{ACAD_REACTORS
330
47
102
}
330
47
100
AcDbScale
 70
     0
300
1:50
140
1.0
141
50.0
290
     0
  0
SCALE
  5
53
102
{ACAD_REACTORS
330
47
102
}
330
47
100
AcDbScale
 70
     0
300
1:100
140
1.0
141
100.0
290
     0
  0
SCALE
  5
54
102
{ACAD_REACTORS
330
47
102
}
330
47
100
AcDbScale
 70
     0
300
2:1
140
2.0
141
1.0
290
     0
  0
SCALE
  5
55
102
{ACAD_REACTORS
330
47
102
}
330
47
100
AcDbScale
 70
     0
300
4:1
140
4.0
141
1.0
290
     0
  0
SCALE
  5
56
102
{ACAD_REACTORS
330
47
102
}
330
47
100
AcDbScale
 70
     0
300
8:1
140
8.0
141
1.0
290
     0
  0
SCALE
  5
57
102
{ACAD_REACTORS
330
47
102
}
330
47
100
AcDbScale
 70
     0
300
10:1
140
10.0
141
1.0
290
     0
  0
SCALE
  5
58
102
{ACAD_REACTORS
330
47
102
}
330
47
100
AcDbScale
 70
     0
300
100:1
140
100.0
141
1.0
290
     0
  0
TABLESTYLE
  5
5A
102
{ACAD_REACTORS
330
59
102
}
102
{ACAD_XDICTIONARY
360
12F
102
}
330
59
100
AcDbTableStyle
  3
Standard
 70
     0
 71
     0
 40
0.06
 41
0.06
280
     0
281
     0
  7
Standard
140
4.5
170
     2
 62
     0
 63
   257
283
     0
 90
        4
 91
        0
  1

274
    -2
284
     1
 64
     0
275
    -2
285
     1
 65
     0
276
    -2
286
     1
 66
     0
277
    -2
287
     1
 67
     0
278
    -2
288
     1
 68
     0
279
    -2
289
     1
 69
     0
  7
Standard
140
6.0
170
     5
 62
     0
 63
   257
283
     0
 90
        4
 91
        0
  1

274
    -2
284
     1
 64
     0
275
    -2
285
     1
 65
     0
276
    -2
286
     1
 66
     0
277
    -2
287
     1
 67
     0
278
    -2
288
     1
 68
     0
279
    -2
289
     1
 69
     0
  7
Standard
140
4.5
170
     5
 62
     0
 63
   257
283
     0
 90
        4
 91
        0
  1

274
    -2
284
     1
 64
     0
275
    -2
285
     1
 65
     0
276
    -2
286
     1
 66
     0
277
    -2
287
     1
 67
     0
278
    -2
288
     1
 68
     0
279
    -2
289
     1
 69
     0
  0
VISUALSTYLE
  5
2F
102
{ACAD_REACTORS
330
2A
102
}
330
2A
100
AcDbVisualStyle
  2
2dWireframe
 70
     4
177
     3
291
     0
 70
    58
 90
        0
176
     1
 90
        2
176
     1
 90
        0
176
     1
 90
        0
176
     1
 40
0.6
176
     1
 40
30.0
176
     1
 62
     7
420
 16777215
176
     1
 90
        1
176
     1
 90
        4
176
     1
 62
     7
176
     1
 62
   257
176
     1
 90
        1
176
     1
 90
        1
176
     1
 40
1.0
176
     1
 90
        0
176
     1
 62
   257
176
     1
 40
1.0
176
     1
 90
        1
176
     1
 90
        6
176
     1
 90
        2
176
     1
 62
     7
176
     1
 90
        5
176
     1
 90
        0
176
     1
 90
        0
176
     1
290
     0
176
     1
 90
        1
176
     1
 40
0.0
176
     1
 90
        0
176
     1
290
     1
176
     1
290
     1
176
     1
290
     0
176
     1
290
     0
176
     1
290
     0
176
     1
290
     0
176
     1
290
     0
176
     1
290
     0
176
     1
290
     0
176
     1
 90
       50
176
     1
 40
0.0
176
     1
 40
1.0
176
     1
 90
        0
176
     1
 62
    18
420
        0
176
     1
 90
       50
176
     1
 90
        3
176
     1
 62
     5
420
      255
176
     1
290
     0
176
     1
 90
       50
176
     1
 90
       50
176
     1
 90
       50
176
     1
290
     0
176
     1
 90
       50
176
     1
 62
   256
176
     0
 40
1.0
176
     0
 90
        2
176
     1
  1
strokes_ogs.tif
176
     1
290
     0
176
     1
 40
1.0
176
     1
 40
1.0
176
     1
  0
VISUALSTYLE
  5
32
102
{ACAD_REACTORS
330
2A
102
}
330
2A
100
AcDbVisualStyle
  2
Basic
 70
     7
177
     3
291
     1
 70
    58
 90
        1
176
     1
 90
        0
176
     1
 90
        1
176
     1
 90
        0
176
     1
 40
0.6
176
     1
 40
30.0
176
     1
 62
     7
420
 16777215
176
     1
 90
        0
176
     1
 90
        4
176
     1
 62
     7
176
     1
 62
   257
176
     1
 90
        1
176
     1
 90
        1
176
     1
 40
1.0
176
     1
 90
        8
176
     1
 62
     7
176
     1
 40
1.0
176
     1
 90
        1
176
     1
 90
        6
176
     1
 90
        2
176
     1
 62
     7
176
     1
 90
        5
176
     1
 90
        0
176
     1
 90
        0
176
     1
290
     0
176
     1
 90
        1
176
     1
 40
0.0
176
     1
 90
        0
176
     1
290
     0
176
     1
290
     1
176
     1
290
     1
176
     1
290
     0
176
     1
290
     0
176
     1
290
     0
176
     1
290
     0
176
     1
290
     0
176
     1
290
     0
176
     1
 90
       50
176
     1
 40
0.0
176
     1
 40
1.0
176
     1
 90
        0
176
     1
 62
    18
420
        0
176
     1
 90
       50
176
     1
 90
        3
176
     1
 62
     5
420
      255
176
     1
290
     0
176
     1
 90
       50
176
     1
 90
       50
176
     1
 90
       50
176
     1
290
     0
176
     1
 90
       50
176
     1
 62
   256
176
     0
 40
1.0
176
     0
 90
        2
176
     1
  1
strokes_ogs.tif
176
     1
290
     0
176
     1
 40
1.0
176
     1
 40
1.0
176
     1
  0
VISUALSTYLE
  5
36
102
{ACAD_REACTORS
330
2A
102
}
330
2A
100
AcDbVisualStyle
  2
Brighten
 70
    12
177
     3
291
     1
 70
    58
 90
        2
176
     1
 90
        2
176
     1
 90
        0
176
     1
 90
        0
176
     1
 40
0.6
176
     1
 40
30.0
176
     1
 62
     7
420
 16777215
176
     1
 90
        1
176
     1
 90
        4
176
     1
 62
     7
176
     1
 62
   257
176
     1
 90
        1
176
     1
 90
        1
176
     1
 40
1.0
176
     1
 90
        8
176
     1
 62
     7
176
     1
 40
1.0
176
     1
 90
        1
176
     1
 90
        6
176
     1
 90
        2
176
     1
 62
     7
176
     1
 90
        5
176
     1
 90
        0
176
     1
 90
        0
176
     1
290
     0
176
     1
 90
        1
176
     1
 40
50.0
176
     1
 90
        0
176
     1
290
     0
176
     1
290
     1
176
     1
290
     1
176
     1
290
     0
176
     1
290
     0
176
     1
290
     0
176
     1
290
     0
176
     1
290
     0
176
     1
290
     0
176
     1
 90
       50
176
     1
 40
0.0
176
     1
 40
1.0
176
     1
 90
        0
176
     1
 62
    18
420
        0
176
     1
 90
       50
176
     1
 90
        3
176
     1
 62
     5
420
      255
176
     1
290
     0
176
     1
 90
       50
176
     1
 90
       50
176
     1
 90
       50
176
     1
290
     0
176
     1
 90
       50
176
     1
 62
   256
176
     0
 40
1.0
176
     0
 90
        2
176
     1
  1
strokes_ogs.tif
176
     1
290
     0
176
     1
 40
1.0
176
     1
 40
1.0
176
     1
  0
VISUALSTYLE
  5
3A
102
{ACAD_REACTORS
330
2A
102
}
330
2A
100
AcDbVisualStyle
  2
ColorChange
 70
    16
177
     3
291
     1
 70
    58
 90
        2
176
     1
 90
        2
176
     1
 90
        3
176
     1
 90
        0
176
     1
 40
0.6
176
     1
 40
30.0
176
     1
 62
     8
420
  8421504
176
     1
 90
        1
176
     1
 90
        4
176
     1
 62
     7
176
     1
 62
   257
176
     1
 90
        1
176
     1
 90
        1
176
     1
 40
1.0
176
     1
 90
        8
176
     1
 62
     8
420
  8421504
176
     1
 40
1.0
176
     1
 90
        1
176
     1
 90
        6
176
     1
 90
        2
176
     1
 62
     7
176
     1
 90
        5
176
     1
 90
        0
176
     1
 90
        0
176
     1
290
     0
176
     1
 90
        1
176
     1
 40
0.0
176
     1
 90
        0
176
     1
290
     0
176
     1
290
     1
176
     1
290
     1
176
     1
290
     0
176
     1
290
     0
176
     1
290
     0
176
     1
290
     0
176
     1
290
     0
176
     1
290
     0
176
     1
 90
       50
176
     1
 40
0.0
176
     1
 40
1.0
176
     1
 90
        0
176
     1
 62
    18
420
        0
176
     1
 90
       50
176
     1
 90
        3
176
     1
 62
     5
420
      255
176
     1
290
     0
176
     1
 90
       50
176
     1
 90
       50
176
     1
 90
       50
176
     1
290
     0
176
     1
 90
       50
176
     1
 62
   256
176
     0
 40
1.0
176
     0
 90
        2
176
     1
  1
strokes_ogs.tif
176
     1
290
     0
176
     1
 40
1.0
176
     1
 40
1.0
176
     1
  0
VISUALSTYLE
  5
34
102
{ACAD_REACTORS
330
2A
102
}
330
2A
100
AcDbVisualStyle
  2
Conceptual
 70
     9
177
     3
291
     0
 70
    58
 90
        3
176
     1
 90
        2
176
     1
 90
        0
176
     1
 90
        0
176
     1
 40
0.6
176
     1
 40
30.0
176
     1
 62
     7
420
 16777215
176
     1
 90
        2
176
     1
 90
        2
176
     1
 62
     7
176
     1
 62
   257
176
     1
 90
        1
176
     1
 90
        1
176
     1
 40
179.0
176
     1
 90
        8
176
     1
 62
     7
176
     1
 40
1.0
176
     1
 90
        1
176
     1
 90
        6
176
     1
 90
        2
176
     1
 62
     7
176
     1
 90
        3
176
     1
 90
        0
176
     1
 90
        0
176
     1
290
     0
176
     1
 90
        1
176
     1
 40
0.0
176
     1
 90
        0
176
     1
290
     0
176
     1
290
     1
176
     1
290
     1
176
     1
290
     0
176
     1
290
     0
176
     1
290
     0
176
     1
290
     0
176
     1
290
     0
176
     1
290
     0
176
     1
 90
       50
176
     1
 40
0.0
176
     1
 40
1.0
176
     1
 90
        0
176
     1
 62
    18
420
        0
176
     1
 90
       50
176
     1
 90
        3
176
     1
 62
     5
420
      255
176
     1
290
     0
176
     1
 90
       50
176
     1
 90
       50
176
     1
 90
       50
176
     1
290
     0
176
     1
 90
       50
176
     1
 62
   256
176
     0
 40
1.0
176
     0
 90
        2
176
     1
  1
strokes_ogs.tif
176
     1
290
     0
176
     1
 40
1.0
176
     1
 40
1.0
176
     1
  0
VISUALSTYLE
  5
35
102
{ACAD_REACTORS
330
2A
102
}
330
2A
100
AcDbVisualStyle
  2
Dim
 70
    11
177
     3
291
     1
 70
    58
 90
        2
176
     1
 90
        2
176
     1
 90
        0
176
     1
 90
        0
176
     1
 40
0.6
176
     1
 40
30.0
176
     1
 62
     7
420
 16777215
176
     1
 90
        1
176
     1
 90
        4
176
     1
 62
     7
176
     1
 62
   257
176
     1
 90
        1
176
     1
 90
        1
176
     1
 40
1.0
176
     1
 90
        8
176
     1
 62
     7
176
     1
 40
1.0
176
     1
 90
        1
176
     1
 90
        6
176
     1
 90
        2
176
     1
 62
     7
176
     1
 90
        5
176
     1
 90
        0
176
     1
 90
        0
176
     1
290
     0
176
     1
 90
        1
176
     1
 40
-50.0
176
     1
 90
        0
176
     1
290
     0
176
     1
290
     1
176
     1
290
     1
176
     1
290
     0
176
     1
290
     0
176
     1
290
     0
176
     1
290
     0
176
     1
290
     0
176
     1
290
     0
176
     1
 90
       50
176
     1
 40
0.0
176
     1
 40
1.0
176
     1
 90
        0
176
     1
 62
    18
420
        0
176
     1
 90
       50
176
     1
 90
        3
176
     1
 62
     5
420
      255
176
     1
290
     0
176
     1
 90
       50
176
     1
 90
       50
176
     1
 90
       50
176
     1
290
     0
176
     1
 90
       50
176
     1
 62
   256
176
     0
 40
1.0
176
     0
 90
        2
176
     1
  1
strokes_ogs.tif
176
     1
290
     0
176
     1
 40
1.0
176
     1
 40
1.0
176
     1
  0
VISUALSTYLE
  5
3D
102
{ACAD_REACTORS
330
2A
102
}
330
2A
100
AcDbVisualStyle
  2
EdgeColorOff
 70
    22
177
     3
291
     1
 70
    58
 90
        2
176
     0
 90
        2
176
     0
 90
        0
176
     0
 90
        0
176
     0
 40
0.6
176
     0
 40
30.0
176
     0
 62
     7
420
 16777215
176
     0
 90
        1
176
     0
 90
        4
176
     0
 62
     7
176
     0
 62
   257
176
     0
 90
        1
176
     0
 90
        1
176
     0
 40
1.0
176
     0
 90
        8
176
     2
 62
     7
176
     0
 40
1.0
176
     0
 90
        1
176
     0
 90
        6
176
     0
 90
        2
176
     0
 62
     7
176
     0
 90
        5
176
     0
 90
        0
176
     0
 90
        0
176
     0
290
     0
176
     0
 90
        1
176
     0
 40
0.0
176
     0
 90
        0
176
     0
290
     0
176
     0
290
     1
176
     0
290
     1
176
     0
290
     0
176
     0
290
     0
176
     0
290
     0
176
     0
290
     0
176
     0
290
     0
176
     0
290
     0
176
     0
 90
       50
176
     0
 40
0.0
176
     0
 40
1.0
176
     0
 90
        0
176
     0
 62
    18
420
        0
176
     0
 90
       50
176
     0
 90
        3
176
     0
 62
     5
420
      255
176
     0
290
     0
176
     0
 90
       50
176
     0
 90
       50
176
     0
 90
       50
176
     0
290
     0
176
     0
 90
       50
176
     0
 62
   256
176
     0
 40
1.0
176
     0
 90
        2
176
     0
  1
strokes_ogs.tif
176
     0
290
     0
176
     0
 40
1.0
176
     0
 40
1.0
176
     0
  0
VISUALSTYLE
  5
39
102
{ACAD_REACTORS
330
2A
102
}
330
2A
100
AcDbVisualStyle
  2
Facepattern
 70
    15
177
     3
291
     1
 70
    58
 90
        2
176
     1
 90
        2
176
     1
 90
        0
176
     1
 90
        0
176
     1
 40
0.6
176
     1
 40
30.0
176
     1
 62
     7
420
 16777215
176
     1
 90
        1
176
     1
 90
        4
176
     1
 62
     7
176
     1
 62
   257
176
     1
 90
        1
176
     1
 90
        1
176
     1
 40
1.0
176
     1
 90
        8
176
     1
 62
     7
176
     1
 40
1.0
176
     1
 90
        1
176
     1
 90
        6
176
     1
 90
        2
176
     1
 62
     7
176
     1
 90
        5
176
     1
 90
        0
176
     1
 90
        0
176
     1
290
     0
176
     1
 90
        1
176
     1
 40
0.0
176
     1
 90
        0
176
     1
290
     0
176
     1
290
     1
176
     1
290
     1
176
     1
290
     0
176
     1
290
     0
176
     1
290
     0
176
     1
290
     0
176
     1
290
     0
176
     1
290
     0
176
     1
 90
       50
176
     1
 40
0.0
176
     1
 40
1.0
176
     1
 90
        0
176
     1
 62
    18
420
        0
176
     1
 90
       50
176
     1
 90
        3
176
     1
 62
     5
420
      255
176
     1
290
     0
176
     1
 90
       50
176
     1
 90
       50
176
     1
 90
       50
176
     1
290
     0
176
     1
 90
       50
176
     1
 62
   256
176
     0
 40
1.0
176
     0
 90
        2
176
     1
  1
strokes_ogs.tif
176
     1
290
     0
176
     1
 40
1.0
176
     1
 40
1.0
176
     1
  0
VISUALSTYLE
  5
2B
102
{ACAD_REACTORS
330
2A
102
}
330
2A
100
AcDbVisualStyle
  2
Flat
 70
     0
177
     3
291
     1
 70
    58
 90
        2
176
     1
 90
        1
176
     1
 90
        1
176
     1
 90
        2
176
     1
 40
0.6
176
     1
 40
30.0
176
     1
 62
     7
420
 16777215
176
     1
 90
        0
176
     1
 90
        0
176
     1
 62
     7
176
     1
 62
   257
176
     1
 90
        1
176
     1
 90
        1
176
     1
 40
1.0
176
     1
 90
        8
176
     1
 62
     7
176
     1
 40
1.0
176
     1
 90
        1
176
     1
 90
        6
176
     1
 90
        2
176
     1
 62
     7
176
     1
 90
        5
176
     1
 90
        0
176
     1
 90
        0
176
     1
290
     0
176
     1
 90
       13
176
     1
 40
0.0
176
     1
 90
        0
176
     1
290
     0
176
     1
290
     1
176
     1
290
     1
176
     1
290
     0
176
     1
290
     0
176
     1
290
     0
176
     1
290
     0
176
     1
290
     0
176
     1
290
     0
176
     1
 90
       50
176
     1
 40
0.0
176
     1
 40
1.0
176
     1
 90
        0
176
     1
 62
    18
420
        0
176
     1
 90
       50
176
     1
 90
        3
176
     1
 62
     5
420
      255
176
     1
290
     0
176
     1
 90
       50
176
     1
 90
       50
176
     1
 90
       50
176
     1
290
     0
176
     1
 90
       50
176
     1
 62
   256
176
     0
 40
1.0
176
     0
 90
        2
176
     1
  1
strokes_ogs.tif
176
     1
290
     0
176
     1
 40
1.0
176
     1
 40
1.0
176
     1
  0
VISUALSTYLE
  5
2C
102
{ACAD_REACTORS
330
2A
102
}
330
2A
100
AcDbVisualStyle
  2
FlatWithEdges
 70
     1
177
     3
291
     1
 70
    58
 90
        2
176
     1
 90
        1
176
     1
 90
        1
176
     1
 90
        2
176
     1
 40
0.6
176
     1
 40
30.0
176
     1
 62
     7
420
 16777215
176
     1
 90
        1
176
     1
 90
        0
176
     1
 62
     7
176
     1
 62
   257
176
     1
 90
        1
176
     1
 90
        1
176
     1
 40
1.0
176
     1
 90
        0
176
     1
 62
   257
176
     1
 40
1.0
176
     1
 90
        1
176
     1
 90
        6
176
     1
 90
        2
176
     1
 62
     7
176
     1
 90
        5
176
     1
 90
        0
176
     1
 90
        0
176
     1
290
     0
176
     1
 90
       13
176
     1
 40
0.0
176
     1
 90
        0
176
     1
290
     0
176
     1
290
     1
176
     1
290
     1
176
     1
290
     0
176
     1
290
     0
176
     1
290
     0
176
     1
290
     0
176
     1
290
     0
176
     1
290
     0
176
     1
 90
       50
176
     1
 40
0.0
176
     1
 40
1.0
176
     1
 90
        0
176
     1
 62
    18
420
        0
176
     1
 90
       50
176
     1
 90
        3
176
     1
 62
     5
420
      255
176
     1
290
     0
176
     1
 90
       50
176
     1
 90
       50
176
     1
 90
       50
176
     1
290
     0
176
     1
 90
       50
176
     1
 62
   256
176
     0
 40
1.0
176
     0
 90
        2
176
     1
  1
strokes_ogs.tif
176
     1
290
     0
176
     1
 40
1.0
176
     1
 40
1.0
176
     1
  0
VISUALSTYLE
  5
2D
102
{ACAD_REACTORS
330
2A
102
}
330
2A
100
AcDbVisualStyle
  2
Gouraud
 70
     2
177
     3
291
     1
 70
    58
 90
        2
176
     1
 90
        2
176
     1
 90
        1
176
     1
 90
        2
176
     1
 40
0.6
176
     1
 40
30.0
176
     1
 62
     7
420
 16777215
176
     1
 90
        0
176
     1
 90
        0
176
     1
 62
     7
176
     1
 62
   257
176
     1
 90
        1
176
     1
 90
        1
176
     1
 40
1.0
176
     1
 90
        0
176
     1
 62
     7
176
     1
 40
1.0
176
     1
 90
        1
176
     1
 90
        6
176
     1
 90
        2
176
     1
 62
     7
176
     1
 90
        5
176
     1
 90
        0
176
     1
 90
        0
176
     1
290
     0
176
     1
 90
       13
176
     1
 40
0.0
176
     1
 90
        0
176
     1
290
     0
176
     1
290
     1
176
     1
290
     1
176
     1
290
     0
176
     1
290
     0
176
     1
290
     0
176
     1
290
     0
176
     1
290
     0
176
     1
290
     0
176
     1
 90
       50
176
     1
 40
0.0
176
     1
 40
1.0
176
     1
 90
        0
176
     1
 62
    18
420
        0
176
     1
 90
       50
176
     1
 90
        3
176
     1
 62
     5
420
      255
176
     1
290
     0
176
     1
 90
       50
176
     1
 90
       50
176
     1
 90
       50
176
     1
290
     0
176
     1
 90
       50
176
     1
 62
   256
176
     0
 40
1.0
176
     0
 90
        2
176
     1
  1
strokes_ogs.tif
176
     1
290
     0
176
     1
 40
1.0
176
     1
 40
1.0
176
     1
  0
VISUALSTYLE
  5
2E
102
{ACAD_REACTORS
330
2A
102
}
330
2A
100
AcDbVisualStyle
  2
GouraudWithEdges
 70
     3
177
     3
291
     1
 70
    58
 90
        2
176
     1
 90
        2
176
     1
 90
        1
176
     1
 90
        2
176
     1
 40
0.6
176
     1
 40
30.0
176
     1
 62
     7
420
 16777215
176
     1
 90
        1
176
     1
 90
        0
176
     1
 62
     7
176
     1
 62
   257
176
     1
 90
        1
176
     1
 90
        1
176
     1
 40
1.0
176
     1
 90
        0
176
     1
 62
   257
176
     1
 40
1.0
176
     1
 90
        1
176
     1
 90
        6
176
     1
 90
        2
176
     1
 62
     7
176
     1
 90
        5
176
     1
 90
        0
176
     1
 90
        0
176
     1
290
     0
176
     1
 90
       13
176
     1
 40
0.0
176
     1
 90
        0
176
     1
290
     0
176
     1
290
     1
176
     1
290
     1
176
     1
290
     0
176
     1
290
     0
176
     1
290
     0
176
     1
290
     0
176
     1
290
     0
176
     1
290
     0
176
     1
 90
       50
176
     1
 40
0.0
176
     1
 40
1.0
176
     1
 90
        0
176
     1
 62
    18
420
        0
176
     1
 90
       50
176
     1
 90
        3
176
     1
 62
     5
420
      255
176
     1
290
     0
176
     1
 90
       50
176
     1
 90
       50
176
     1
 90
       50
176
     1
290
     0
176
     1
 90
       50
176
     1
 62
   256
176
     0
 40
1.0
176
     0
 90
        2
176
     1
  1
strokes_ogs.tif
176
     1
290
     0
176
     1
 40
1.0
176
     1
 40
1.0
176
     1
  0
VISUALSTYLE
  5
31
102
{ACAD_REACTORS
330
2A
102
}
330
2A
100
AcDbVisualStyle
  2
Hidden
 70
     6
177
     3
291
     0
 70
    58
 90
        1
176
     1
 90
        2
176
     1
 90
        2
176
     1
 90
        0
176
     1
 40
0.6
176
     1
 40
30.0
176
     1
 62
     7
420
 16777215
176
     1
 90
        2
176
     1
 90
        2
176
     1
 62
     7
176
     1
 62
   257
176
     1
 90
        2
176
     1
 90
        1
176
     1
 40
40.0
176
     1
 90
        0
176
     1
 62
   257
176
     1
 40
1.0
176
     1
 90
        1
176
     1
 90
        6
176
     1
 90
        2
176
     1
 62
     7
176
     1
 90
        3
176
     1
 90
        0
176
     1
 90
        0
176
     1
290
     0
176
     1
 90
        1
176
     1
 40
0.0
176
     1
 90
        0
176
     1
290
     0
176
     1
290
     1
176
     1
290
     1
176
     1
290
     0
176
     1
290
     0
176
     1
290
     0
176
     1
290
     0
176
     1
290
     0
176
     1
290
     0
176
     1
 90
       50
176
     1
 40
0.0
176
     1
 40
1.0
176
     1
 90
        0
176
     1
 62
    18
420
        0
176
     1
 90
       50
176
     1
 90
        3
176
     1
 62
     5
420
      255
176
     1
290
     0
176
     1
 90
       50
176
     1
 90
       50
176
     1
 90
       50
176
     1
290
     0
176
     1
 90
       50
176
     1
 62
   256
176
     0
 40
1.0
176
     0
 90
        2
176
     1
  1
strokes_ogs.tif
176
     1
290
     0
176
     1
 40
1.0
176
     1
 40
1.0
176
     1
  0
VISUALSTYLE
  5
3B
102
{ACAD_REACTORS
330
2A
102
}
330
2A
100
AcDbVisualStyle
  2
JitterOff
 70
    20
177
     3
291
     1
 70
    58
 90
        2
176
     0
 90
        2
176
     0
 90
        0
176
     0
 90
        0
176
     0
 40
0.6
176
     0
 40
30.0
176
     0
 62
     7
420
 16777215
176
     0
 90
        1
176
     0
 90
        4
176
     0
 62
     7
176
     0
 62
   257
176
     0
 90
        1
176
     0
 90
        1
176
     0
 40
1.0
176
     0
 90
       10
176
     2
 62
     7
176
     0
 40
1.0
176
     0
 90
        1
176
     0
 90
        6
176
     0
 90
        2
176
     0
 62
     7
176
     0
 90
        5
176
     0
 90
        0
176
     0
 90
        0
176
     0
290
     0
176
     0
 90
        1
176
     0
 40
0.0
176
     0
 90
        0
176
     0
290
     0
176
     0
290
     1
176
     0
290
     1
176
     0
290
     0
176
     0
290
     0
176
     0
290
     0
176
     0
290
     0
176
     0
290
     0
176
     0
290
     0
176
     0
 90
       50
176
     0
 40
0.0
176
     0
 40
1.0
176
     0
 90
        0
176
     0
 62
    18
420
        0
176
     0
 90
       50
176
     0
 90
        3
176
     0
 62
     5
420
      255
176
     0
290
     0
176
     0
 90
       50
176
     0
 90
       50
176
     0
 90
       50
176
     0
290
     0
176
     0
 90
       50
176
     0
 62
   256
176
     0
 40
1.0
176
     0
 90
        2
176
     0
  1
strokes_ogs.tif
176
     0
290
     0
176
     0
 40
1.0
176
     0
 40
1.0
176
     0
  0
VISUALSTYLE
  5
38
102
{ACAD_REACTORS
330
2A
102
}
330
2A
100
AcDbVisualStyle
  2
Linepattern
 70
    14
177
     3
291
     1
 70
    58
 90
        2
176
     1
 90
        2
176
     1
 90
        0
176
     1
 90
        0
176
     1
 40
0.6
176
     1
 40
30.0
176
     1
 62
     7
420
 16777215
176
     1
 90
        1
176
     1
 90
        4
176
     1
 62
     7
176
     1
 62
   257
176
     1
 90
        7
176
     1
 90
        7
176
     1
 40
1.0
176
     1
 90
        8
176
     1
 62
     7
176
     1
 40
1.0
176
     1
 90
        1
176
     1
 90
        6
176
     1
 90
        2
176
     1
 62
     7
176
     1
 90
        5
176
     1
 90
        0
176
     1
 90
        0
176
     1
290
     0
176
     1
 90
        1
176
     1
 40
0.0
176
     1
 90
        0
176
     1
290
     0
176
     1
290
     1
176
     1
290
     1
176
     1
290
     0
176
     1
290
     0
176
     1
290
     0
176
     1
290
     0
176
     1
290
     0
176
     1
290
     0
176
     1
 90
       50
176
     1
 40
0.0
176
     1
 40
1.0
176
     1
 90
        0
176
     1
 62
    18
420
        0
176
     1
 90
       50
176
     1
 90
        3
176
     1
 62
     5
420
      255
176
     1
290
     0
176
     1
 90
       50
176
     1
 90
       50
176
     1
 90
       50
176
     1
290
     0
176
     1
 90
       50
176
     1
 62
   256
176
     0
 40
1.0
176
     0
 90
        2
176
     1
  1
strokes_ogs.tif
176
     1
290
     0
176
     1
 40
1.0
176
     1
 40
1.0
176
     1
  0
VISUALSTYLE
  5
3C
102
{ACAD_REACTORS
330
2A
102
}
330
2A
100
AcDbVisualStyle
  2
OverhangOff
 70
    21
177
     3
291
     1
 70
    58
 90
        2
176
     0
 90
        2
176
     0
 90
        0
176
     0
 90
        0
176
     0
 40
0.6
176
     0
 40
30.0
176
     0
 62
     7
420
 16777215
176
     0
 90
        1
176
     0
 90
        4
176
     0
 62
     7
176
     0
 62
   257
176
     0
 90
        1
176
     0
 90
        1
176
     0
 40
1.0
176
     0
 90
        9
176
     2
 62
     7
176
     0
 40
1.0
176
     0
 90
        1
176
     0
 90
        6
176
     0
 90
        2
176
     0
 62
     7
176
     0
 90
        5
176
     0
 90
        0
176
     0
 90
        0
176
     0
290
     0
176
     0
 90
        1
176
     0
 40
0.0
176
     0
 90
        0
176
     0
290
     0
176
     0
290
     1
176
     0
290
     1
176
     0
290
     0
176
     0
290
     0
176
     0
290
     0
176
     0
290
     0
176
     0
290
     0
176
     0
290
     0
176
     0
 90
       50
176
     0
 40
0.0
176
     0
 40
1.0
176
     0
 90
        0
176
     0
 62
    18
420
        0
176
     0
 90
       50
176
     0
 90
        3
176
     0
 62
     5
420
      255
176
     0
290
     0
176
     0
 90
       50
176
     0
 90
       50
176
     0
 90
       50
176
     0
290
     0
176
     0
 90
       50
176
     0
 62
   256
176
     0
 40
1.0
176
     0
 90
        2
176
     0
  1
strokes_ogs.tif
176
     0
290
     0
176
     0
 40
1.0
176
     0
 40
1.0
176
     0
  0
VISUALSTYLE
  5
33
102
{ACAD_REACTORS
330
2A
102
}
330
2A
100
AcDbVisualStyle
  2
Realistic
 70
     8
177
     3
291
     0
 70
    58
 90
        2
176
     1
 90
        3
176
     1
 90
        0
176
     1
 90
        2
176
     1
 40
0.6
176
     1
 40
30.0
176
     1
 62
     7
420
 16777215
176
     1
 90
        0
176
     1
 90
        0
176
     1
 62
     7
176
     1
 62
   257
176
     1
 90
        1
176
     1
 90
        1
176
     1
 40
1.0
176
     1
 90
        8
176
     1
 62
   257
176
     1
 40
1.0
176
     1
 90
        1
176
     1
 90
        6
176
     1
 90
        2
176
     1
 62
     7
176
     1
 90
        3
176
     1
 90
        0
176
     1
 90
        0
176
     1
290
     0
176
     1
 90
       13
176
     1
 40
0.0
176
     1
 90
        0
176
     1
290
     0
176
     1
290
     1
176
     1
290
     1
176
     1
290
     0
176
     1
290
     0
176
     1
290
     0
176
     1
290
     0
176
     1
290
     0
176
     1
290
     0
176
     1
 90
       50
176
     1
 40
0.0
176
     1
 40
1.0
176
     1
 90
        0
176
     1
 62
    18
420
        0
176
     1
 90
       50
176
     1
 90
        3
176
     1
 62
     5
420
      255
176
     1
290
     0
176
     1
 90
       50
176
     1
 90
       50
176
     1
 90
       50
176
     1
290
     0
176
     1
 90
       50
176
     1
 62
   256
176
     0
 40
1.0
176
     0
 90
        2
176
     1
  1
strokes_ogs.tif
176
     1
290
     0
176
     1
 40
1.0
176
     1
 40
1.0
176
     1
  0
VISUALSTYLE
  5
42
102
{ACAD_REACTORS
330
2A
102
}
330
2A
100
AcDbVisualStyle
  2
Shaded
 70
    27
177
     3
291
     0
 70
    58
 90
        2
176
     1
 90
        2
176
     1
 90
        1
176
     1
 90
        2
176
     1
 40
0.6
176
     1
 40
30.0
176
     1
 62
     7
420
 16777215
176
     1
 90
        0
176
     1
 90
        4
176
     1
 62
     7
176
     1
 62
   257
176
     1
 90
        1
176
     1
 90
        1
176
     1
 40
1.0
176
     1
 90
        8
176
     1
 62
   257
176
     1
 40
1.0
176
     1
 90
        1
176
     1
 90
        6
176
     1
 90
        2
176
     1
 62
     8
420
  7895160
176
     1
 90
        3
176
     1
 90
        0
176
     1
 90
        0
176
     1
290
     0
176
     1
 90
        5
176
     1
 40
0.0
176
     1
 90
        0
176
     1
290
     0
176
     1
290
     1
176
     1
290
     1
176
     1
290
     0
176
     1
290
     0
176
     1
290
     0
176
     1
290
     0
176
     1
290
     0
176
     1
290
     0
176
     1
 90
       50
176
     1
 40
0.0
176
     1
 40
1.0
176
     1
 90
        0
176
     1
 62
    18
420
        0
176
     1
 90
       50
176
     1
 90
        3
176
     1
 62
     5
420
      255
176
     1
290
     0
176
     1
 90
       50
176
     1
 90
       50
176
     1
 90
       50
176
     1
290
     0
176
     1
 90
       50
176
     1
 62
   256
176
     0
 40
1.0
176
     0
 90
        2
176
     1
  1
strokes_ogs.tif
176
     1
290
     0
176
     1
 40
1.0
176
     1
 40
1.0
176
     1
  0
VISUALSTYLE
  5
41
102
{ACAD_REACTORS
330
2A
102
}
330
2A
100
AcDbVisualStyle
  2
Shaded with edges
 70
    26
177
     3
291
     0
 70
    58
 90
        2
176
     1
 90
        2
176
     1
 90
        1
176
     1
 90
        2
176
     1
 40
0.6
176
     1
 40
30.0
176
     1
 62
     7
420
 16777215
176
     1
 90
        1
176
     1
 90
       10
176
     1
 62
     7
176
     1
 62
   257
176
     1
 90
        2
176
     1
 90
        1
176
     1
 40
1.0
176
     1
 90
        8
176
     1
 62
   257
176
     1
 40
1.0
176
     1
 90
        1
176
     1
 90
        6
176
     1
 90
        2
176
     1
 62
     7
176
     1
 90
        3
176
     1
 90
        0
176
     1
 90
        0
176
     1
290
     0
176
     1
 90
        5
176
     1
 40
0.0
176
     1
 90
        0
176
     1
290
     0
176
     1
290
     1
176
     1
290
     1
176
     1
290
     0
176
     1
290
     0
176
     1
290
     0
176
     1
290
     0
176
     1
290
     0
176
     1
290
     0
176
     1
 90
       50
176
     1
 40
0.0
176
     1
 40
1.0
176
     1
 90
        0
176
     1
 62
    18
420
        0
176
     1
 90
       50
176
     1
 90
        3
176
     1
 62
     5
420
      255
176
     1
290
     0
176
     1
 90
       50
176
     1
 90
       50
176
     1
 90
       50
176
     1
290
     0
176
     1
 90
       50
176
     1
 62
   256
176
     0
 40
1.0
176
     0
 90
        2
176
     1
  1
strokes_ogs.tif
176
     1
290
     0
176
     1
 40
1.0
176
     1
 40
1.0
176
     1
  0
VISUALSTYLE
  5
3E
102
{ACAD_REACTORS
330
2A
102
}
330
2A
100
AcDbVisualStyle
  2
Shades of Gray
 70
    23
177
     3
291
     0
 70
    58
 90
        2
176
     1
 90
        2
176
     1
 90
        3
176
     1
 90
        0
176
     1
 40
0.6
176
     1
 40
30.0
176
     1
 62
     7
420
 16777215
176
     1
 90
        2
176
     1
 90
        2
176
     1
 62
     7
176
     1
 62
     7
176
     1
 90
        1
176
     1
 90
        1
176
     1
 40
40.0
176
     1
 90
        8
176
     1
 62
     7
176
     1
 40
1.0
176
     1
 90
        1
176
     1
 90
        6
176
     1
 90
        2
176
     1
 62
     7
176
     1
 90
        3
176
     1
 90
        0
176
     1
 90
        0
176
     1
290
     0
176
     1
 90
        1
176
     1
 40
0.0
176
     1
 90
        0
176
     1
290
     0
176
     1
290
     1
176
     1
290
     1
176
     1
290
     0
176
     1
290
     0
176
     1
290
     0
176
     1
290
     0
176
     1
290
     0
176
     1
290
     0
176
     1
 90
       50
176
     1
 40
0.0
176
     1
 40
1.0
176
     1
 90
        0
176
     1
 62
    18
420
        0
176
     1
 90
       50
176
     1
 90
        3
176
     1
 62
     5
420
      255
176
     1
290
     0
176
     1
 90
       50
176
     1
 90
       50
176
     1
 90
       50
176
     1
290
     0
176
     1
 90
       50
176
     1
 62
   256
176
     0
 40
1.0
176
     0
 90
        2
176
     1
  1
strokes_ogs.tif
176
     1
290
     0
176
     1
 40
1.0
176
     1
 40
1.0
176
     1
  0
VISUALSTYLE
  5
3F
102
{ACAD_REACTORS
330
2A
102
}
330
2A
100
AcDbVisualStyle
  2
Sketchy
 70
    24
177
     3
291
     0
 70
    58
 90
        1
176
     1
 90
        2
176
     1
 90
        2
176
     1
 90
        0
176
     1
 40
0.6
176
     1
 40
30.0
176
     1
 62
     7
420
 16777215
176
     1
 90
        2
176
     1
 90
        2
176
     1
 62
     7
176
     1
 62
     7
176
     1
 90
        1
176
     1
 90
        1
176
     1
 40
40.0
176
     1
 90
       11
176
     1
 62
     7
176
     1
 40
1.0
176
     1
 90
        1
176
     1
 90
        6
176
     1
 90
        2
176
     1
 62
     7
176
     1
 90
        6
176
     1
 90
        0
176
     1
 90
        0
176
     1
290
     0
176
     1
 90
        1
176
     1
 40
0.0
176
     1
 90
        0
176
     1
290
     0
176
     1
290
     1
176
     1
290
     1
176
     1
290
     0
176
     1
290
     0
176
     1
290
     0
176
     1
290
     0
176
     1
290
     0
176
     1
290
     0
176
     1
 90
       50
176
     1
 40
0.0
176
     1
 40
1.0
176
     1
 90
        0
176
     1
 62
    18
420
        0
176
     1
 90
       50
176
     1
 90
        3
176
     1
 62
     5
420
      255
176
     1
290
     0
176
     1
 90
       50
176
     1
 90
       50
176
     1
 90
       50
176
     1
290
     0
176
     1
 90
       50
176
     1
 62
   256
176
     0
 40
1.0
176
     0
 90
        2
176
     1
  1
strokes_ogs.tif
176
     1
290
     0
176
     1
 40
1.0
176
     1
 40
1.0
176
     1
  0
VISUALSTYLE
  5
37
102
{ACAD_REACTORS
330
2A
102
}
330
2A
100
AcDbVisualStyle
  2
Thicken
 70
    13
177
     3
291
     1
 70
    58
 90
        2
176
     1
 90
        2
176
     1
 90
        0
176
     1
 90
        0
176
     1
 40
0.6
176
     1
 40
30.0
176
     1
 62
     7
420
 16777215
176
     1
 90
        1
176
     1
 90
        4
176
     1
 62
     7
176
     1
 62
   257
176
     1
 90
        1
176
     1
 90
        1
176
     1
 40
1.0
176
     1
 90
       12
176
     1
 62
     7
176
     1
 40
1.0
176
     1
 90
        1
176
     1
 90
        6
176
     1
 90
        2
176
     1
 62
     7
176
     1
 90
        5
176
     1
 90
        0
176
     1
 90
        0
176
     1
290
     0
176
     1
 90
        1
176
     1
 40
0.0
176
     1
 90
        0
176
     1
290
     0
176
     1
290
     1
176
     1
290
     1
176
     1
290
     0
176
     1
290
     0
176
     1
290
     0
176
     1
290
     0
176
     1
290
     0
176
     1
290
     0
176
     1
 90
       50
176
     1
 40
0.0
176
     1
 40
1.0
176
     1
 90
        0
176
     1
 62
    18
420
        0
176
     1
 90
       50
176
     1
 90
        3
176
     1
 62
     5
420
      255
176
     1
290
     0
176
     1
 90
       50
176
     1
 90
       50
176
     1
 90
       50
176
     1
290
     0
176
     1
 90
       50
176
     1
 62
   256
176
     0
 40
1.0
176
     0
 90
        2
176
     1
  1
strokes_ogs.tif
176
     1
290
     0
176
     1
 40
1.0
176
     1
 40
1.0
176
     1
  0
VISUALSTYLE
  5
30
102
{ACAD_REACTORS
330
2A
102
}
330
2A
100
AcDbVisualStyle
  2
Wireframe
 70
     5
177
     3
291
     0
 70
    58
 90
        0
176
     1
 90
        2
176
     1
 90
        0
176
     1
 90
        0
176
     1
 40
0.6
176
     1
 40
30.0
176
     1
 62
     7
420
 16777215
176
     1
 90
        1
176
     1
 90
        4
176
     1
 62
     7
176
     1
 62
   257
176
     1
 90
        1
176
     1
 90
        1
176
     1
 40
1.0
176
     1
 90
        0
176
     1
 62
   257
176
     1
 40
1.0
176
     1
 90
        1
176
     1
 90
        6
176
     1
 90
        2
176
     1
 62
     7
176
     1
 90
        3
176
     1
 90
        0
176
     1
 90
        0
176
     1
290
     0
176
     1
 90
        1
176
     1
 40
0.0
176
     1
 90
        0
176
     1
290
     0
176
     1
290
     1
176
     1
290
     1
176
     1
290
     0
176
     1
290
     0
176
     1
290
     0
176
     1
290
     0
176
     1
290
     0
176
     1
290
     0
176
     1
 90
       50
176
     1
 40
0.0
176
     1
 40
1.0
176
     1
 90
        0
176
     1
 62
    18
420
        0
176
     1
 90
       50
176
     1
 90
        3
176
     1
 62
     5
420
      255
176
     1
290
     0
176
     1
 90
       50
176
     1
 90
       50
176
     1
 90
       50
176
     1
290
     0
176
     1
 90
       50
176
     1
 62
   256
176
     0
 40
1.0
176
     0
 90
        2
176
     1
  1
strokes_ogs.tif
176
     1
290
     0
176
     1
 40
1.0
176
     1
 40
1.0
176
     1
  0
VISUALSTYLE
  5
40
102
{ACAD_REACTORS
330
2A
102
}
330
2A
100
AcDbVisualStyle
  2
X-Ray
 70
    25
177
     3
291
     0
 70
    58
 90
        2
176
     1
 90
        2
176
     1
 90
        1
176
     1
 90
        1
176
     1
 40
0.5
176
     1
 40
30.0
176
     1
 62
     7
420
 16777215
176
     1
 90
        1
176
     1
 90
        0
176
     1
 62
     7
176
     1
 62
   257
176
     1
 90
        1
176
     1
 90
        1
176
     1
 40
1.0
176
     1
 90
        8
176
     1
 62
     7
176
     1
 40
1.0
176
     1
 90
        1
176
     1
 90
        6
176
     1
 90
        2
176
     1
 62
     7
176
     1
 90
        3
176
     1
 90
        0
176
     1
 90
        0
176
     1
290
     0
176
     1
 90
       13
176
     1
 40
0.0
176
     1
 90
        0
176
     1
290
     0
176
     1
290
     1
176
     1
290
     1
176
     1
290
     0
176
     1
290
     0
176
     1
290
     0
176
     1
290
     0
176
     1
290
     0
176
     1
290
     0
176
     1
 90
       50
176
     1
 40
0.0
176
     1
 40
1.0
176
     1
 90
        0
176
     1
 62
    18
420
        0
176
     1
 90
       50
176
     1
 90
        3
176
     1
 62
     5
420
      255
176
     1
290
     0
176
     1
 90
       50
176
     1
 90
       50
176
     1
 90
       50
176
     1
290
     0
176
     1
 90
       50
176
     1
 62
   256
176
     0
 40
1.0
176
     0
 90
        2
176
     1
  1
strokes_ogs.tif
176
     1
290
     0
176
     1
 40
1.0
176
     1
 40
1.0
176
     1
  0
DICTIONARYVAR
  5
12E
102
{ACAD_REACTORS
330
12D
102
}
330
12D
100
DictionaryVariables
280
     0
  1
1:1
  0
DICTIONARYVAR
  5
136
102
{ACAD_REACTORS
330
12D
102
}
330
12D
100
DictionaryVariables
280
     0
  1
3.500000
  0
DICTIONARYVAR
  5
137
102
{ACAD_REACTORS
330
12D
102
}
330
12D
100
DictionaryVariables
280
     0
  1
acadiso.lin
  0
DICTIONARYVAR
  5
133
102
{ACAD_REACTORS
330
12D
102
}
330
12D
100
DictionaryVariables
280
     0
  1
Standard
  0
DICTIONARYVAR
  5
132
102
{ACAD_REACTORS
330
12D
102
}
330
12D
100
DictionaryVariables
280
     0
  1
Standard
  0
DICTIONARY
  5
12F
330
5A
100
AcDbDictionary
280
     1
281
     1
  3
ACAD_ROUNDTRIP_2008_TABLESTYLE_CELLSTYLEMAP
360
130
  0
CELLSTYLEMAP
  5
130
102
{ACAD_REACTORS
330
12F
102
}
330
12F
100
AcDbCellStyleMap
 90
        3
300
CELLSTYLE
  1
TABLEFORMAT_BEGIN
 90
        5
170
     1
 91
        0
 92
    32768
 62
   257
 93
        1
300
CONTENTFORMAT
  1
CONTENTFORMAT_BEGIN
 90
        0
 91
        0
 92
        4
 93
        0
300

 40
0.0
140
1.0
 94
        5
 62
     0
340
11
144
6.0
309
CONTENTFORMAT_END
171
     1
301
MARGIN
  1
CELLMARGIN_BEGIN
 40
1.5
 40
1.5
 40
1.5
 40
1.5
 40
1.5
 40
1.5
309
CELLMARGIN_END
 94
        6
 95
        1
302
GRIDFORMAT
  1
GRIDFORMAT_BEGIN
 90
        0
 91
        1
 62
     0
 92
       -2
340
14
 93
        0
 40
0.045
309
GRIDFORMAT_END
 95
        2
302
GRIDFORMAT
  1
GRIDFORMAT_BEGIN
 90
        0
 91
        1
 62
     0
 92
       -2
340
14
 93
        0
 40
0.045
309
GRIDFORMAT_END
 95
        4
302
GRIDFORMAT
  1
GRIDFORMAT_BEGIN
 90
        0
 91
        1
 62
     0
 92
       -2
340
14
 93
        0
 40
0.045
309
GRIDFORMAT_END
 95
        8
302
GRIDFORMAT
  1
GRIDFORMAT_BEGIN
 90
        0
 91
        1
 62
     0
 92
       -2
340
14
 93
        0
 40
0.045
309
GRIDFORMAT_END
 95
       16
302
GRIDFORMAT
  1
GRIDFORMAT_BEGIN
 90
        0
 91
        1
 62
     0
 92
       -2
340
14
 93
        0
 40
0.045
309
GRIDFORMAT_END
 95
       32
302
GRIDFORMAT
  1
GRIDFORMAT_BEGIN
 90
        0
 91
        1
 62
     0
 92
       -2
340
14
 93
        0
 40
0.045
309
GRIDFORMAT_END
309
TABLEFORMAT_END
  1
CELLSTYLE_BEGIN
 90
        1
 91
        1
300
_TITLE
309
CELLSTYLE_END
300
CELLSTYLE
  1
TABLEFORMAT_BEGIN
 90
        5
170
     1
 91
        0
 92
        0
 62
   257
 93
        1
300
CONTENTFORMAT
  1
CONTENTFORMAT_BEGIN
 90
        0
 91
        0
 92
        4
 93
        0
300

 40
0.0
140
1.0
 94
        5
 62
     0
340
11
144
4.5
309
CONTENTFORMAT_END
171
     1
301
MARGIN
  1
CELLMARGIN_BEGIN
 40
1.5
 40
1.5
 40
1.5
 40
1.5
 40
1.5
 40
1.5
309
CELLMARGIN_END
 94
        6
 95
        1
302
GRIDFORMAT
  1
GRIDFORMAT_BEGIN
 90
        0
 91
        1
 62
     0
 92
       -2
340
14
 93
        0
 40
0.045
309
GRIDFORMAT_END
 95
        2
302
GRIDFORMAT
  1
GRIDFORMAT_BEGIN
 90
        0
 91
        1
 62
     0
 92
       -2
340
14
 93
        0
 40
0.045
309
GRIDFORMAT_END
 95
        4
302
GRIDFORMAT
  1
GRIDFORMAT_BEGIN
 90
        0
 91
        1
 62
     0
 92
       -2
340
14
 93
        0
 40
0.045
309
GRIDFORMAT_END
 95
        8
302
GRIDFORMAT
  1
GRIDFORMAT_BEGIN
 90
        0
 91
        1
 62
     0
 92
       -2
340
14
 93
        0
 40
0.045
309
GRIDFORMAT_END
 95
       16
302
GRIDFORMAT
  1
GRIDFORMAT_BEGIN
 90
        0
 91
        1
 62
     0
 92
       -2
340
14
 93
        0
 40
0.045
309
GRIDFORMAT_END
 95
       32
302
GRIDFORMAT
  1
GRIDFORMAT_BEGIN
 90
        0
 91
        1
 62
     0
 92
       -2
340
14
 93
        0
 40
0.045
309
GRIDFORMAT_END
309
TABLEFORMAT_END
  1
CELLSTYLE_BEGIN
 90
        2
 91
        1
300
_HEADER
309
CELLSTYLE_END
300
CELLSTYLE
  1
TABLEFORMAT_BEGIN
 90
        5
170
     1
 91
        0
 92
        0
 62
   257
 93
        1
300
CONTENTFORMAT
  1
CONTENTFORMAT_BEGIN
 90
        0
 91
        0
 92
        4
 93
        0
300

 40
0.0
140
1.0
 94
        2
 62
     0
340
11
144
4.5
309
CONTENTFORMAT_END
171
     1
301
MARGIN
  1
CELLMARGIN_BEGIN
 40
1.5
 40
1.5
 40
1.5
 40
1.5
 40
1.5
 40
1.5
309
CELLMARGIN_END
 94
        6
 95
        1
302
GRIDFORMAT
  1
GRIDFORMAT_BEGIN
 90
        0
 91
        1
 62
     0
 92
       -2
340
14
 93
        0
 40
0.045
309
GRIDFORMAT_END
 95
        2
302
GRIDFORMAT
  1
GRIDFORMAT_BEGIN
 90
        0
 91
        1
 62
     0
 92
       -2
340
14
 93
        0
 40
0.045
309
GRIDFORMAT_END
 95
        4
302
GRIDFORMAT
  1
GRIDFORMAT_BEGIN
 90
        0
 91
        1
 62
     0
 92
       -2
340
14
 93
        0
 40
0.045
309
GRIDFORMAT_END
 95
        8
302
GRIDFORMAT
  1
GRIDFORMAT_BEGIN
 90
        0
 91
        1
 62
     0
 92
       -2
340
14
 93
        0
 40
0.045
309
GRIDFORMAT_END
 95
       16
302
GRIDFORMAT
  1
GRIDFORMAT_BEGIN
 90
        0
 91
        1
 62
     0
 92
       -2
340
14
 93
        0
 40
0.045
309
GRIDFORMAT_END
 95
       32
302
GRIDFORMAT
  1
GRIDFORMAT_BEGIN
 90
        0
 91
        1
 62
     0
 92
       -2
340
14
 93
        0
 40
0.045
309
GRIDFORMAT_END
309
TABLEFORMAT_END
  1
CELLSTYLE_BEGIN
 90
        3
 91
        2
300
_DATA
309
CELLSTYLE_END
  0
ENDSEC
  0
EOF
