  0
SECTION
  2
HEADER
  9
$ACADVER
  1
AC1027
  9
$ACADMAINTVER
 70
   105
  9
$DWGCODEPAGE
  3
ANSI_1252
  9
$COMMENTS
  1
File was created by Cadenas
  9
$LASTSAVEDBY
  1
psService
  9
$CUSTOMPROPERTYTAG
  1
NB
  9
$CUSTOMPROPERTY
  1
AS1201F-M5-04A
  9
$CUSTOMPROPERTYTAG
  1
NN
  9
$CUSTOMPROPERTY
  1
AS_2_1F-A
  9
$CUSTOMPROPERTYTAG
  1
NT
  9
$CUSTOMPROPERTY
  1
Speed Controller With One Touch Fitting/Elbow Type
  9
$CUSTOMPROPERTYTAG
  1
NBSYN
  9
$CUSTOMPROPERTY
  1
$ORDER2.
  9
$CUSTOMPROPERTYTAG
  1
LINA
  9
$CUSTOMPROPERTY
  1
AS1201F-M5-04A
  9
$CUSTOMPROPERTYTAG
  1
CATALOG
  9
$CUSTOMPROPERTY
  1
SMC (JP
  9
$CUSTOMPROPERTYTAG
  1
ROWDESC
  9
$CUSTOMPROPERTY
  1
AS1201F-M5-04A
  9
$CUSTOMPROPERTYTAG
  1
GUI
  9
$CUSTOMPROPERTY
  1
AS12*1F*-M5*-04A
  9
$CUSTOMPROPERTYTAG
  1
MODEL
  9
$CUSTOMPROPERTY
  1
AS1201F-M5-04A
  9
$CUSTOMPROPERTYTAG
  1
CONTROL
  9
$CUSTOMPROPERTY
  1
(0) Meter-out
  9
$CUSTOMPROPERTYTAG
  1
SEAL
  9
$CUSTOMPROPERTY
  1
N/A
  9
$CUSTOMPROPERTYTAG
  1
HEXAGON
  9
$CUSTOMPROPERTY
  1
(-) 9 mm
  9
$CUSTOMPROPERTYTAG
  1
OMSC
  9
$CUSTOMPROPERTY
  1
(-) None
  9
$CUSTOMPROPERTYTAG
  1
D
  9
$CUSTOMPROPERTY
  1
4.0
  9
$CUSTOMPROPERTYTAG
  1
T
  9
$CUSTOMPROPERTY
  1
M5x0.8
  9
$CUSTOMPROPERTYTAG
  1
H
  9
$CUSTOMPROPERTY
  1
9.0
  9
$CUSTOMPROPERTYTAG
  1
D1
  9
$CUSTOMPROPERTY
  1
8.2
  9
$CUSTOMPROPERTYTAG
  1
D3
  9
$CUSTOMPROPERTY
  1
9.4
  9
$CUSTOMPROPERTYTAG
  1
L1
  9
$CUSTOMPROPERTY
  1
17.2
  9
$CUSTOMPROPERTYTAG
  1
L2
  9
$CUSTOMPROPERTY
  1
22.0
  9
$CUSTOMPROPERTYTAG
  1
L3
  9
$CUSTOMPROPERTY
  1
16.9
  9
$CUSTOMPROPERTYTAG
  1
L4
  9
$CUSTOMPROPERTY
  1
26.5
  9
$CUSTOMPROPERTYTAG
  1
A
  9
$CUSTOMPROPERTY
  1
23.5
  9
$CUSTOMPROPERTYTAG
  1
M
  9
$CUSTOMPROPERTY
  1
13.3
  9
$CUSTOMPROPERTYTAG
  1
CNSMASSEXACT
  9
$CUSTOMPROPERTY
  1
5
  9
$CUSTOMPROPERTYTAG
  1
L221
  9
$CUSTOMPROPERTY
  1
8.000
  9
$CUSTOMPROPERTYTAG
  1
COMPANY
  9
$CUSTOMPROPERTY
  1
smc_jp
  9
$REQUIREDVERSIONS
160
                 0
  9
$INSBASE
 10
0.0
 20
0.0
 30
0.0
  9
$EXTMIN
 10
-11.5
 20
-10.33333333333333
 30
0.0
  9
$EXTMAX
 10
15.61661016949157
 20
25.33042372881356
 30
0.0
  9
$LIMMIN
 10
0.0
 20
0.0
  9
$LIMMAX
 10
420.0
 20
297.0
  9
$ORTHOMODE
 70
     0
  9
$REGENMODE
 70
     1
  9
$FILLMODE
 70
     1
  9
$QTEXTMODE
 70
     0
  9
$MIRRTEXT
 70
     1
  9
$LTSCALE
 40
1.0
  9
$ATTMODE
 70
     1
  9
$TEXTSIZE
 40
2.5
  9
$TRACEWID
 40
1.0
  9
$TEXTSTYLE
  7
Standard
  9
$CLAYER
  8
0
  9
$CELTYPE
  6
ByLayer
  9
$CECOLOR
 62
   256
  9
$CELTSCALE
 40
1.0
  9
$DISPSILH
 70
     0
  9
$DIMSCALE
 40
1.0
  9
$DIMASZ
 40
2.5
  9
$DIMEXO
 40
0.625
  9
$DIMDLI
 40
3.75
  9
$DIMRND
 40
0.0
  9
$DIMDLE
 40
0.0
  9
$DIMEXE
 40
1.25
  9
$DIMTP
 40
0.0
  9
$DIMTM
 40
0.0
  9
$DIMTXT
 40
2.5
  9
$DIMCEN
 40
2.5
  9
$DIMTSZ
 40
0.0
  9
$DIMTOL
 70
     0
  9
$DIMLIM
 70
     0
  9
$DIMTIH
 70
     0
  9
$DIMTOH
 70
     0
  9
$DIMSE1
 70
     0
  9
$DIMSE2
 70
     0
  9
$DIMTAD
 70
     1
  9
$DIMZIN
 70
     8
  9
$DIMBLK
  1

  9
$DIMASO
 70
     1
  9
$DIMSHO
 70
     1
  9
$DIMPOST
  1

  9
$DIMAPOST
  1

  9
$DIMALT
 70
     0
  9
$DIMALTD
 70
     3
  9
$DIMALTF
 40
0.03937007874016
  9
$DIMLFAC
 40
1.0
  9
$DIMTOFL
 70
     1
  9
$DIMTVP
 40
0.0
  9
$DIMTIX
 70
     0
  9
$DIMSOXD
 70
     0
  9
$DIMSAH
 70
     0
  9
$DIMBLK1
  1

  9
$DIMBLK2
  1

  9
$DIMSTYLE
  2
ISO-25
  9
$DIMCLRD
 70
     0
  9
$DIMCLRE
 70
     0
  9
$DIMCLRT
 70
     0
  9
$DIMTFAC
 40
1.0
  9
$DIMGAP
 40
0.625
  9
$DIMJUST
 70
     0
  9
$DIMSD1
 70
     0
  9
$DIMSD2
 70
     0
  9
$DIMTOLJ
 70
     0
  9
$DIMTZIN
 70
     8
  9
$DIMALTZ
 70
     0
  9
$DIMALTTZ
 70
     0
  9
$DIMUPT
 70
     0
  9
$DIMDEC
 70
     2
  9
$DIMTDEC
 70
     2
  9
$DIMALTU
 70
     2
  9
$DIMALTTD
 70
     3
  9
$DIMTXSTY
  7
Standard
  9
$DIMAUNIT
 70
     0
  9
$DIMADEC
 70
     0
  9
$DIMALTRND
 40
0.0
  9
$DIMAZIN
 70
     0
  9
$DIMDSEP
 70
    44
  9
$DIMATFIT
 70
     3
  9
$DIMFRAC
 70
     0
  9
$DIMLDRBLK
  1

  9
$DIMLUNIT
 70
     2
  9
$DIMLWD
 70
    -2
  9
$DIMLWE
 70
    -2
  9
$DIMTMOVE
 70
     0
  9
$DIMFXL
 40
1.0
  9
$DIMFXLON
 70
     0
  9
$DIMJOGANG
 40
0.7853981633974483
  9
$DIMTFILL
 70
     0
  9
$DIMTFILLCLR
 70
     0
  9
$DIMARCSYM
 70
     0
  9
$DIMLTYPE
  6

  9
$DIMLTEX1
  6

  9
$DIMLTEX2
  6

  9
$DIMTXTDIRECTION
 70
     0
  9
$LUNITS
 70
     2
  9
$LUPREC
 70
     4
  9
$SKETCHINC
 40
1.0
  9
$FILLETRAD
 40
0.0
  9
$AUNITS
 70
     0
  9
$AUPREC
 70
     0
  9
$MENU
  1
.
  9
$ELEVATION
 40
0.0
  9
$PELEVATION
 40
0.0
  9
$THICKNESS
 40
0.0
  9
$LIMCHECK
 70
     0
  9
$CHAMFERA
 40
0.0
  9
$CHAMFERB
 40
0.0
  9
$CHAMFERC
 40
0.0
  9
$CHAMFERD
 40
0.0
  9
$SKPOLY
 70
     0
  9
$TDCREATE
 40
2461293.139175695
  9
$TDUCREATE
 40
2461293.055842361
  9
$TDUPDATE
 40
2461293.139175868
  9
$TDUUPDATE
 40
2461293.055842535
  9
$TDINDWG
 40
0.0000000116
  9
$TDUSRTIMER
 40
0.0000000116
  9
$USRTIMER
 70
     1
  9
$ANGBASE
 50
0.0
  9
$ANGDIR
 70
     0
  9
$PDMODE
 70
     0
  9
$PDSIZE
 40
0.0
  9
$PLINEWID
 40
0.0
  9
$SPLFRAME
 70
     0
  9
$SPLINETYPE
 70
     6
  9
$SPLINESEGS
 70
     8
  9
$HANDSEED
  5
ED
  9
$SURFTAB1
 70
     6
  9
$SURFTAB2
 70
     6
  9
$SURFTYPE
 70
     6
  9
$SURFU
 70
     6
  9
$SURFV
 70
     6
  9
$UCSBASE
  2

  9
$UCSNAME
  2

  9
$UCSORG
 10
0.0
 20
0.0
 30
0.0
  9
$UCSXDIR
 10
1.0
 20
0.0
 30
0.0
  9
$UCSYDIR
 10
0.0
 20
1.0
 30
0.0
  9
$UCSORTHOREF
  2

  9
$UCSORTHOVIEW
 70
     0
  9
$UCSORGTOP
 10
0.0
 20
0.0
 30
0.0
  9
$UCSORGBOTTOM
 10
0.0
 20
0.0
 30
0.0
  9
$UCSORGLEFT
 10
0.0
 20
0.0
 30
0.0
  9
$UCSORGRIGHT
 10
0.0
 20
0.0
 30
0.0
  9
$UCSORGFRONT
 10
0.0
 20
0.0
 30
0.0
  9
$UCSORGBACK
 10
0.0
 20
0.0
 30
0.0
  9
$PUCSBASE
  2

  9
$PUCSNAME
  2

  9
$PUCSORG
 10
0.0
 20
0.0
 30
0.0
  9
$PUCSXDIR
 10
1.0
 20
0.0
 30
0.0
  9
$PUCSYDIR
 10
0.0
 20
1.0
 30
0.0
  9
$PUCSORTHOREF
  2

  9
$PUCSORTHOVIEW
 70
     0
  9
$PUCSORGTOP
 10
0.0
 20
0.0
 30
0.0
  9
$PUCSORGBOTTOM
 10
0.0
 20
0.0
 30
0.0
  9
$PUCSORGLEFT
 10
0.0
 20
0.0
 30
0.0
  9
$PUCSORGRIGHT
 10
0.0
 20
0.0
 30
0.0
  9
$PUCSORGFRONT
 10
0.0
 20
0.0
 30
0.0
  9
$PUCSORGBACK
 10
0.0
 20
0.0
 30
0.0
  9
$USERI1
 70
     0
  9
$USERI2
 70
     0
  9
$USERI3
 70
     0
  9
$USERI4
 70
     0
  9
$USERI5
 70
     0
  9
$USERR1
 40
0.0
  9
$USERR2
 40
0.0
  9
$USERR3
 40
0.0
  9
$USERR4
 40
0.0
  9
$USERR5
 40
0.0
  9
$WORLDVIEW
 70
     1
  9
$SHADEDGE
 70
     3
  9
$SHADEDIF
 70
    70
  9
$TILEMODE
 70
     1
  9
$MAXACTVP
 70
    64
  9
$PINSBASE
 10
0.0
 20
0.0
 30
0.0
  9
$PLIMCHECK
 70
     0
  9
$PEXTMIN
 10
1.000000000000000E+20
 20
1.000000000000000E+20
 30
1.000000000000000E+20
  9
$PEXTMAX
 10
-1.000000000000000E+20
 20
-1.000000000000000E+20
 30
-1.000000000000000E+20
  9
$PLIMMIN
 10
0.0
 20
0.0
  9
$PLIMMAX
 10
420.0
 20
297.0
  9
$UNITMODE
 70
     0
  9
$VISRETAIN
 70
     1
  9
$PLINEGEN
 70
     0
  9
$PSLTSCALE
 70
     1
  9
$TREEDEPTH
 70
  3020
  9
$CMLSTYLE
  2
Standard
  9
$CMLJUST
 70
     0
  9
$CMLSCALE
 40
20.0
  9
$PROXYGRAPHICS
 70
     1
  9
$MEASUREMENT
 70
     1
  9
$CELWEIGHT
370
    -1
  9
$ENDCAPS
280
     0
  9
$JOINSTYLE
280
     0
  9
$LWDISPLAY
290
     0
  9
$INSUNITS
 70
     4
  9
$HYPERLINKBASE
  1

  9
$STYLESHEET
  1

  9
$XEDIT
290
     1
  9
$CEPSNTYPE
380
     0
  9
$PSTYLEMODE
290
     1
  9
$FINGERPRINTGUID
  2
{53da52d3-c7a8-469d-afed-b01c2282fec8}
  9
$VERSIONGUID
  2
{FAEB1C32-E019-11D5-929B-00C0DF256EC4}
  9
$EXTNAMES
290
     1
  9
$PSVPSCALE
 40
0.0
  9
$OLESTARTUP
290
     0
  9
$SORTENTS
280
   127
  9
$INDEXCTL
280
     0
  9
$HIDETEXT
280
     1
  9
$XCLIPFRAME
280
     2
  9
$HALOGAP
280
     0
  9
$OBSCOLOR
 70
   257
  9
$OBSLTYPE
280
     0
  9
$INTERSECTIONDISPLAY
280
     0
  9
$INTERSECTIONCOLOR
 70
   257
  9
$DIMASSOC
280
     2
  9
$PROJECTNAME
  1

  9
$CAMERADISPLAY
290
     0
  9
$LENSLENGTH
 40
50.0
  9
$CAMERAHEIGHT
 40
0.0
  9
$STEPSPERSEC
 40
2.0
  9
$STEPSIZE
 40
6.0
  9
$3DDWFPREC
 40
2.0
  9
$PSOLWIDTH
 40
5.0
  9
$PSOLHEIGHT
 40
80.0
  9
$LOFTANG1
 40
1.570796326794897
  9
$LOFTANG2
 40
1.570796326794897
  9
$LOFTMAG1
 40
0.0
  9
$LOFTMAG2
 40
0.0
  9
$LOFTPARAM
 70
     7
  9
$LOFTNORMALS
280
     1
  9
$LATITUDE
 40
37.795
  9
$LONGITUDE
 40
-122.394
  9
$NORTHDIRECTION
 40
0.0
  9
$TIMEZONE
 70
 -8000
  9
$LIGHTGLYPHDISPLAY
280
     1
  9
$TILEMODELIGHTSYNCH
280
     1
  9
$CMATERIAL
347
44
  9
$SOLIDHIST
280
     0
  9
$SHOWHIST
280
     1
  9
$DWFFRAME
280
     2
  9
$DGNFRAME
280
     2
  9
$REALWORLDSCALE
290
     1
  9
$INTERFERECOLOR
 62
   256
  9
$CSHADOW
280
     0
  9
$SHADOWPLANELOCATION
 40
0.0
  0
ENDSEC
  0
SECTION
  2
CLASSES
  0
CLASS
  1
ACDBDICTIONARYWDFLT
  2
AcDbDictionaryWithDefault
  3
ObjectDBX Classes
 90
        0
 91
        3
280
     0
281
     0
  0
CLASS
  1
VISUALSTYLE
  2
AcDbVisualStyle
  3
ObjectDBX Classes
 90
     4095
 91
        3
280
     0
281
     0
  0
CLASS
  1
MATERIAL
  2
AcDbMaterial
  3
ObjectDBX Classes
 90
     1153
 91
        3
280
     0
281
     0
  0
CLASS
  1
SCALE
  2
AcDbScale
  3
ObjectDBX Classes
 90
     1153
 91
        3
280
     0
281
     0
  0
CLASS
  1
TABLESTYLE
  2
AcDbTableStyle
  3
ObjectDBX Classes
 90
     4095
 91
        3
280
     0
281
     0
  0
CLASS
  1
MLEADERSTYLE
  2
AcDbMLeaderStyle
  3
ACDB_MLEADERSTYLE_CLASS
 90
     4095
 91
        3
280
     0
281
     0
  0
CLASS
  1
SUN
  2
AcDbSun
  3
SCENEOE
 90
     1153
 91
        3
280
     0
281
     0
  0
CLASS
  1
DICTIONARYVAR
  2
AcDbDictionaryVar
  3
ObjectDBX Classes
 90
        0
 91
        3
280
     0
281
     0
  0
CLASS
  1
CELLSTYLEMAP
  2
AcDbCellStyleMap
  3
ObjectDBX Classes
 90
     1152
 91
        3
280
     0
281
     0
  0
ENDSEC
  0
SECTION
  2
TABLES
  0
TABLE
  2
VPORT
  5
8
330
0
100
AcDbSymbolTable
 70
     1
  0
VPORT
  5
29
330
8
100
AcDbSymbolTableRecord
100
AcDbViewportTableRecord
  2
*Active
 70
     0
 10
0.0
 20
0.0
 11
1.0
 21
1.0
 12
2.100000000000023
 22
7.47673728813561
 13
0.0
 23
0.0
 14
10.0
 24
10.0
 15
10.0
 25
10.0
 16
0.0
 26
0.0
 36
1.0
 17
0.0
 27
0.0
 37
0.0
 40
36.62137118644067
 41
0.7575904205976991
 42
50.0
 43
0.0
 44
0.0
 50
0.0
 51
0.0
 71
     0
 72
   100
 73
     1
 74
     3
 75
     0
 76
     0
 77
     0
 78
     0
281
     0
 65
     1
110
0.0
120
0.0
130
0.0
111
1.0
121
0.0
131
0.0
112
0.0
122
1.0
132
0.0
 79
     0
146
0.0
348
2F
 60
     3
 61
     5
292
     1
282
     1
141
0.0
142
0.0
 63
   250
361
5D
  0
ENDTAB
  0
TABLE
  2
LTYPE
  5
5
330
0
100
AcDbSymbolTable
 70
     3
  0
LTYPE
  5
14
330
5
100
AcDbSymbolTableRecord
100
AcDbLinetypeTableRecord
  2
ByBlock
 70
     0
  3

 72
    65
 73
     0
 40
0.0
  0
LTYPE
  5
15
330
5
100
AcDbSymbolTableRecord
100
AcDbLinetypeTableRecord
  2
ByLayer
 70
     0
  3

 72
    65
 73
     0
 40
0.0
  0
LTYPE
  5
16
330
5
100
AcDbSymbolTableRecord
100
AcDbLinetypeTableRecord
  2
Continuous
 70
     0
  3
Solid line
 72
    65
 73
     0
 40
0.0
  0
LTYPE
  5
7F
330
5
100
AcDbSymbolTableRecord
100
AcDbLinetypeTableRecord
  2
Dashed
 70
     0
  3

 72
    65
 73
     2
 40
2.0
 49
1.0
 74
     0
 49
-1.0
 74
     0
  0
LTYPE
  5
CA
330
5
100
AcDbSymbolTableRecord
100
AcDbLinetypeTableRecord
  2
Center
 70
     0
  3

 72
    65
 73
     4
 40
1.5
 49
0.45
 74
     0
 49
-0.5
 74
     0
 49
0.05
 74
     0
 49
-0.5
 74
     0
  0
ENDTAB
  0
TABLE
  2
LAYER
  5
2
330
0
100
AcDbSymbolTable
 70
     8
  0
LAYER
  5
10
330
2
100
AcDbSymbolTableRecord
100
AcDbLayerTableRecord
  2
0
 70
     0
 62
     7
  6
Continuous
370
    -3
390
F
347
46
348
0
  0
LAYER
  5
5E
330
2
100
AcDbSymbolTableRecord
100
AcDbLayerTableRecord
  2
AM_6
 70
     0
 62
    -2
  6
Continuous
370
    35
390
F
347
46
348
0
  0
LAYER
  5
80
330
2
100
AcDbSymbolTableRecord
100
AcDbLayerTableRecord
  2
AM_9
 70
     0
 62
     6
  6
Dashed
370
    25
390
F
347
46
348
0
  0
LAYER
  5
83
330
2
100
AcDbSymbolTableRecord
100
AcDbLayerTableRecord
  2
AM_0
 70
     0
 62
     7
  6
Continuous
370
    50
390
F
347
46
348
0
  0
LAYER
  5
C7
330
2
100
AcDbSymbolTableRecord
100
AcDbLayerTableRecord
  2
AM_5
 70
     0
 62
     3
  6
Continuous
370
    25
390
F
347
46
348
0
  0
LAYER
  5
CB
330
2
100
AcDbSymbolTableRecord
100
AcDbLayerTableRecord
  2
AM_7
 70
     0
 62
     7
  6
Center
370
    25
390
F
347
46
348
0
  0
LAYER
  5
D1
330
2
100
AcDbSymbolTableRecord
100
AcDbLayerTableRecord
  2
Defpoints
 70
     0
 62
     7
  6
Continuous
290
     0
370
    -3
390
F
347
46
348
0
  0
LAYER
  5
E0
330
2
100
AcDbSymbolTableRecord
100
AcDbLayerTableRecord
  2
2d ConnectionPoints
 70
     0
 62
     7
  6
Continuous
370
    50
390
F
347
46
348
0
  0
ENDTAB
  0
TABLE
  2
STYLE
  5
3
330
0
100
AcDbSymbolTable
 70
     1
  0
STYLE
  5
11
330
3
100
AcDbSymbolTableRecord
100
AcDbTextStyleTableRecord
  2
Standard
 70
     0
 40
0.0
 41
1.0
 50
0.0
 71
     0
 42
2.5
  3
txt
  4

  0
ENDTAB
  0
TABLE
  2
VIEW
  5
6
330
0
100
AcDbSymbolTable
 70
     0
  0
ENDTAB
  0
TABLE
  2
UCS
  5
7
330
0
100
AcDbSymbolTable
 70
     0
  0
ENDTAB
  0
TABLE
  2
APPID
  5
9
330
0
100
AcDbSymbolTable
 70
     1
  0
APPID
  5
12
330
9
100
AcDbSymbolTableRecord
100
AcDbRegAppTableRecord
  2
ACAD
 70
     0
  0
ENDTAB
  0
TABLE
  2
DIMSTYLE
  5
A
330
0
100
AcDbSymbolTable
 70
     1
100
AcDbDimStyleTable
  0
DIMSTYLE
105
27
102
{ACAD_REACTORS
330
D0
102
}
330
A
100
AcDbSymbolTableRecord
100
AcDbDimStyleTableRecord
  2
ISO-25
 70
     0
 41
2.5
 42
0.625
 43
3.75
 44
1.25
 73
     0
 74
     0
 77
     1
 78
     8
140
2.5
141
2.5
143
0.03937007874016
147
0.625
171
     3
172
     1
178
     0
271
     2
272
     2
274
     3
278
    44
283
     0
284
     8
340
11
  0
ENDTAB
  0
TABLE
  2
BLOCK_RECORD
  5
1
330
0
100
AcDbSymbolTable
 70
     2
  0
BLOCK_RECORD
  5
1F
330
1
100
AcDbSymbolTableRecord
100
AcDbBlockTableRecord
  2
*Model_Space
340
22
 70
     0
280
     1
281
     0
  0
BLOCK_RECORD
  5
1B
330
1
100
AcDbSymbolTableRecord
100
AcDbBlockTableRecord
  2
*Paper_Space
340
1E
 70
     0
280
     1
281
     0
  0
BLOCK_RECORD
  5
23
330
1
100
AcDbSymbolTableRecord
100
AcDbBlockTableRecord
  2
*Paper_Space0
340
26
 70
     0
280
     1
281
     0
  0
BLOCK_RECORD
  5
D2
330
1
100
AcDbSymbolTableRecord
100
AcDbBlockTableRecord
  2
*D1
340
0
 70
     0
280
     1
281
     0
  0
ENDTAB
  0
ENDSEC
  0
SECTION
  2
BLOCKS
  0
BLOCK
  5
20
330
1F
100
AcDbEntity
  8
0
100
AcDbBlockBegin
  2
*Model_Space
 70
     2
 10
0.0
 20
0.0
 30
0.0
  3
*Model_Space
  1

  0
ENDBLK
  5
21
330
1F
100
AcDbEntity
  8
0
100
AcDbBlockEnd
  0
BLOCK
  5
1C
330
1B
100
AcDbEntity
 67
     1
  8
0
100
AcDbBlockBegin
  2
*Paper_Space
 70
     0
 10
0.0
 20
0.0
 30
0.0
  3
*Paper_Space
  1

  0
ENDBLK
  5
1D
330
1B
100
AcDbEntity
 67
     1
  8
0
100
AcDbBlockEnd
  0
BLOCK
  5
24
330
23
100
AcDbEntity
  8
0
100
AcDbBlockBegin
  2
*Paper_Space0
 70
     0
 10
0.0
 20
0.0
 30
0.0
  3
*Paper_Space0
  1

  0
ENDBLK
  5
25
330
23
100
AcDbEntity
  8
0
100
AcDbBlockEnd
  0
BLOCK
  5
D3
330
D2
100
AcDbEntity
  8
0
100
AcDbBlockBegin
  2
*D1
 70
     1
 10
0.0
 20
0.0
 30
0.0
  3
*D1
  1

  0
LINE
  5
D5
330
D2
100
AcDbEntity
  8
AM_5
 62
     0
370
    -2
100
AcDbLine
 10
4.5
 20
4.65
 30
0.0
 11
4.5
 21
-9.75
 31
0.0
  0
LINE
  5
D6
330
D2
100
AcDbEntity
  8
AM_5
 62
     0
370
    -2
100
AcDbLine
 10
-4.5
 20
4.65
 30
0.0
 11
-4.5
 21
-9.75
 31
0.0
  0
LINE
  5
D7
330
D2
100
AcDbEntity
  8
AM_5
 62
     0
370
    -2
100
AcDbLine
 10
4.5
 20
-9.75
 30
0.0
 11
-4.5
 21
-9.75
 31
0.0
  0
LINE
  5
D8
330
D2
100
AcDbEntity
  8
AM_5
 62
     0
370
    -2
100
AcDbLine
 10
8.0
 20
-9.75
 30
0.0
 11
11.5
 21
-9.75
 31
0.0
  0
LINE
  5
D9
330
D2
100
AcDbEntity
  8
AM_5
 62
     0
370
    -2
100
AcDbLine
 10
-8.0
 20
-9.75
 30
0.0
 11
-11.5
 21
-9.75
 31
0.0
  0
SOLID
  5
DA
330
D2
100
AcDbEntity
  8
AM_5
 62
     0
100
AcDbTrace
 10
8.0
 20
-9.166666666666666
 30
0.0
 11
8.0
 21
-10.33333333333333
 31
0.0
 12
4.5
 22
-9.75
 32
0.0
 13
4.5
 23
-9.75
 33
0.0
  0
SOLID
  5
DB
330
D2
100
AcDbEntity
  8
AM_5
 62
     0
100
AcDbTrace
 10
-8.0
 20
-10.33333333333333
 30
0.0
 11
-8.0
 21
-9.166666666666666
 31
0.0
 12
-4.5
 22
-9.75
 32
0.0
 13
-4.5
 23
-9.75
 33
0.0
  0
MTEXT
  5
DC
330
D2
100
AcDbEntity
  8
AM_5
 62
     0
100
AcDbMText
 10
0.0
 20
-6.913220338983051
 30
0.0
 40
3.5
 41
0.0
 46
0.0
 71
     5
 72
     1
  1
9
 73
     1
 44
1.0
  0
POINT
  5
DD
330
D2
100
AcDbEntity
  8
Defpoints
 62
     0
100
AcDbPoint
 10
4.5
 20
4.65
 30
0.0
  0
POINT
  5
DE
330
D2
100
AcDbEntity
  8
Defpoints
 62
     0
100
AcDbPoint
 10
-4.5
 20
4.65
 30
0.0
  0
POINT
  5
DF
330
D2
100
AcDbEntity
  8
Defpoints
 62
     0
100
AcDbPoint
 10
-4.5
 20
-9.75
 30
0.0
  0
ENDBLK
  5
D4
330
D2
100
AcDbEntity
  8
0
100
AcDbBlockEnd
  0
ENDSEC
  0
SECTION
  2
ENTITIES
  0
ATTDEF
  5
5F
330
1F
100
AcDbEntity
  8
AM_6
100
AcDbText
 10
9.700000000000045
 20
24.825
 30
0.0
 40
0.5
  1
AS1201F-M5-04A
100
AcDbAttributeDefinition
  3

  2
NB
 70
     8
280
     0
  0
ATTDEF
  5
60
330
1F
100
AcDbEntity
  8
AM_6
100
AcDbText
 10
9.700000000000045
 20
24.325
 30
0.0
 40
0.5
  1
AS_2_1F-A
100
AcDbAttributeDefinition
  3

  2
NN
 70
     8
280
     0
  0
ATTDEF
  5
61
330
1F
100
AcDbEntity
  8
AM_6
100
AcDbText
 10
9.700000000000045
 20
23.825
 30
0.0
 40
0.5
  1
Speed Controller With One Touch Fitting/Elbow Type
100
AcDbAttributeDefinition
  3

  2
NT
 70
     8
280
     0
  0
ATTDEF
  5
62
330
1F
100
AcDbEntity
  8
AM_6
100
AcDbText
 10
9.700000000000045
 20
23.325
 30
0.0
 40
0.5
  1
$ORDER2.
100
AcDbAttributeDefinition
  3

  2
NBSYN
 70
     8
280
     0
  0
ATTDEF
  5
63
330
1F
100
AcDbEntity
  8
AM_6
100
AcDbText
 10
9.700000000000045
 20
22.825
 30
0.0
 40
0.5
  1
AS1201F-M5-04A
100
AcDbAttributeDefinition
  3

  2
LINA
 70
     8
280
     0
  0
ATTDEF
  5
64
330
1F
100
AcDbEntity
  8
AM_6
100
AcDbText
 10
9.700000000000045
 20
22.325
 30
0.0
 40
0.5
  1
SMC (JP
100
AcDbAttributeDefinition
  3

  2
CATALOG
 70
     8
280
     0
  0
ATTDEF
  5
65
330
1F
100
AcDbEntity
  8
AM_6
100
AcDbText
 10
9.700000000000045
 20
21.825
 30
0.0
 40
0.5
  1
AS1201F-M5-04A
100
AcDbAttributeDefinition
  3

  2
ROWDESC
 70
     8
280
     0
  0
ATTDEF
  5
66
330
1F
100
AcDbEntity
  8
AM_6
100
AcDbText
 10
9.700000000000045
 20
21.325
 30
0.0
 40
0.5
  1
AS12*1F*-M5*-04A
100
AcDbAttributeDefinition
  3

  2
GUI
 70
     8
280
     0
  0
ATTDEF
  5
67
330
1F
100
AcDbEntity
  8
AM_6
100
AcDbText
 10
9.700000000000045
 20
20.825
 30
0.0
 40
0.5
  1
AS1201F-M5-04A
100
AcDbAttributeDefinition
  3

  2
MODEL
 70
     8
280
     0
  0
ATTDEF
  5
68
330
1F
100
AcDbEntity
  8
AM_6
100
AcDbText
 10
9.700000000000045
 20
20.325
 30
0.0
 40
0.5
  1
(0) Meter-out
100
AcDbAttributeDefinition
  3

  2
CONTROL
 70
     8
280
     0
  0
ATTDEF
  5
69
330
1F
100
AcDbEntity
  8
AM_6
100
AcDbText
 10
9.700000000000045
 20
19.825
 30
0.0
 40
0.5
  1
N/A
100
AcDbAttributeDefinition
  3

  2
SEAL
 70
     8
280
     0
  0
ATTDEF
  5
6A
330
1F
100
AcDbEntity
  8
AM_6
100
AcDbText
 10
9.700000000000045
 20
19.325
 30
0.0
 40
0.5
  1
(-) 9 mm
100
AcDbAttributeDefinition
  3

  2
HEXAGON
 70
     8
280
     0
  0
ATTDEF
  5
6B
330
1F
100
AcDbEntity
  8
AM_6
100
AcDbText
 10
9.700000000000045
 20
18.825
 30
0.0
 40
0.5
  1
(-) None
100
AcDbAttributeDefinition
  3

  2
OMSC
 70
     8
280
     0
  0
ATTDEF
  5
6C
330
1F
100
AcDbEntity
  8
AM_6
100
AcDbText
 10
9.700000000000045
 20
18.325
 30
0.0
 40
0.5
  1
4.0
100
AcDbAttributeDefinition
  3

  2
D
 70
     8
280
     0
  0
ATTDEF
  5
6D
330
1F
100
AcDbEntity
  8
AM_6
100
AcDbText
 10
9.700000000000045
 20
17.825
 30
0.0
 40
0.5
  1
M5x0.8
100
AcDbAttributeDefinition
  3

  2
T
 70
     8
280
     0
  0
ATTDEF
  5
6E
330
1F
100
AcDbEntity
  8
AM_6
100
AcDbText
 10
9.700000000000045
 20
17.325
 30
0.0
 40
0.5
  1
9.0
100
AcDbAttributeDefinition
  3

  2
H
 70
     8
280
     0
  0
ATTDEF
  5
6F
330
1F
100
AcDbEntity
  8
AM_6
100
AcDbText
 10
9.700000000000045
 20
16.825
 30
0.0
 40
0.5
  1
8.2
100
AcDbAttributeDefinition
  3

  2
D1
 70
     8
280
     0
  0
ATTDEF
  5
70
330
1F
100
AcDbEntity
  8
AM_6
100
AcDbText
 10
9.700000000000045
 20
16.325
 30
0.0
 40
0.5
  1
9.4
100
AcDbAttributeDefinition
  3

  2
D3
 70
     8
280
     0
  0
ATTDEF
  5
71
330
1F
100
AcDbEntity
  8
AM_6
100
AcDbText
 10
9.700000000000045
 20
15.825
 30
0.0
 40
0.5
  1
17.2
100
AcDbAttributeDefinition
  3

  2
L1
 70
     8
280
     0
  0
ATTDEF
  5
72
330
1F
100
AcDbEntity
  8
AM_6
100
AcDbText
 10
9.700000000000045
 20
15.325
 30
0.0
 40
0.5
  1
22.0
100
AcDbAttributeDefinition
  3

  2
L2
 70
     8
280
     0
  0
ATTDEF
  5
73
330
1F
100
AcDbEntity
  8
AM_6
100
AcDbText
 10
9.700000000000045
 20
14.825
 30
0.0
 40
0.5
  1
16.9
100
AcDbAttributeDefinition
  3

  2
L3
 70
     8
280
     0
  0
ATTDEF
  5
74
330
1F
100
AcDbEntity
  8
AM_6
100
AcDbText
 10
9.700000000000045
 20
14.325
 30
0.0
 40
0.5
  1
26.5
100
AcDbAttributeDefinition
  3

  2
L4
 70
     8
280
     0
  0
ATTDEF
  5
75
330
1F
100
AcDbEntity
  8
AM_6
100
AcDbText
 10
9.700000000000045
 20
13.825
 30
0.0
 40
0.5
  1
23.5
100
AcDbAttributeDefinition
  3

  2
A
 70
     8
280
     0
  0
ATTDEF
  5
76
330
1F
100
AcDbEntity
  8
AM_6
100
AcDbText
 10
9.700000000000045
 20
13.325
 30
0.0
 40
0.5
  1
13.3
100
AcDbAttributeDefinition
  3

  2
M
 70
     8
280
     0
  0
ATTDEF
  5
77
330
1F
100
AcDbEntity
  8
AM_6
100
AcDbText
 10
9.700000000000045
 20
12.825
 30
0.0
 40
0.5
  1
5
100
AcDbAttributeDefinition
  3

  2
CNSMASSEXACT
 70
     8
280
     0
  0
ATTDEF
  5
78
330
1F
100
AcDbEntity
  8
AM_6
100
AcDbText
 10
9.700000000000045
 20
12.325
 30
0.0
 40
0.5
  1
8.000
100
AcDbAttributeDefinition
  3

  2
L221
 70
     8
280
     0
  0
ATTDEF
  5
79
330
1F
100
AcDbEntity
  8
AM_6
100
AcDbText
 10
9.700000000000045
 20
11.825
 30
0.0
 40
0.5
  1
smc_jp
100
AcDbAttributeDefinition
  3

  2
COMPANY
 70
     8
280
     0
  0
ATTDEF
  5
7A
330
1F
100
AcDbEntity
  8
AM_6
100
AcDbText
 10
9.700000000000045
 20
11.325
 30
0.0
 40
0.5
  1
{$CADENAS_DATA/23d-libs/smc_jp/flow_control_equipment/speed_control_valve/resin_body_with_one_touch_fittings/as_2_1f_a.prj},196 {VTYP=3D},{NB=AS1201F-M5-04A},{LINA=AS1201F-M5-04A},{NN=AS_2_1F-A},{DATE=02.09.2026 09:01:43},{GEOMDATE=22.07.2025 06:43:
100
AcDbAttributeDefinition
  3

  2
PSOL_0
 70
     9
280
     0
  0
ATTDEF
  5
7B
330
1F
100
AcDbEntity
  8
AM_6
100
AcDbText
 10
9.700000000000045
 20
10.825
 30
0.0
 40
0.5
  1
ERSION=},{LINEID=20},{WBVAR=CONTROL,SEAL,HEXAGON,OMSC},{WBNUMERIC=}  {NB=AS1201F-M5-04A},{LINA=AS1201F-M5-04A},{KT=DUMMY},{GUI=AS12*1F*-M5*-04A},{MODEL=AS1201F-M5-04A},{CONTROL=0},{SEAL=},{HEXAGON=},{HEXAGONX='E','(E) 8mm','','(-) 9 mm'},{OMSC=},{D=
100
AcDbAttributeDefinition
  3

  2
PSOL_1
 70
     9
280
     0
  0
ATTDEF
  5
7C
330
1F
100
AcDbEntity
  8
AM_6
100
AcDbText
 10
9.700000000000045
 20
10.325
 30
0.0
 40
0.5
  1
T=M5x0.8},{TD=5.000},{H=9.0},{H1=9.0},{H2=8},{D1=8.2},{D3=9.4},{L1=17.2},{L2=22.0},{L21=21.5},{L22=22.0},{L3=16.9},{L4=26.5},{A=23.5},{M=13.3},{MODEL1=AS12},{MODEL2=1F},{MODEL22=-M5-04},{MODEL21=-M5},{MODEL23=-04},{MODEL3=1F},{MODEL33=-M5-04},{MODEL
100
AcDbAttributeDefinition
  3

  2
PSOL_2
 70
     9
280
     0
  0
ATTDEF
  5
7D
330
1F
100
AcDbEntity
  8
AM_6
100
AcDbText
 10
9.700000000000045
 20
9.825
 30
0.0
 40
0.5
  1
},{MODEL32=-04},{ORDER=AS1201F-M5-04A},{THREADX= '','N/A' },{SEALX= '','N/A' },{CNSMASSEXACT=5},{A1=4.500},{A2=6.300},{A3=0.000},{A4=0.000},{A5=0.000},{A6=0.000},{A7=0.000},{A8=0.000},{A9=0.000},{HR=9.600},{B1=7.700},{B2=4.500},{B3=6.100},{B4=9.000}
100
AcDbAttributeDefinition
  3

  2
PSOL_3
 70
     9
280
     0
  0
ATTDEF
  5
7E
330
1F
100
AcDbEntity
  8
AM_6
100
AcDbText
 10
9.700000000000045
 20
9.325
 30
0.0
 40
0.5
  1
1},{NENN=AS1201F-M5-04A},{N=3},{MASS1=5},{MASS2=5},{ORDER2=AS1201F-M5-04A},{ORDER1=AS1201F-M5-04A},{L221=8.000}
100
AcDbAttributeDefinition
  3

  2
PSOL_4
 70
     9
280
     0
  0
CIRCLE
  5
81
330
1F
100
AcDbEntity
  8
AM_9
100
AcDbCircle
 10
0.0000000000000018
 20
13.89999999999998
 30
0.0
 40
2.25000000000002
  0
CIRCLE
  5
82
330
1F
100
AcDbEntity
  8
AM_9
100
AcDbCircle
 10
0.0000000000000005
 20
13.89999999999998
 30
0.0
 40
1.999999999999998
  0
LINE
  5
84
330
1F
100
AcDbEntity
  8
AM_0
100
AcDbLine
 10
-2.200000000000002
 20
0.0
 30
0.0
 11
-2.200000000000003
 21
-0.4499999999999999
 31
0.0
  0
LINE
  5
85
330
1F
100
AcDbEntity
  8
AM_0
100
AcDbLine
 10
2.199999999999901
 20
-0.4500000000000094
 30
0.0
 11
2.199999999999902
 21
-0.0000000000000095
 31
0.0
  0
LINE
  5
86
330
1F
100
AcDbEntity
  8
AM_0
100
AcDbLine
 10
2.1999999999999
 20
-0.4500000000000094
 30
0.0
 11
-2.200000000000003
 21
-0.45
 31
0.0
  0
LINE
  5
87
330
1F
100
AcDbEntity
  8
AM_0
100
AcDbLine
 10
2.009499999999943
 20
-3.000000000000009
 30
0.0
 11
2.499999999999831
 21
-2.509500000000124
 31
0.0
  0
LINE
  5
88
330
1F
100
AcDbEntity
  8
AM_0
100
AcDbLine
 10
-2.499999999999943
 20
-2.509500000000114
 30
0.0
 11
-2.009500000000057
 21
-3.0
 31
0.0
  0
LINE
  5
89
330
1F
100
AcDbEntity
  8
AM_0
100
AcDbLine
 10
2.009499999999943
 20
-3.000000000000009
 30
0.0
 11
-2.009500000000057
 21
-3.0
 31
0.0
  0
LINE
  5
8A
330
1F
100
AcDbEntity
  8
AM_0
100
AcDbLine
 10
-2.009500000000057
 20
-0.4499999999999999
 30
0.0
 11
-2.499999999999943
 21
-0.940499999999886
 31
0.0
  0
LINE
  5
8B
330
1F
100
AcDbEntity
  8
AM_0
100
AcDbLine
 10
2.499999999999838
 20
-0.9404999999998963
 30
0.0
 11
2.009499999999954
 21
-0.4500000000000086
 31
0.0
  0
LINE
  5
8C
330
1F
100
AcDbEntity
  8
AM_0
100
AcDbLine
 10
-2.499999999999941
 20
-0.9404999999998859
 30
0.0
 11
-2.499999999999945
 21
-2.509500000000114
 31
0.0
  0
LINE
  5
8D
330
1F
100
AcDbEntity
  8
AM_0
100
AcDbLine
 10
2.499999999999833
 20
-2.509500000000124
 30
0.0
 11
2.499999999999837
 21
-0.9404999999998963
 31
0.0
  0
LINE
  5
8E
330
1F
100
AcDbEntity
  8
AM_0
100
AcDbLine
 10
2.499999999999831
 20
-2.509500000000124
 30
0.0
 11
-2.499999999999943
 21
-2.509500000000114
 31
0.0
  0
LINE
  5
8F
330
1F
100
AcDbEntity
  8
AM_0
100
AcDbLine
 10
2.499999999999838
 20
-0.9404999999998964
 30
0.0
 11
-2.499999999999943
 21
-0.9404999999998858
 31
0.0
  0
LINE
  5
90
330
1F
100
AcDbEntity
  8
AM_0
100
AcDbLine
 10
-2.950000000000005
 20
18.14999999999998
 30
0.0
 11
-2.950000000000007
 21
17.05
 31
0.0
  0
LINE
  5
91
330
1F
100
AcDbEntity
  8
AM_0
100
AcDbLine
 10
2.94999999999998
 20
17.04999999999999
 30
0.0
 11
2.949999999999982
 21
18.14999999999997
 31
0.0
  0
LINE
  5
92
330
1F
100
AcDbEntity
  8
AM_0
100
AcDbLine
 10
-3.499999999999999
 20
0.5500000000000002
 30
0.0
 11
-3.5
 21
0.0
 31
0.0
  0
LINE
  5
93
330
1F
100
AcDbEntity
  8
AM_0
100
AcDbLine
 10
3.4999999999999
 20
-0.0000000000000147
 30
0.0
 11
3.499999999999901
 21
0.5499999999999854
 31
0.0
  0
LINE
  5
94
330
1F
100
AcDbEntity
  8
AM_0
100
AcDbLine
 10
3.4999999999999
 20
-0.0000000000000149
 30
0.0
 11
-3.5
 21
0.0000000000000001
 31
0.0
  0
LINE
  5
95
330
1F
100
AcDbEntity
  8
AM_0
100
AcDbLine
 10
-3.696547614148946
 20
1.630384757729376
 30
0.0
 11
-4.500000000000001
 21
1.63038475772937
 31
0.0
  0
LINE
  5
96
330
1F
100
AcDbEntity
  8
AM_0
100
AcDbLine
 10
-4.500000000000001
 20
7.8
 30
0.0
 11
-4.500000000000001
 21
1.55
 31
0.0
  0
LINE
  5
97
330
1F
100
AcDbEntity
  8
AM_0
100
AcDbLine
 10
4.500000000000001
 20
1.549999999999981
 30
0.0
 11
-4.500000000000001
 21
1.55
 31
0.0
  0
LINE
  5
98
330
1F
100
AcDbEntity
  8
AM_0
100
AcDbLine
 10
4.500000000000001
 20
1.549999999999981
 30
0.0
 11
4.500000000000001
 21
7.8
 31
0.0
  0
LINE
  5
99
330
1F
100
AcDbEntity
  8
AM_0
100
AcDbLine
 10
4.500000000000001
 20
1.630384757729387
 30
0.0
 11
3.696547614148944
 21
1.630384757729374
 31
0.0
  0
LINE
  5
9A
330
1F
100
AcDbEntity
  8
AM_0
100
AcDbLine
 10
-3.999999999999999
 20
1.55
 30
0.0
 11
-4.000000000000001
 21
0.5500000000000002
 31
0.0
  0
LINE
  5
9B
330
1F
100
AcDbEntity
  8
AM_0
100
AcDbLine
 10
3.999999999999902
 20
0.5499999999999828
 30
0.0
 11
3.999999999999904
 21
1.549999999999983
 31
0.0
  0
LINE
  5
9C
330
1F
100
AcDbEntity
  8
AM_0
100
AcDbLine
 10
3.999999999999901
 20
0.549999999999983
 30
0.0
 11
-4.0
 21
0.55
 31
0.0
  0
LWPOLYLINE
  5
9D
330
1F
100
AcDbEntity
  8
AM_9
100
AcDbPolyline
 90
       39
 70
     0
 43
0.0
 10
1.056087124537581
 20
16.76132486540518
 10
1.294404925347823
 20
16.66168290105286
 10
1.520980023518963
 20
16.54369434089046
 10
1.741277284651326
 20
16.40407281701817
 10
1.94698099842739
 20
16.24771484464419
 10
2.13136568706945
 20
16.0816857800569
 10
2.301021865256445
 20
15.901948644599
 10
2.458981870720476
 20
15.70440908282747
 10
2.600481969622035
 20
15.4937357138719
 10
2.710474768098146
 20
15.29850033266175
 10
2.806653225221629
 20
15.09381643201671
 10
2.890134669326813
 20
14.87444165062235
 10
2.957272366292766
 20
14.64635122533649
 10
2.997410262308246
 20
14.46388372616435
 10
3.026522596626529
 20
14.27770487435183
 10
3.044456423090018
 20
14.08351679805285
 10
3.049976062457049
 20
13.8879161910339
 10
3.043259289870072
 20
13.69757000335801
 10
3.024794636794265
 20
13.50869780831076
 10
2.993798622022217
 20
13.31725083325039
 10
2.951161244134622
 20
13.12983942510801
 10
2.883001035095938
 20
12.90464727596497
 10
2.798892431840354
 20
12.68810018772715
 10
2.696774259674437
 20
12.47526042817241
 10
2.579666071575881
 20
12.27278675055773
 10
2.448423055452338
 20
12.08128797482803
 10
2.303427500020868
 20
11.90081972995234
 10
2.141652102654583
 20
11.72840982107789
 10
1.966373057162733
 20
11.56850327041518
 10
1.749289456415424
 20
11.40152134922633
 10
1.515767038193462
 20
11.25331333816667
 10
1.345190132424736
 20
11.16270327530278
 10
1.167509591559148
 20
11.08233209335753
 10
0.9837424971663483
 20
11.01300316950829
 10
0.7816661909454174
 20
10.95187978113471
 10
0.5743235786053835
 20
10.90456139654672
 10
0.3568827146852278
 20
10.87097108725874
 10
0.1367332377025009
 20
10.85306645597452
 10
-0.000000000000006
 20
10.84999999999999
  0
LWPOLYLINE
  5
9E
330
1F
100
AcDbEntity
  8
AM_9
100
AcDbPolyline
 90
       39
 70
     0
 43
0.0
 10
-0.000000000000006
 20
10.84999999999999
 10
-0.1822897717937186
 20
10.85546175018774
 10
-0.3636242819931345
 20
10.8717534146729
 10
-0.546878287118237
 20
10.89943856830533
 10
-0.727248563986263
 20
10.93797205850786
 10
-0.9273363668837125
 20
10.9944060216983
 10
-1.121577489930259
 20
11.06370595070219
 10
-1.313376005172891
 20
11.14727567622498
 10
-1.497355490836948
 20
11.24285368598929
 10
-1.688052530653445
 20
11.3597370369935
 10
-1.868188329349478
 20
11.48911377993845
 10
-2.040731933532369
 20
11.63330850066082
 10
-2.201428473541269
 20
11.78902565721845
 10
-2.37098538107243
 20
11.98143016779112
 10
-2.523950704073664
 20
12.18764114642805
 10
-2.663055622026083
 20
12.41319170731078
 10
-2.78309785270191
 20
12.652255497994
 10
-2.859492684250378
 20
12.83897990875871
 10
-2.924018420862574
 20
13.0324654044613
 10
-2.977119970578751
 20
13.2373087377324
 10
-3.016257481958405
 20
13.44757232342607
 10
-3.040284437990871
 20
13.65704223370779
 10
-3.049839185731272
 20
13.868680019506
 10
-3.044123882660092
 20
14.08878467881616
 10
-3.022714500559826
 20
14.30705902287689
 10
-2.992699821680565
 20
14.4883783620533
 10
-2.952233747634632
 20
14.66603909777979
 10
-2.900529969432533
 20
14.84307636327483
 10
-2.838911243545012
 20
15.0149362992
 10
-2.734345315141642
 20
15.25122524519019
 10
-2.611639692116909
 20
15.47538506993038
 10
-2.467529978526362
 20
15.69270127168509
 10
-2.306018616941542
 20
15.89619090728293
 10
-2.129624234950906
 20
16.08338457537604
 10
-1.93728484487326
 20
16.2557222734916
 10
-1.723477586317619
 20
16.41635431015265
 10
-1.494127080383395
 20
16.55896300607304
 10
-1.281068486651746
 20
16.66791682181894
 10
-1.056087124537568
 20
16.76132486540518
  0
LINE
  5
9F
330
1F
100
AcDbEntity
  8
AM_0
100
AcDbLine
 10
-4.399999999999994
 20
16.76132486540519
 30
0.0
 11
-4.400000000000007
 21
10.85
 31
0.0
  0
LINE
  5
A0
330
1F
100
AcDbEntity
  8
AM_0
100
AcDbLine
 10
4.399999999999952
 20
10.84999999999998
 30
0.0
 11
4.399999999999965
 21
16.76132486540517
 31
0.0
  0
LINE
  5
A1
330
1F
100
AcDbEntity
  8
AM_0
100
AcDbLine
 10
4.399999999999945
 20
10.84999999999998
 30
0.0
 11
-4.399999999999999
 21
10.85
 31
0.0
  0
LWPOLYLINE
  5
A2
330
1F
100
AcDbEntity
  8
AM_9
100
AcDbPolyline
 90
       14
 70
     0
 43
0.0
 10
-1.056087124537568
 20
16.76132486540518
 10
-0.9062219139011379
 20
16.81225091520957
 10
-0.7510685921160968
 20
16.85607780173945
 10
-0.5874810614515039
 20
16.8928742828396
 10
-0.4202154624783678
 20
16.92091359775385
 10
-0.2405320478151195
 20
16.94048639720262
 10
-0.0591665511435526
 20
16.94942606390543
 10
0.1279658296169494
 20
16.94729842960174
 10
0.3141507561140414
 20
16.93377805754359
 10
0.4915723923845379
 20
16.91011155402062
 10
0.6655981737905561
 20
16.87648770718891
 10
0.8398439754134387
 20
16.83207675417468
 10
1.008044256795514
 20
16.77860153135886
 10
1.056087124537581
 20
16.76132486540518
  0
LINE
  5
A3
330
1F
100
AcDbEntity
  8
AM_0
100
AcDbLine
 10
-3.900000000000006
 20
17.05
 30
0.0
 11
-4.399999999999999
 21
16.76132486540519
 31
0.0
  0
LINE
  5
A4
330
1F
100
AcDbEntity
  8
AM_0
100
AcDbLine
 10
4.399999999999972
 20
16.76132486540517
 30
0.0
 11
3.899999999999978
 21
17.04999999999999
 31
0.0
  0
LINE
  5
A5
330
1F
100
AcDbEntity
  8
AM_0
100
AcDbLine
 10
3.899999999999978
 20
17.04999999999999
 30
0.0
 11
-3.900000000000006
 21
17.05
 31
0.0
  0
LINE
  5
A6
330
1F
100
AcDbEntity
  8
AM_0
100
AcDbLine
 10
4.399999999999971
 20
16.76132486540517
 30
0.0
 11
-4.4
 21
16.76132486540519
 31
0.0
  0
LINE
  5
A7
330
1F
100
AcDbEntity
  8
AM_0
100
AcDbLine
 10
-4.300000000000026
 20
10.85
 30
0.0
 11
-4.500000000000001
 21
10.65000000000003
 31
0.0
  0
LINE
  5
A8
330
1F
100
AcDbEntity
  8
AM_0
100
AcDbLine
 10
4.499999999999947
 20
10.65000000000001
 30
0.0
 11
4.299999999999971
 21
10.84999999999998
 31
0.0
  0
LINE
  5
A9
330
1F
100
AcDbEntity
  8
AM_0
100
AcDbLine
 10
-4.500000000000001
 20
10.65000000000003
 30
0.0
 11
-4.500000000000006
 21
7.85
 31
0.0
  0
LINE
  5
AA
330
1F
100
AcDbEntity
  8
AM_0
100
AcDbLine
 10
4.499999999999939
 20
7.849999999999978
 30
0.0
 11
4.499999999999945
 21
10.65000000000001
 31
0.0
  0
LINE
  5
AB
330
1F
100
AcDbEntity
  8
AM_0
100
AcDbLine
 10
4.499999999999945
 20
10.65000000000001
 30
0.0
 11
-4.500000000000001
 21
10.65000000000003
 31
0.0
  0
LINE
  5
AC
330
1F
100
AcDbEntity
  8
AM_0
100
AcDbLine
 10
4.700000000000033
 20
18.14999999999999
 30
0.0
 11
-4.700000000000033
 21
18.14999999999999
 31
0.0
  0
LINE
  5
AD
330
1F
100
AcDbEntity
  8
AM_0
100
AcDbLine
 10
-4.700000000000041
 20
23.5
 30
0.0
 11
-4.700000000000053
 21
18.15000000000001
 31
0.0
  0
LINE
  5
AE
330
1F
100
AcDbEntity
  8
AM_0
100
AcDbLine
 10
4.700000000000029
 20
18.14999999999999
 30
0.0
 11
4.700000000000041
 21
23.49999999999998
 31
0.0
  0
LINE
  5
AF
330
1F
100
AcDbEntity
  8
AM_0
100
AcDbLine
 10
4.700000000000045
 20
23.49999999999998
 30
0.0
 11
-4.700000000000045
 21
23.5
 31
0.0
  0
LINE
  5
B0
330
1F
100
AcDbEntity
  8
AM_0
100
AcDbLine
 10
-3.696547614148946
 20
7.769615242270641
 30
0.0
 11
-3.696547614148946
 21
1.630384757729376
 31
0.0
  0
LWPOLYLINE
  5
B1
330
1F
100
AcDbEntity
  8
AM_0
100
AcDbPolyline
 90
        5
 70
     0
 43
0.0
 10
-2.250000000000037
 20
1.549999999999996
 10
-2.611744811572772
 20
1.555195318940051
 10
-2.973273807074492
 20
1.570590258461084
 10
-3.33519402968945
 20
1.595881959457024
 10
-3.696547614148946
 20
1.630384757729376
  0
LWPOLYLINE
  5
B2
330
1F
100
AcDbEntity
  8
AM_0
100
AcDbPolyline
 90
        5
 70
     0
 43
0.0
 10
3.696547614148944
 20
1.630384757729374
 10
3.335980801926118
 20
1.595947217929196
 10
2.974849492314211
 20
1.570679312646107
 10
2.612533344527543
 20
1.555217992483349
 10
2.249999999999966
 20
1.549999999999986
  0
LINE
  5
B3
330
1F
100
AcDbEntity
  8
AM_0
100
AcDbLine
 10
3.696547614148944
 20
7.769615242270629
 30
0.0
 11
3.696547614148944
 21
1.630384757729374
 31
0.0
  0
LINE
  5
B4
330
1F
100
AcDbEntity
  8
AM_0
100
AcDbLine
 10
-0.8034523858510579
 20
7.769615242270648
 30
0.0
 11
-0.8034523858510579
 21
1.630384757729372
 31
0.0
  0
LINE
  5
B5
330
1F
100
AcDbEntity
  8
AM_0
100
AcDbLine
 10
0.8034523858510562
 20
7.769615242270649
 30
0.0
 11
0.8034523858510562
 21
1.630384757729368
 31
0.0
  0
LWPOLYLINE
  5
B6
330
1F
100
AcDbEntity
  8
AM_0
100
AcDbPolyline
 90
        5
 70
     0
 43
0.0
 10
2.249999999999966
 20
1.549999999999986
 10
1.888255188427231
 20
1.555195318940048
 10
1.526726192925511
 20
1.570590258461087
 10
1.164805970310552
 20
1.595881959457021
 10
0.8034523858510562
 20
1.630384757729368
  0
LINE
  5
B7
330
1F
100
AcDbEntity
  8
AM_0
100
AcDbLine
 10
0.8034523858510562
 20
1.630384757729368
 30
0.0
 11
-0.8034523858510579
 21
1.630384757729372
 31
0.0
  0
LWPOLYLINE
  5
B8
330
1F
100
AcDbEntity
  8
AM_0
100
AcDbPolyline
 90
        5
 70
     0
 43
0.0
 10
-0.8034523858510579
 20
1.630384757729372
 10
-1.164019198073884
 20
1.595947217929194
 10
-1.525150507685791
 20
1.570679312646104
 10
-1.887466655472459
 20
1.555217992483353
 10
-2.250000000000037
 20
1.549999999999996
  0
LINE
  5
B9
330
1F
100
AcDbEntity
  8
AM_0
100
AcDbLine
 10
1.1161205846253
 20
7.8
 30
0.0
 11
3.383879415374683
 21
7.8
 31
0.0
  0
LINE
  5
BA
330
1F
100
AcDbEntity
  8
AM_0
100
AcDbLine
 10
3.383879415374683
 20
7.8
 30
0.0
 11
3.696547614148944
 21
7.769615242270629
 31
0.0
  0
LINE
  5
BB
330
1F
100
AcDbEntity
  8
AM_0
100
AcDbLine
 10
3.696547614148944
 20
7.769615242270629
 30
0.0
 11
4.500000000000001
 21
7.769615242270629
 31
0.0
  0
LINE
  5
BC
330
1F
100
AcDbEntity
  8
AM_0
100
AcDbLine
 10
4.500000000000001
 20
7.8
 30
0.0
 11
4.686602540378342
 21
7.8
 31
0.0
  0
LINE
  5
BD
330
1F
100
AcDbEntity
  8
AM_0
100
AcDbLine
 10
-4.500000000000001
 20
7.769615242270662
 30
0.0
 11
-3.696547614148946
 21
7.769615242270641
 31
0.0
  0
LINE
  5
BE
330
1F
100
AcDbEntity
  8
AM_0
100
AcDbLine
 10
-3.696547614148946
 20
7.769615242270641
 30
0.0
 11
-3.383879415374832
 21
7.8
 31
0.0
  0
LINE
  5
BF
330
1F
100
AcDbEntity
  8
AM_0
100
AcDbLine
 10
-3.383879415374832
 20
7.8
 30
0.0
 11
-1.116120584625255
 21
7.8
 31
0.0
  0
LINE
  5
C0
330
1F
100
AcDbEntity
  8
AM_0
100
AcDbLine
 10
-1.116120584625255
 20
7.8
 30
0.0
 11
-0.8034523858510579
 21
7.769615242270648
 31
0.0
  0
LINE
  5
C1
330
1F
100
AcDbEntity
  8
AM_0
100
AcDbLine
 10
-0.8034523858510579
 20
7.769615242270648
 30
0.0
 11
0.8034523858510562
 21
7.769615242270649
 31
0.0
  0
LINE
  5
C2
330
1F
100
AcDbEntity
  8
AM_0
100
AcDbLine
 10
0.8034523858510562
 20
7.769615242270649
 30
0.0
 11
1.1161205846253
 21
7.8
 31
0.0
  0
LINE
  5
C3
330
1F
100
AcDbEntity
  8
AM_0
100
AcDbLine
 10
-4.500000000000007
 20
7.85
 30
0.0
 11
-4.68660254037842
 21
7.800000000000008
 31
0.0
  0
LINE
  5
C4
330
1F
100
AcDbEntity
  8
AM_0
100
AcDbLine
 10
4.686602540378331
 20
7.799999999999992
 30
0.0
 11
4.49999999999994
 21
7.849999999999978
 31
0.0
  0
LINE
  5
C5
330
1F
100
AcDbEntity
  8
AM_0
100
AcDbLine
 10
-4.686602540378409
 20
7.8
 30
0.0
 11
-4.500000000000001
 21
7.8
 31
0.0
  0
LINE
  5
C6
330
1F
100
AcDbEntity
  8
AM_0
100
AcDbLine
 10
4.49999999999994
 20
7.849999999999978
 30
0.0
 11
-4.500000000000007
 21
7.85
 31
0.0
  0
LINE
  5
C8
330
1F
100
AcDbEntity
  8
AM_5
100
AcDbLine
 10
-2.009500000000057
 20
-2.999999999999998
 30
0.0
 11
-2.009500000000057
 21
-0.4500000000000003
 31
0.0
  0
LINE
  5
C9
330
1F
100
AcDbEntity
  8
AM_5
100
AcDbLine
 10
2.009499999999943
 20
-3.000000000000007
 30
0.0
 11
2.009499999999954
 21
-0.450000000000009
 31
0.0
  0
LINE
  5
CC
330
1F
100
AcDbEntity
  8
AM_7
100
AcDbLine
 10
0.0000000000000028
 20
24.825
 30
0.0
 11
-0.0000000000000597
 21
-4.32500000000001
 31
0.0
  0
LINE
  5
CD
330
1F
100
AcDbEntity
  8
AM_7
100
AcDbLine
 10
-4.305000000000034
 20
13.89999999999998
 30
0.0
 11
4.305000000000027
 21
13.89999999999998
 31
0.0
  0
CIRCLE
  5
CE
330
1F
100
AcDbEntity
  8
AM_9
100
AcDbCircle
 10
0.0000000000000018
 20
13.89999999999998
 30
0.0
 40
3.850000000000024
  0
CIRCLE
  5
CF
330
1F
100
AcDbEntity
  8
AM_9
100
AcDbCircle
 10
0.0000000000000013
 20
13.89999999999998
 30
0.0
 40
4.100000000000025
  0
DIMENSION
  5
D0
330
1F
100
AcDbEntity
  8
AM_5
100
AcDbDimension
280
     0
  2
*D1
 10
-4.5
 20
-9.75
 30
0.0
 11
0.0
 21
-9.75
 31
0.0
 70
   160
  1
9
 71
     5
 42
9.0
 73
     0
 74
     0
 75
     0
  3
ISO-25
100
AcDbAlignedDimension
 13
4.5
 23
4.65
 33
0.0
 14
-4.5
 24
4.65
 34
0.0
100
AcDbRotatedDimension
1001
ACAD
1000
DSTYLE
1002
{
1070
   147
1040
1.05
1070
    42
1040
0.0
1070
    44
1040
0.0
1070
    41
1040
3.5
1070
   140
1040
3.5
1002
}
  0
POINT
  5
E1
330
1F
100
AcDbEntity
  8
2d ConnectionPoints
100
AcDbPoint
 10
0.0
 20
-3.0
 30
0.0
  0
ENDSEC
  0
SECTION
  2
OBJECTS
  0
DICTIONARY
  5
C
330
0
100
AcDbDictionary
281
     1
  3
ACAD_DETAILVIEWSTYLE
350
E9
  3
ACAD_GROUP
350
D
  3
ACAD_LAYOUT
350
1A
  3
ACAD_MATERIAL
350
43
  3
ACAD_MLEADERSTYLE
350
5B
  3
ACAD_MLINESTYLE
350
17
  3
ACAD_PLOTSETTINGS
350
19
  3
ACAD_PLOTSTYLENAME
350
E
  3
ACAD_SCALELIST
350
47
  3
ACAD_SECTIONVIEWSTYLE
350
EA
  3
ACAD_TABLESTYLE
350
59
  3
ACAD_VISUALSTYLE
350
2A
  3
ACDB_RECOMPOSE_DATA
350
E6
  3
AcDbVariableDictionary
350
E2
  0
SUN
  5
5D
330
29
100
AcDbSun
 90
        1
290
     0
 63
     7
421
 16777215
 40
1.0
291
     1
 91
  2455826
 92
 54000000
292
     0
 70
     2
 71
   256
280
     1
  0
DICTIONARY
  5
E9
102
{ACAD_REACTORS
330
C
102
}
330
C
100
AcDbDictionary
281
     1
  0
DICTIONARY
  5
D
102
{ACAD_REACTORS
330
C
102
}
330
C
100
AcDbDictionary
281
     1
  0
DICTIONARY
  5
1A
102
{ACAD_REACTORS
330
C
102
}
330
C
100
AcDbDictionary
281
     1
  3
Layout1
350
1E
  3
Layout2
350
26
  3
Model
350
22
  0
DICTIONARY
  5
43
102
{ACAD_REACTORS
330
C
102
}
330
C
100
AcDbDictionary
281
     1
  3
ByBlock
350
45
  3
ByLayer
350
44
  3
Global
350
46
  0
DICTIONARY
  5
5B
102
{ACAD_REACTORS
330
C
102
}
330
C
100
AcDbDictionary
281
     1
  3
Standard
350
5C
  0
DICTIONARY
  5
17
102
{ACAD_REACTORS
330
C
102
}
330
C
100
AcDbDictionary
281
     1
  3
Standard
350
18
  0
DICTIONARY
  5
19
102
{ACAD_REACTORS
330
C
102
}
330
C
100
AcDbDictionary
281
     1
  0
ACDBDICTIONARYWDFLT
  5
E
102
{ACAD_REACTORS
330
C
102
}
330
C
100
AcDbDictionary
281
     1
  3
Normal
350
F
100
AcDbDictionaryWithDefault
340
F
  0
DICTIONARY
  5
47
102
{ACAD_REACTORS
330
C
102
}
330
C
100
AcDbDictionary
281
     1
  3
A0
350
48
  3
A1
350
49
  3
A2
350
4A
  3
A3
350
4B
  3
A4
350
4C
  3
A5
350
4D
  3
A6
350
4E
  3
A7
350
4F
  3
A8
350
50
  3
A9
350
51
  3
B0
350
52
  3
B1
350
53
  3
B2
350
54
  3
B3
350
55
  3
B4
350
56
  3
B5
350
57
  3
B6
350
58
  0
DICTIONARY
  5
EA
102
{ACAD_REACTORS
330
C
102
}
330
C
100
AcDbDictionary
281
     1
  0
DICTIONARY
  5
59
102
{ACAD_REACTORS
330
C
102
}
330
C
100
AcDbDictionary
281
     1
  3
Standard
350
5A
  0
DICTIONARY
  5
2A
102
{ACAD_REACTORS
330
C
102
}
330
C
100
AcDbDictionary
281
     1
  3
2dWireframe
350
2F
  3
Basic
350
32
  3
Brighten
350
36
  3
ColorChange
350
3A
  3
Conceptual
350
34
  3
Dim
350
35
  3
EdgeColorOff
350
3D
  3
Facepattern
350
39
  3
Flat
350
2B
  3
FlatWithEdges
350
2C
  3
Gouraud
350
2D
  3
GouraudWithEdges
350
2E
  3
Hidden
350
31
  3
JitterOff
350
3B
  3
Linepattern
350
38
  3
OverhangOff
350
3C
  3
Realistic
350
33
  3
Shaded
350
42
  3
Shaded with edges
350
41
  3
Shades of Gray
350
3E
  3
Sketchy
350
3F
  3
Thicken
350
37
  3
Wireframe
350
30
  3
X-Ray
350
40
  0
XRECORD
  5
E6
102
{ACAD_REACTORS
330
C
102
}
330
C
100
AcDbXrecord
280
     1
 90
        1
330
5A
  0
DICTIONARY
  5
E2
102
{ACAD_REACTORS
330
C
102
}
330
C
100
AcDbDictionary
281
     1
  3
CANNOSCALE
350
E3
  3
CENTEREXE
350
EB
  3
CENTERLTYPEFILE
350
EC
  3
CMLEADERSTYLE
350
E8
  3
CTABLESTYLE
350
E7
  0
LAYOUT
  5
1E
102
{ACAD_REACTORS
330
1A
102
}
330
1A
100
AcDbPlotSettings
  1

  2
none_device
  4

  6

 40
0.0
 41
0.0
 42
0.0
 43
0.0
 44
0.0
 45
0.0
 46
0.0
 47
0.0
 48
0.0
 49
0.0
140
0.0
141
0.0
142
1.0
143
1.0
 70
   688
 72
     1
 73
     0
 74
     5
  7

 75
    16
 76
     0
 77
     2
 78
   300
147
1.0
148
0.0
149
0.0
100
AcDbLayout
  1
Layout1
 70
     1
 71
     1
 10
0.0
 20
0.0
 11
420.0
 21
297.0
 12
0.0
 22
0.0
 32
0.0
 14
1.000000000000000E+20
 24
1.000000000000000E+20
 34
1.000000000000000E+20
 15
-1.000000000000000E+20
 25
-1.000000000000000E+20
 35
-1.000000000000000E+20
146
0.0
 13
0.0
 23
0.0
 33
0.0
 16
1.0
 26
0.0
 36
0.0
 17
0.0
 27
1.0
 37
0.0
 76
     0
330
1B
  0
LAYOUT
  5
26
102
{ACAD_REACTORS
330
1A
102
}
330
1A
100
AcDbPlotSettings
  1

  2
none_device
  4

  6

 40
0.0
 41
0.0
 42
0.0
 43
0.0
 44
0.0
 45
0.0
 46
0.0
 47
0.0
 48
0.0
 49
0.0
140
0.0
141
0.0
142
1.0
143
1.0
 70
   688
 72
     1
 73
     0
 74
     5
  7

 75
    16
 76
     0
 77
     2
 78
   300
147
1.0
148
0.0
149
0.0
100
AcDbLayout
  1
Layout2
 70
     1
 71
     2
 10
0.0
 20
0.0
 11
0.0
 21
0.0
 12
0.0
 22
0.0
 32
0.0
 14
0.0
 24
0.0
 34
0.0
 15
0.0
 25
0.0
 35
0.0
146
0.0
 13
0.0
 23
0.0
 33
0.0
 16
1.0
 26
0.0
 36
0.0
 17
0.0
 27
1.0
 37
0.0
 76
     0
330
23
  0
LAYOUT
  5
22
102
{ACAD_REACTORS
330
1A
102
}
330
1A
100
AcDbPlotSettings
  1

  2
none_device
  4
Letter_(8.50_x_11.00_Inches)
  6

 40
6.35
 41
6.35
 42
6.35000508
 43
6.35000508
 44
215.9
 45
279.4
 46
0.0
 47
0.0
 48
0.0
 49
0.0
140
0.0
141
0.0
142
1.0
143
1.0
 70
  1712
 72
     1
 73
     0
 74
     0
  7

 75
     0
 76
     0
 77
     2
 78
   300
147
1.0
148
0.0
149
0.0
100
AcDbLayout
  1
Model
 70
     1
 71
     0
 10
0.0
 20
0.0
 11
420.0
 21
297.0
 12
0.0
 22
0.0
 32
0.0
 14
-11.5
 24
-10.33333333333333
 34
0.0
 15
15.61661016949157
 25
25.33042372881356
 35
0.0
146
0.0
 13
0.0
 23
0.0
 33
0.0
 16
1.0
 26
0.0
 36
0.0
 17
0.0
 27
1.0
 37
0.0
 76
     0
330
1F
331
29
  0
MATERIAL
  5
45
102
{ACAD_REACTORS
330
43
102
}
330
43
100
AcDbMaterial
  1
ByBlock
 72
     1
 94
      127
  0
MATERIAL
  5
44
102
{ACAD_REACTORS
330
43
102
}
330
43
100
AcDbMaterial
  1
ByLayer
 72
     1
 94
      127
  0
MATERIAL
  5
46
102
{ACAD_REACTORS
330
43
102
}
330
43
100
AcDbMaterial
  1
Global
 72
     1
 94
      127
  0
MLEADERSTYLE
  5
5C
102
{ACAD_REACTORS
330
5B
102
}
330
5B
100
AcDbMLeaderStyle
179
     2
170
     2
171
     1
172
     0
 90
        2
 40
0.0
 41
0.0
173
     1
 91
-1056964608
340
14
 92
       -2
290
     1
 42
2.0
291
     1
 43
8.0
  3
Standard
341
0
 44
4.0
300

342
11
174
     1
178
     6
175
     1
176
     0
 93
-1056964608
 45
4.0
292
     0
297
     0
 46
4.0
343
0
 94
-1056964608
 47
1.0
 49
1.0
140
1.0
293
     1
141
0.0
294
     1
177
     0
142
1.0
295
     0
296
     0
143
3.75
271
     0
272
     9
273
     9
298
     0
  0
MLINESTYLE
  5
18
102
{ACAD_REACTORS
330
17
102
}
330
17
100
AcDbMlineStyle
  2
Standard
 70
     0
  3

 62
   256
 51
90.0
 52
90.0
 71
     2
 49
0.5
 62
   256
  6
BYLAYER
 49
-0.5
 62
   256
  6
BYLAYER
  0
ACDBPLACEHOLDER
  5
F
102
{ACAD_REACTORS
330
E
102
}
330
E
  0
SCALE
  5
48
102
{ACAD_REACTORS
330
47
102
}
330
47
100
AcDbScale
 70
     0
300
1:1
140
1.0
141
1.0
290
     1
  0
SCALE
  5
49
102
{ACAD_REACTORS
330
47
102
}
330
47
100
AcDbScale
 70
     0
300
1:2
140
1.0
141
2.0
290
     0
  0
SCALE
  5
4A
102
{ACAD_REACTORS
330
47
102
}
330
47
100
AcDbScale
 70
     0
300
1:4
140
1.0
141
4.0
290
     0
  0
SCALE
  5
4B
102
{ACAD_REACTORS
330
47
102
}
330
47
100
AcDbScale
 70
     0
300
1:5
140
1.0
141
5.0
290
     0
  0
SCALE
  5
4C
102
{ACAD_REACTORS
330
47
102
}
330
47
100
AcDbScale
 70
     0
300
1:8
140
1.0
141
8.0
290
     0
  0
SCALE
  5
4D
102
{ACAD_REACTORS
330
47
102
}
330
47
100
AcDbScale
 70
     0
300
1:10
140
1.0
141
10.0
290
     0
  0
SCALE
  5
4E
102
{ACAD_REACTORS
330
47
102
}
330
47
100
AcDbScale
 70
     0
300
1:16
140
1.0
141
16.0
290
     0
  0
SCALE
  5
4F
102
{ACAD_REACTORS
330
47
102
}
330
47
100
AcDbScale
 70
     0
300
1:20
140
1.0
141
20.0
290
     0
  0
SCALE
  5
50
102
{ACAD_REACTORS
330
47
102
}
330
47
100
AcDbScale
 70
     0
300
1:30
140
1.0
141
30.0
290
     0
  0
SCALE
  5
51
102
{ACAD_REACTORS
330
47
102
}
330
47
100
AcDbScale
 70
     0
300
1:40
140
1.0
141
40.0
290
     0
  0
SCALE
  5
52
102
{ACAD_REACTORS
330
47
102
}
330
47
100
AcDbScale
 70
     0
300
1:50
140
1.0
141
50.0
290
     0
  0
SCALE
  5
53
102
{ACAD_REACTORS
330
47
102
}
330
47
100
AcDbScale
 70
     0
300
1:100
140
1.0
141
100.0
290
     0
  0
SCALE
  5
54
102
{ACAD_REACTORS
330
47
102
}
330
47
100
AcDbScale
 70
     0
300
2:1
140
2.0
141
1.0
290
     0
  0
SCALE
  5
55
102
{ACAD_REACTORS
330
47
102
}
330
47
100
AcDbScale
 70
     0
300
4:1
140
4.0
141
1.0
290
     0
  0
SCALE
  5
56
102
{ACAD_REACTORS
330
47
102
}
330
47
100
AcDbScale
 70
     0
300
8:1
140
8.0
141
1.0
290
     0
  0
SCALE
  5
57
102
{ACAD_REACTORS
330
47
102
}
330
47
100
AcDbScale
 70
     0
300
10:1
140
10.0
141
1.0
290
     0
  0
SCALE
  5
58
102
{ACAD_REACTORS
330
47
102
}
330
47
100
AcDbScale
 70
     0
300
100:1
140
100.0
141
1.0
290
     0
  0
TABLESTYLE
  5
5A
102
{ACAD_REACTORS
330
59
102
}
102
{ACAD_XDICTIONARY
360
E4
102
}
330
59
100
AcDbTableStyle
  3
Standard
 70
     0
 71
     0
 40
0.06
 41
0.06
280
     0
281
     0
  7
Standard
140
4.5
170
     2
 62
     0
 63
   257
283
     0
 90
        4
 91
        0
  1

274
    -2
284
     1
 64
     0
275
    -2
285
     1
 65
     0
276
    -2
286
     1
 66
     0
277
    -2
287
     1
 67
     0
278
    -2
288
     1
 68
     0
279
    -2
289
     1
 69
     0
  7
Standard
140
6.0
170
     5
 62
     0
 63
   257
283
     0
 90
        4
 91
        0
  1

274
    -2
284
     1
 64
     0
275
    -2
285
     1
 65
     0
276
    -2
286
     1
 66
     0
277
    -2
287
     1
 67
     0
278
    -2
288
     1
 68
     0
279
    -2
289
     1
 69
     0
  7
Standard
140
4.5
170
     5
 62
     0
 63
   257
283
     0
 90
        4
 91
        0
  1

274
    -2
284
     1
 64
     0
275
    -2
285
     1
 65
     0
276
    -2
286
     1
 66
     0
277
    -2
287
     1
 67
     0
278
    -2
288
     1
 68
     0
279
    -2
289
     1
 69
     0
  0
VISUALSTYLE
  5
2F
102
{ACAD_REACTORS
330
2A
102
}
330
2A
100
AcDbVisualStyle
  2
2dWireframe
 70
     4
177
     3
291
     0
 70
    58
 90
        0
176
     1
 90
        2
176
     1
 90
        0
176
     1
 90
        0
176
     1
 40
0.6
176
     1
 40
30.0
176
     1
 62
     7
420
 16777215
176
     1
 90
        1
176
     1
 90
        4
176
     1
 62
     7
176
     1
 62
   257
176
     1
 90
        1
176
     1
 90
        1
176
     1
 40
1.0
176
     1
 90
        0
176
     1
 62
   257
176
     1
 40
1.0
176
     1
 90
        1
176
     1
 90
        6
176
     1
 90
        2
176
     1
 62
     7
176
     1
 90
        5
176
     1
 90
        0
176
     1
 90
        0
176
     1
290
     0
176
     1
 90
        1
176
     1
 40
0.0
176
     1
 90
        0
176
     1
290
     1
176
     1
290
     1
176
     1
290
     0
176
     1
290
     0
176
     1
290
     0
176
     1
290
     0
176
     1
290
     0
176
     1
290
     0
176
     1
290
     0
176
     1
 90
       50
176
     1
 40
0.0
176
     1
 40
1.0
176
     1
 90
        0
176
     1
 62
    18
420
        0
176
     1
 90
       50
176
     1
 90
        3
176
     1
 62
     5
420
      255
176
     1
290
     0
176
     1
 90
       50
176
     1
 90
       50
176
     1
 90
       50
176
     1
290
     0
176
     1
 90
       50
176
     1
 62
   256
176
     0
 40
1.0
176
     0
 90
        2
176
     1
  1
strokes_ogs.tif
176
     1
290
     0
176
     1
 40
1.0
176
     1
 40
1.0
176
     1
  0
VISUALSTYLE
  5
32
102
{ACAD_REACTORS
330
2A
102
}
330
2A
100
AcDbVisualStyle
  2
Basic
 70
     7
177
     3
291
     1
 70
    58
 90
        1
176
     1
 90
        0
176
     1
 90
        1
176
     1
 90
        0
176
     1
 40
0.6
176
     1
 40
30.0
176
     1
 62
     7
420
 16777215
176
     1
 90
        0
176
     1
 90
        4
176
     1
 62
     7
176
     1
 62
   257
176
     1
 90
        1
176
     1
 90
        1
176
     1
 40
1.0
176
     1
 90
        8
176
     1
 62
     7
176
     1
 40
1.0
176
     1
 90
        1
176
     1
 90
        6
176
     1
 90
        2
176
     1
 62
     7
176
     1
 90
        5
176
     1
 90
        0
176
     1
 90
        0
176
     1
290
     0
176
     1
 90
        1
176
     1
 40
0.0
176
     1
 90
        0
176
     1
290
     0
176
     1
290
     1
176
     1
290
     1
176
     1
290
     0
176
     1
290
     0
176
     1
290
     0
176
     1
290
     0
176
     1
290
     0
176
     1
290
     0
176
     1
 90
       50
176
     1
 40
0.0
176
     1
 40
1.0
176
     1
 90
        0
176
     1
 62
    18
420
        0
176
     1
 90
       50
176
     1
 90
        3
176
     1
 62
     5
420
      255
176
     1
290
     0
176
     1
 90
       50
176
     1
 90
       50
176
     1
 90
       50
176
     1
290
     0
176
     1
 90
       50
176
     1
 62
   256
176
     0
 40
1.0
176
     0
 90
        2
176
     1
  1
strokes_ogs.tif
176
     1
290
     0
176
     1
 40
1.0
176
     1
 40
1.0
176
     1
  0
VISUALSTYLE
  5
36
102
{ACAD_REACTORS
330
2A
102
}
330
2A
100
AcDbVisualStyle
  2
Brighten
 70
    12
177
     3
291
     1
 70
    58
 90
        2
176
     1
 90
        2
176
     1
 90
        0
176
     1
 90
        0
176
     1
 40
0.6
176
     1
 40
30.0
176
     1
 62
     7
420
 16777215
176
     1
 90
        1
176
     1
 90
        4
176
     1
 62
     7
176
     1
 62
   257
176
     1
 90
        1
176
     1
 90
        1
176
     1
 40
1.0
176
     1
 90
        8
176
     1
 62
     7
176
     1
 40
1.0
176
     1
 90
        1
176
     1
 90
        6
176
     1
 90
        2
176
     1
 62
     7
176
     1
 90
        5
176
     1
 90
        0
176
     1
 90
        0
176
     1
290
     0
176
     1
 90
        1
176
     1
 40
50.0
176
     1
 90
        0
176
     1
290
     0
176
     1
290
     1
176
     1
290
     1
176
     1
290
     0
176
     1
290
     0
176
     1
290
     0
176
     1
290
     0
176
     1
290
     0
176
     1
290
     0
176
     1
 90
       50
176
     1
 40
0.0
176
     1
 40
1.0
176
     1
 90
        0
176
     1
 62
    18
420
        0
176
     1
 90
       50
176
     1
 90
        3
176
     1
 62
     5
420
      255
176
     1
290
     0
176
     1
 90
       50
176
     1
 90
       50
176
     1
 90
       50
176
     1
290
     0
176
     1
 90
       50
176
     1
 62
   256
176
     0
 40
1.0
176
     0
 90
        2
176
     1
  1
strokes_ogs.tif
176
     1
290
     0
176
     1
 40
1.0
176
     1
 40
1.0
176
     1
  0
VISUALSTYLE
  5
3A
102
{ACAD_REACTORS
330
2A
102
}
330
2A
100
AcDbVisualStyle
  2
ColorChange
 70
    16
177
     3
291
     1
 70
    58
 90
        2
176
     1
 90
        2
176
     1
 90
        3
176
     1
 90
        0
176
     1
 40
0.6
176
     1
 40
30.0
176
     1
 62
     8
420
  8421504
176
     1
 90
        1
176
     1
 90
        4
176
     1
 62
     7
176
     1
 62
   257
176
     1
 90
        1
176
     1
 90
        1
176
     1
 40
1.0
176
     1
 90
        8
176
     1
 62
     8
420
  8421504
176
     1
 40
1.0
176
     1
 90
        1
176
     1
 90
        6
176
     1
 90
        2
176
     1
 62
     7
176
     1
 90
        5
176
     1
 90
        0
176
     1
 90
        0
176
     1
290
     0
176
     1
 90
        1
176
     1
 40
0.0
176
     1
 90
        0
176
     1
290
     0
176
     1
290
     1
176
     1
290
     1
176
     1
290
     0
176
     1
290
     0
176
     1
290
     0
176
     1
290
     0
176
     1
290
     0
176
     1
290
     0
176
     1
 90
       50
176
     1
 40
0.0
176
     1
 40
1.0
176
     1
 90
        0
176
     1
 62
    18
420
        0
176
     1
 90
       50
176
     1
 90
        3
176
     1
 62
     5
420
      255
176
     1
290
     0
176
     1
 90
       50
176
     1
 90
       50
176
     1
 90
       50
176
     1
290
     0
176
     1
 90
       50
176
     1
 62
   256
176
     0
 40
1.0
176
     0
 90
        2
176
     1
  1
strokes_ogs.tif
176
     1
290
     0
176
     1
 40
1.0
176
     1
 40
1.0
176
     1
  0
VISUALSTYLE
  5
34
102
{ACAD_REACTORS
330
2A
102
}
330
2A
100
AcDbVisualStyle
  2
Conceptual
 70
     9
177
     3
291
     0
 70
    58
 90
        3
176
     1
 90
        2
176
     1
 90
        0
176
     1
 90
        0
176
     1
 40
0.6
176
     1
 40
30.0
176
     1
 62
     7
420
 16777215
176
     1
 90
        2
176
     1
 90
        2
176
     1
 62
     7
176
     1
 62
   257
176
     1
 90
        1
176
     1
 90
        1
176
     1
 40
179.0
176
     1
 90
        8
176
     1
 62
     7
176
     1
 40
1.0
176
     1
 90
        1
176
     1
 90
        6
176
     1
 90
        2
176
     1
 62
     7
176
     1
 90
        3
176
     1
 90
        0
176
     1
 90
        0
176
     1
290
     0
176
     1
 90
        1
176
     1
 40
0.0
176
     1
 90
        0
176
     1
290
     0
176
     1
290
     1
176
     1
290
     1
176
     1
290
     0
176
     1
290
     0
176
     1
290
     0
176
     1
290
     0
176
     1
290
     0
176
     1
290
     0
176
     1
 90
       50
176
     1
 40
0.0
176
     1
 40
1.0
176
     1
 90
        0
176
     1
 62
    18
420
        0
176
     1
 90
       50
176
     1
 90
        3
176
     1
 62
     5
420
      255
176
     1
290
     0
176
     1
 90
       50
176
     1
 90
       50
176
     1
 90
       50
176
     1
290
     0
176
     1
 90
       50
176
     1
 62
   256
176
     0
 40
1.0
176
     0
 90
        2
176
     1
  1
strokes_ogs.tif
176
     1
290
     0
176
     1
 40
1.0
176
     1
 40
1.0
176
     1
  0
VISUALSTYLE
  5
35
102
{ACAD_REACTORS
330
2A
102
}
330
2A
100
AcDbVisualStyle
  2
Dim
 70
    11
177
     3
291
     1
 70
    58
 90
        2
176
     1
 90
        2
176
     1
 90
        0
176
     1
 90
        0
176
     1
 40
0.6
176
     1
 40
30.0
176
     1
 62
     7
420
 16777215
176
     1
 90
        1
176
     1
 90
        4
176
     1
 62
     7
176
     1
 62
   257
176
     1
 90
        1
176
     1
 90
        1
176
     1
 40
1.0
176
     1
 90
        8
176
     1
 62
     7
176
     1
 40
1.0
176
     1
 90
        1
176
     1
 90
        6
176
     1
 90
        2
176
     1
 62
     7
176
     1
 90
        5
176
     1
 90
        0
176
     1
 90
        0
176
     1
290
     0
176
     1
 90
        1
176
     1
 40
-50.0
176
     1
 90
        0
176
     1
290
     0
176
     1
290
     1
176
     1
290
     1
176
     1
290
     0
176
     1
290
     0
176
     1
290
     0
176
     1
290
     0
176
     1
290
     0
176
     1
290
     0
176
     1
 90
       50
176
     1
 40
0.0
176
     1
 40
1.0
176
     1
 90
        0
176
     1
 62
    18
420
        0
176
     1
 90
       50
176
     1
 90
        3
176
     1
 62
     5
420
      255
176
     1
290
     0
176
     1
 90
       50
176
     1
 90
       50
176
     1
 90
       50
176
     1
290
     0
176
     1
 90
       50
176
     1
 62
   256
176
     0
 40
1.0
176
     0
 90
        2
176
     1
  1
strokes_ogs.tif
176
     1
290
     0
176
     1
 40
1.0
176
     1
 40
1.0
176
     1
  0
VISUALSTYLE
  5
3D
102
{ACAD_REACTORS
330
2A
102
}
330
2A
100
AcDbVisualStyle
  2
EdgeColorOff
 70
    22
177
     3
291
     1
 70
    58
 90
        2
176
     0
 90
        2
176
     0
 90
        0
176
     0
 90
        0
176
     0
 40
0.6
176
     0
 40
30.0
176
     0
 62
     7
420
 16777215
176
     0
 90
        1
176
     0
 90
        4
176
     0
 62
     7
176
     0
 62
   257
176
     0
 90
        1
176
     0
 90
        1
176
     0
 40
1.0
176
     0
 90
        8
176
     2
 62
     7
176
     0
 40
1.0
176
     0
 90
        1
176
     0
 90
        6
176
     0
 90
        2
176
     0
 62
     7
176
     0
 90
        5
176
     0
 90
        0
176
     0
 90
        0
176
     0
290
     0
176
     0
 90
        1
176
     0
 40
0.0
176
     0
 90
        0
176
     0
290
     0
176
     0
290
     1
176
     0
290
     1
176
     0
290
     0
176
     0
290
     0
176
     0
290
     0
176
     0
290
     0
176
     0
290
     0
176
     0
290
     0
176
     0
 90
       50
176
     0
 40
0.0
176
     0
 40
1.0
176
     0
 90
        0
176
     0
 62
    18
420
        0
176
     0
 90
       50
176
     0
 90
        3
176
     0
 62
     5
420
      255
176
     0
290
     0
176
     0
 90
       50
176
     0
 90
       50
176
     0
 90
       50
176
     0
290
     0
176
     0
 90
       50
176
     0
 62
   256
176
     0
 40
1.0
176
     0
 90
        2
176
     0
  1
strokes_ogs.tif
176
     0
290
     0
176
     0
 40
1.0
176
     0
 40
1.0
176
     0
  0
VISUALSTYLE
  5
39
102
{ACAD_REACTORS
330
2A
102
}
330
2A
100
AcDbVisualStyle
  2
Facepattern
 70
    15
177
     3
291
     1
 70
    58
 90
        2
176
     1
 90
        2
176
     1
 90
        0
176
     1
 90
        0
176
     1
 40
0.6
176
     1
 40
30.0
176
     1
 62
     7
420
 16777215
176
     1
 90
        1
176
     1
 90
        4
176
     1
 62
     7
176
     1
 62
   257
176
     1
 90
        1
176
     1
 90
        1
176
     1
 40
1.0
176
     1
 90
        8
176
     1
 62
     7
176
     1
 40
1.0
176
     1
 90
        1
176
     1
 90
        6
176
     1
 90
        2
176
     1
 62
     7
176
     1
 90
        5
176
     1
 90
        0
176
     1
 90
        0
176
     1
290
     0
176
     1
 90
        1
176
     1
 40
0.0
176
     1
 90
        0
176
     1
290
     0
176
     1
290
     1
176
     1
290
     1
176
     1
290
     0
176
     1
290
     0
176
     1
290
     0
176
     1
290
     0
176
     1
290
     0
176
     1
290
     0
176
     1
 90
       50
176
     1
 40
0.0
176
     1
 40
1.0
176
     1
 90
        0
176
     1
 62
    18
420
        0
176
     1
 90
       50
176
     1
 90
        3
176
     1
 62
     5
420
      255
176
     1
290
     0
176
     1
 90
       50
176
     1
 90
       50
176
     1
 90
       50
176
     1
290
     0
176
     1
 90
       50
176
     1
 62
   256
176
     0
 40
1.0
176
     0
 90
        2
176
     1
  1
strokes_ogs.tif
176
     1
290
     0
176
     1
 40
1.0
176
     1
 40
1.0
176
     1
  0
VISUALSTYLE
  5
2B
102
{ACAD_REACTORS
330
2A
102
}
330
2A
100
AcDbVisualStyle
  2
Flat
 70
     0
177
     3
291
     1
 70
    58
 90
        2
176
     1
 90
        1
176
     1
 90
        1
176
     1
 90
        2
176
     1
 40
0.6
176
     1
 40
30.0
176
     1
 62
     7
420
 16777215
176
     1
 90
        0
176
     1
 90
        0
176
     1
 62
     7
176
     1
 62
   257
176
     1
 90
        1
176
     1
 90
        1
176
     1
 40
1.0
176
     1
 90
        8
176
     1
 62
     7
176
     1
 40
1.0
176
     1
 90
        1
176
     1
 90
        6
176
     1
 90
        2
176
     1
 62
     7
176
     1
 90
        5
176
     1
 90
        0
176
     1
 90
        0
176
     1
290
     0
176
     1
 90
       13
176
     1
 40
0.0
176
     1
 90
        0
176
     1
290
     0
176
     1
290
     1
176
     1
290
     1
176
     1
290
     0
176
     1
290
     0
176
     1
290
     0
176
     1
290
     0
176
     1
290
     0
176
     1
290
     0
176
     1
 90
       50
176
     1
 40
0.0
176
     1
 40
1.0
176
     1
 90
        0
176
     1
 62
    18
420
        0
176
     1
 90
       50
176
     1
 90
        3
176
     1
 62
     5
420
      255
176
     1
290
     0
176
     1
 90
       50
176
     1
 90
       50
176
     1
 90
       50
176
     1
290
     0
176
     1
 90
       50
176
     1
 62
   256
176
     0
 40
1.0
176
     0
 90
        2
176
     1
  1
strokes_ogs.tif
176
     1
290
     0
176
     1
 40
1.0
176
     1
 40
1.0
176
     1
  0
VISUALSTYLE
  5
2C
102
{ACAD_REACTORS
330
2A
102
}
330
2A
100
AcDbVisualStyle
  2
FlatWithEdges
 70
     1
177
     3
291
     1
 70
    58
 90
        2
176
     1
 90
        1
176
     1
 90
        1
176
     1
 90
        2
176
     1
 40
0.6
176
     1
 40
30.0
176
     1
 62
     7
420
 16777215
176
     1
 90
        1
176
     1
 90
        0
176
     1
 62
     7
176
     1
 62
   257
176
     1
 90
        1
176
     1
 90
        1
176
     1
 40
1.0
176
     1
 90
        0
176
     1
 62
   257
176
     1
 40
1.0
176
     1
 90
        1
176
     1
 90
        6
176
     1
 90
        2
176
     1
 62
     7
176
     1
 90
        5
176
     1
 90
        0
176
     1
 90
        0
176
     1
290
     0
176
     1
 90
       13
176
     1
 40
0.0
176
     1
 90
        0
176
     1
290
     0
176
     1
290
     1
176
     1
290
     1
176
     1
290
     0
176
     1
290
     0
176
     1
290
     0
176
     1
290
     0
176
     1
290
     0
176
     1
290
     0
176
     1
 90
       50
176
     1
 40
0.0
176
     1
 40
1.0
176
     1
 90
        0
176
     1
 62
    18
420
        0
176
     1
 90
       50
176
     1
 90
        3
176
     1
 62
     5
420
      255
176
     1
290
     0
176
     1
 90
       50
176
     1
 90
       50
176
     1
 90
       50
176
     1
290
     0
176
     1
 90
       50
176
     1
 62
   256
176
     0
 40
1.0
176
     0
 90
        2
176
     1
  1
strokes_ogs.tif
176
     1
290
     0
176
     1
 40
1.0
176
     1
 40
1.0
176
     1
  0
VISUALSTYLE
  5
2D
102
{ACAD_REACTORS
330
2A
102
}
330
2A
100
AcDbVisualStyle
  2
Gouraud
 70
     2
177
     3
291
     1
 70
    58
 90
        2
176
     1
 90
        2
176
     1
 90
        1
176
     1
 90
        2
176
     1
 40
0.6
176
     1
 40
30.0
176
     1
 62
     7
420
 16777215
176
     1
 90
        0
176
     1
 90
        0
176
     1
 62
     7
176
     1
 62
   257
176
     1
 90
        1
176
     1
 90
        1
176
     1
 40
1.0
176
     1
 90
        0
176
     1
 62
     7
176
     1
 40
1.0
176
     1
 90
        1
176
     1
 90
        6
176
     1
 90
        2
176
     1
 62
     7
176
     1
 90
        5
176
     1
 90
        0
176
     1
 90
        0
176
     1
290
     0
176
     1
 90
       13
176
     1
 40
0.0
176
     1
 90
        0
176
     1
290
     0
176
     1
290
     1
176
     1
290
     1
176
     1
290
     0
176
     1
290
     0
176
     1
290
     0
176
     1
290
     0
176
     1
290
     0
176
     1
290
     0
176
     1
 90
       50
176
     1
 40
0.0
176
     1
 40
1.0
176
     1
 90
        0
176
     1
 62
    18
420
        0
176
     1
 90
       50
176
     1
 90
        3
176
     1
 62
     5
420
      255
176
     1
290
     0
176
     1
 90
       50
176
     1
 90
       50
176
     1
 90
       50
176
     1
290
     0
176
     1
 90
       50
176
     1
 62
   256
176
     0
 40
1.0
176
     0
 90
        2
176
     1
  1
strokes_ogs.tif
176
     1
290
     0
176
     1
 40
1.0
176
     1
 40
1.0
176
     1
  0
VISUALSTYLE
  5
2E
102
{ACAD_REACTORS
330
2A
102
}
330
2A
100
AcDbVisualStyle
  2
GouraudWithEdges
 70
     3
177
     3
291
     1
 70
    58
 90
        2
176
     1
 90
        2
176
     1
 90
        1
176
     1
 90
        2
176
     1
 40
0.6
176
     1
 40
30.0
176
     1
 62
     7
420
 16777215
176
     1
 90
        1
176
     1
 90
        0
176
     1
 62
     7
176
     1
 62
   257
176
     1
 90
        1
176
     1
 90
        1
176
     1
 40
1.0
176
     1
 90
        0
176
     1
 62
   257
176
     1
 40
1.0
176
     1
 90
        1
176
     1
 90
        6
176
     1
 90
        2
176
     1
 62
     7
176
     1
 90
        5
176
     1
 90
        0
176
     1
 90
        0
176
     1
290
     0
176
     1
 90
       13
176
     1
 40
0.0
176
     1
 90
        0
176
     1
290
     0
176
     1
290
     1
176
     1
290
     1
176
     1
290
     0
176
     1
290
     0
176
     1
290
     0
176
     1
290
     0
176
     1
290
     0
176
     1
290
     0
176
     1
 90
       50
176
     1
 40
0.0
176
     1
 40
1.0
176
     1
 90
        0
176
     1
 62
    18
420
        0
176
     1
 90
       50
176
     1
 90
        3
176
     1
 62
     5
420
      255
176
     1
290
     0
176
     1
 90
       50
176
     1
 90
       50
176
     1
 90
       50
176
     1
290
     0
176
     1
 90
       50
176
     1
 62
   256
176
     0
 40
1.0
176
     0
 90
        2
176
     1
  1
strokes_ogs.tif
176
     1
290
     0
176
     1
 40
1.0
176
     1
 40
1.0
176
     1
  0
VISUALSTYLE
  5
31
102
{ACAD_REACTORS
330
2A
102
}
330
2A
100
AcDbVisualStyle
  2
Hidden
 70
     6
177
     3
291
     0
 70
    58
 90
        1
176
     1
 90
        2
176
     1
 90
        2
176
     1
 90
        0
176
     1
 40
0.6
176
     1
 40
30.0
176
     1
 62
     7
420
 16777215
176
     1
 90
        2
176
     1
 90
        2
176
     1
 62
     7
176
     1
 62
   257
176
     1
 90
        2
176
     1
 90
        1
176
     1
 40
40.0
176
     1
 90
        0
176
     1
 62
   257
176
     1
 40
1.0
176
     1
 90
        1
176
     1
 90
        6
176
     1
 90
        2
176
     1
 62
     7
176
     1
 90
        3
176
     1
 90
        0
176
     1
 90
        0
176
     1
290
     0
176
     1
 90
        1
176
     1
 40
0.0
176
     1
 90
        0
176
     1
290
     0
176
     1
290
     1
176
     1
290
     1
176
     1
290
     0
176
     1
290
     0
176
     1
290
     0
176
     1
290
     0
176
     1
290
     0
176
     1
290
     0
176
     1
 90
       50
176
     1
 40
0.0
176
     1
 40
1.0
176
     1
 90
        0
176
     1
 62
    18
420
        0
176
     1
 90
       50
176
     1
 90
        3
176
     1
 62
     5
420
      255
176
     1
290
     0
176
     1
 90
       50
176
     1
 90
       50
176
     1
 90
       50
176
     1
290
     0
176
     1
 90
       50
176
     1
 62
   256
176
     0
 40
1.0
176
     0
 90
        2
176
     1
  1
strokes_ogs.tif
176
     1
290
     0
176
     1
 40
1.0
176
     1
 40
1.0
176
     1
  0
VISUALSTYLE
  5
3B
102
{ACAD_REACTORS
330
2A
102
}
330
2A
100
AcDbVisualStyle
  2
JitterOff
 70
    20
177
     3
291
     1
 70
    58
 90
        2
176
     0
 90
        2
176
     0
 90
        0
176
     0
 90
        0
176
     0
 40
0.6
176
     0
 40
30.0
176
     0
 62
     7
420
 16777215
176
     0
 90
        1
176
     0
 90
        4
176
     0
 62
     7
176
     0
 62
   257
176
     0
 90
        1
176
     0
 90
        1
176
     0
 40
1.0
176
     0
 90
       10
176
     2
 62
     7
176
     0
 40
1.0
176
     0
 90
        1
176
     0
 90
        6
176
     0
 90
        2
176
     0
 62
     7
176
     0
 90
        5
176
     0
 90
        0
176
     0
 90
        0
176
     0
290
     0
176
     0
 90
        1
176
     0
 40
0.0
176
     0
 90
        0
176
     0
290
     0
176
     0
290
     1
176
     0
290
     1
176
     0
290
     0
176
     0
290
     0
176
     0
290
     0
176
     0
290
     0
176
     0
290
     0
176
     0
290
     0
176
     0
 90
       50
176
     0
 40
0.0
176
     0
 40
1.0
176
     0
 90
        0
176
     0
 62
    18
420
        0
176
     0
 90
       50
176
     0
 90
        3
176
     0
 62
     5
420
      255
176
     0
290
     0
176
     0
 90
       50
176
     0
 90
       50
176
     0
 90
       50
176
     0
290
     0
176
     0
 90
       50
176
     0
 62
   256
176
     0
 40
1.0
176
     0
 90
        2
176
     0
  1
strokes_ogs.tif
176
     0
290
     0
176
     0
 40
1.0
176
     0
 40
1.0
176
     0
  0
VISUALSTYLE
  5
38
102
{ACAD_REACTORS
330
2A
102
}
330
2A
100
AcDbVisualStyle
  2
Linepattern
 70
    14
177
     3
291
     1
 70
    58
 90
        2
176
     1
 90
        2
176
     1
 90
        0
176
     1
 90
        0
176
     1
 40
0.6
176
     1
 40
30.0
176
     1
 62
     7
420
 16777215
176
     1
 90
        1
176
     1
 90
        4
176
     1
 62
     7
176
     1
 62
   257
176
     1
 90
        7
176
     1
 90
        7
176
     1
 40
1.0
176
     1
 90
        8
176
     1
 62
     7
176
     1
 40
1.0
176
     1
 90
        1
176
     1
 90
        6
176
     1
 90
        2
176
     1
 62
     7
176
     1
 90
        5
176
     1
 90
        0
176
     1
 90
        0
176
     1
290
     0
176
     1
 90
        1
176
     1
 40
0.0
176
     1
 90
        0
176
     1
290
     0
176
     1
290
     1
176
     1
290
     1
176
     1
290
     0
176
     1
290
     0
176
     1
290
     0
176
     1
290
     0
176
     1
290
     0
176
     1
290
     0
176
     1
 90
       50
176
     1
 40
0.0
176
     1
 40
1.0
176
     1
 90
        0
176
     1
 62
    18
420
        0
176
     1
 90
       50
176
     1
 90
        3
176
     1
 62
     5
420
      255
176
     1
290
     0
176
     1
 90
       50
176
     1
 90
       50
176
     1
 90
       50
176
     1
290
     0
176
     1
 90
       50
176
     1
 62
   256
176
     0
 40
1.0
176
     0
 90
        2
176
     1
  1
strokes_ogs.tif
176
     1
290
     0
176
     1
 40
1.0
176
     1
 40
1.0
176
     1
  0
VISUALSTYLE
  5
3C
102
{ACAD_REACTORS
330
2A
102
}
330
2A
100
AcDbVisualStyle
  2
OverhangOff
 70
    21
177
     3
291
     1
 70
    58
 90
        2
176
     0
 90
        2
176
     0
 90
        0
176
     0
 90
        0
176
     0
 40
0.6
176
     0
 40
30.0
176
     0
 62
     7
420
 16777215
176
     0
 90
        1
176
     0
 90
        4
176
     0
 62
     7
176
     0
 62
   257
176
     0
 90
        1
176
     0
 90
        1
176
     0
 40
1.0
176
     0
 90
        9
176
     2
 62
     7
176
     0
 40
1.0
176
     0
 90
        1
176
     0
 90
        6
176
     0
 90
        2
176
     0
 62
     7
176
     0
 90
        5
176
     0
 90
        0
176
     0
 90
        0
176
     0
290
     0
176
     0
 90
        1
176
     0
 40
0.0
176
     0
 90
        0
176
     0
290
     0
176
     0
290
     1
176
     0
290
     1
176
     0
290
     0
176
     0
290
     0
176
     0
290
     0
176
     0
290
     0
176
     0
290
     0
176
     0
290
     0
176
     0
 90
       50
176
     0
 40
0.0
176
     0
 40
1.0
176
     0
 90
        0
176
     0
 62
    18
420
        0
176
     0
 90
       50
176
     0
 90
        3
176
     0
 62
     5
420
      255
176
     0
290
     0
176
     0
 90
       50
176
     0
 90
       50
176
     0
 90
       50
176
     0
290
     0
176
     0
 90
       50
176
     0
 62
   256
176
     0
 40
1.0
176
     0
 90
        2
176
     0
  1
strokes_ogs.tif
176
     0
290
     0
176
     0
 40
1.0
176
     0
 40
1.0
176
     0
  0
VISUALSTYLE
  5
33
102
{ACAD_REACTORS
330
2A
102
}
330
2A
100
AcDbVisualStyle
  2
Realistic
 70
     8
177
     3
291
     0
 70
    58
 90
        2
176
     1
 90
        3
176
     1
 90
        0
176
     1
 90
        2
176
     1
 40
0.6
176
     1
 40
30.0
176
     1
 62
     7
420
 16777215
176
     1
 90
        0
176
     1
 90
        0
176
     1
 62
     7
176
     1
 62
   257
176
     1
 90
        1
176
     1
 90
        1
176
     1
 40
1.0
176
     1
 90
        8
176
     1
 62
   257
176
     1
 40
1.0
176
     1
 90
        1
176
     1
 90
        6
176
     1
 90
        2
176
     1
 62
     7
176
     1
 90
        3
176
     1
 90
        0
176
     1
 90
        0
176
     1
290
     0
176
     1
 90
       13
176
     1
 40
0.0
176
     1
 90
        0
176
     1
290
     0
176
     1
290
     1
176
     1
290
     1
176
     1
290
     0
176
     1
290
     0
176
     1
290
     0
176
     1
290
     0
176
     1
290
     0
176
     1
290
     0
176
     1
 90
       50
176
     1
 40
0.0
176
     1
 40
1.0
176
     1
 90
        0
176
     1
 62
    18
420
        0
176
     1
 90
       50
176
     1
 90
        3
176
     1
 62
     5
420
      255
176
     1
290
     0
176
     1
 90
       50
176
     1
 90
       50
176
     1
 90
       50
176
     1
290
     0
176
     1
 90
       50
176
     1
 62
   256
176
     0
 40
1.0
176
     0
 90
        2
176
     1
  1
strokes_ogs.tif
176
     1
290
     0
176
     1
 40
1.0
176
     1
 40
1.0
176
     1
  0
VISUALSTYLE
  5
42
102
{ACAD_REACTORS
330
2A
102
}
330
2A
100
AcDbVisualStyle
  2
Shaded
 70
    27
177
     3
291
     0
 70
    58
 90
        2
176
     1
 90
        2
176
     1
 90
        1
176
     1
 90
        2
176
     1
 40
0.6
176
     1
 40
30.0
176
     1
 62
     7
420
 16777215
176
     1
 90
        0
176
     1
 90
        4
176
     1
 62
     7
176
     1
 62
   257
176
     1
 90
        1
176
     1
 90
        1
176
     1
 40
1.0
176
     1
 90
        8
176
     1
 62
   257
176
     1
 40
1.0
176
     1
 90
        1
176
     1
 90
        6
176
     1
 90
        2
176
     1
 62
     8
420
  7895160
176
     1
 90
        3
176
     1
 90
        0
176
     1
 90
        0
176
     1
290
     0
176
     1
 90
        5
176
     1
 40
0.0
176
     1
 90
        0
176
     1
290
     0
176
     1
290
     1
176
     1
290
     1
176
     1
290
     0
176
     1
290
     0
176
     1
290
     0
176
     1
290
     0
176
     1
290
     0
176
     1
290
     0
176
     1
 90
       50
176
     1
 40
0.0
176
     1
 40
1.0
176
     1
 90
        0
176
     1
 62
    18
420
        0
176
     1
 90
       50
176
     1
 90
        3
176
     1
 62
     5
420
      255
176
     1
290
     0
176
     1
 90
       50
176
     1
 90
       50
176
     1
 90
       50
176
     1
290
     0
176
     1
 90
       50
176
     1
 62
   256
176
     0
 40
1.0
176
     0
 90
        2
176
     1
  1
strokes_ogs.tif
176
     1
290
     0
176
     1
 40
1.0
176
     1
 40
1.0
176
     1
  0
VISUALSTYLE
  5
41
102
{ACAD_REACTORS
330
2A
102
}
330
2A
100
AcDbVisualStyle
  2
Shaded with edges
 70
    26
177
     3
291
     0
 70
    58
 90
        2
176
     1
 90
        2
176
     1
 90
        1
176
     1
 90
        2
176
     1
 40
0.6
176
     1
 40
30.0
176
     1
 62
     7
420
 16777215
176
     1
 90
        1
176
     1
 90
       10
176
     1
 62
     7
176
     1
 62
   257
176
     1
 90
        2
176
     1
 90
        1
176
     1
 40
1.0
176
     1
 90
        8
176
     1
 62
   257
176
     1
 40
1.0
176
     1
 90
        1
176
     1
 90
        6
176
     1
 90
        2
176
     1
 62
     7
176
     1
 90
        3
176
     1
 90
        0
176
     1
 90
        0
176
     1
290
     0
176
     1
 90
        5
176
     1
 40
0.0
176
     1
 90
        0
176
     1
290
     0
176
     1
290
     1
176
     1
290
     1
176
     1
290
     0
176
     1
290
     0
176
     1
290
     0
176
     1
290
     0
176
     1
290
     0
176
     1
290
     0
176
     1
 90
       50
176
     1
 40
0.0
176
     1
 40
1.0
176
     1
 90
        0
176
     1
 62
    18
420
        0
176
     1
 90
       50
176
     1
 90
        3
176
     1
 62
     5
420
      255
176
     1
290
     0
176
     1
 90
       50
176
     1
 90
       50
176
     1
 90
       50
176
     1
290
     0
176
     1
 90
       50
176
     1
 62
   256
176
     0
 40
1.0
176
     0
 90
        2
176
     1
  1
strokes_ogs.tif
176
     1
290
     0
176
     1
 40
1.0
176
     1
 40
1.0
176
     1
  0
VISUALSTYLE
  5
3E
102
{ACAD_REACTORS
330
2A
102
}
330
2A
100
AcDbVisualStyle
  2
Shades of Gray
 70
    23
177
     3
291
     0
 70
    58
 90
        2
176
     1
 90
        2
176
     1
 90
        3
176
     1
 90
        0
176
     1
 40
0.6
176
     1
 40
30.0
176
     1
 62
     7
420
 16777215
176
     1
 90
        2
176
     1
 90
        2
176
     1
 62
     7
176
     1
 62
     7
176
     1
 90
        1
176
     1
 90
        1
176
     1
 40
40.0
176
     1
 90
        8
176
     1
 62
     7
176
     1
 40
1.0
176
     1
 90
        1
176
     1
 90
        6
176
     1
 90
        2
176
     1
 62
     7
176
     1
 90
        3
176
     1
 90
        0
176
     1
 90
        0
176
     1
290
     0
176
     1
 90
        1
176
     1
 40
0.0
176
     1
 90
        0
176
     1
290
     0
176
     1
290
     1
176
     1
290
     1
176
     1
290
     0
176
     1
290
     0
176
     1
290
     0
176
     1
290
     0
176
     1
290
     0
176
     1
290
     0
176
     1
 90
       50
176
     1
 40
0.0
176
     1
 40
1.0
176
     1
 90
        0
176
     1
 62
    18
420
        0
176
     1
 90
       50
176
     1
 90
        3
176
     1
 62
     5
420
      255
176
     1
290
     0
176
     1
 90
       50
176
     1
 90
       50
176
     1
 90
       50
176
     1
290
     0
176
     1
 90
       50
176
     1
 62
   256
176
     0
 40
1.0
176
     0
 90
        2
176
     1
  1
strokes_ogs.tif
176
     1
290
     0
176
     1
 40
1.0
176
     1
 40
1.0
176
     1
  0
VISUALSTYLE
  5
3F
102
{ACAD_REACTORS
330
2A
102
}
330
2A
100
AcDbVisualStyle
  2
Sketchy
 70
    24
177
     3
291
     0
 70
    58
 90
        1
176
     1
 90
        2
176
     1
 90
        2
176
     1
 90
        0
176
     1
 40
0.6
176
     1
 40
30.0
176
     1
 62
     7
420
 16777215
176
     1
 90
        2
176
     1
 90
        2
176
     1
 62
     7
176
     1
 62
     7
176
     1
 90
        1
176
     1
 90
        1
176
     1
 40
40.0
176
     1
 90
       11
176
     1
 62
     7
176
     1
 40
1.0
176
     1
 90
        1
176
     1
 90
        6
176
     1
 90
        2
176
     1
 62
     7
176
     1
 90
        6
176
     1
 90
        0
176
     1
 90
        0
176
     1
290
     0
176
     1
 90
        1
176
     1
 40
0.0
176
     1
 90
        0
176
     1
290
     0
176
     1
290
     1
176
     1
290
     1
176
     1
290
     0
176
     1
290
     0
176
     1
290
     0
176
     1
290
     0
176
     1
290
     0
176
     1
290
     0
176
     1
 90
       50
176
     1
 40
0.0
176
     1
 40
1.0
176
     1
 90
        0
176
     1
 62
    18
420
        0
176
     1
 90
       50
176
     1
 90
        3
176
     1
 62
     5
420
      255
176
     1
290
     0
176
     1
 90
       50
176
     1
 90
       50
176
     1
 90
       50
176
     1
290
     0
176
     1
 90
       50
176
     1
 62
   256
176
     0
 40
1.0
176
     0
 90
        2
176
     1
  1
strokes_ogs.tif
176
     1
290
     0
176
     1
 40
1.0
176
     1
 40
1.0
176
     1
  0
VISUALSTYLE
  5
37
102
{ACAD_REACTORS
330
2A
102
}
330
2A
100
AcDbVisualStyle
  2
Thicken
 70
    13
177
     3
291
     1
 70
    58
 90
        2
176
     1
 90
        2
176
     1
 90
        0
176
     1
 90
        0
176
     1
 40
0.6
176
     1
 40
30.0
176
     1
 62
     7
420
 16777215
176
     1
 90
        1
176
     1
 90
        4
176
     1
 62
     7
176
     1
 62
   257
176
     1
 90
        1
176
     1
 90
        1
176
     1
 40
1.0
176
     1
 90
       12
176
     1
 62
     7
176
     1
 40
1.0
176
     1
 90
        1
176
     1
 90
        6
176
     1
 90
        2
176
     1
 62
     7
176
     1
 90
        5
176
     1
 90
        0
176
     1
 90
        0
176
     1
290
     0
176
     1
 90
        1
176
     1
 40
0.0
176
     1
 90
        0
176
     1
290
     0
176
     1
290
     1
176
     1
290
     1
176
     1
290
     0
176
     1
290
     0
176
     1
290
     0
176
     1
290
     0
176
     1
290
     0
176
     1
290
     0
176
     1
 90
       50
176
     1
 40
0.0
176
     1
 40
1.0
176
     1
 90
        0
176
     1
 62
    18
420
        0
176
     1
 90
       50
176
     1
 90
        3
176
     1
 62
     5
420
      255
176
     1
290
     0
176
     1
 90
       50
176
     1
 90
       50
176
     1
 90
       50
176
     1
290
     0
176
     1
 90
       50
176
     1
 62
   256
176
     0
 40
1.0
176
     0
 90
        2
176
     1
  1
strokes_ogs.tif
176
     1
290
     0
176
     1
 40
1.0
176
     1
 40
1.0
176
     1
  0
VISUALSTYLE
  5
30
102
{ACAD_REACTORS
330
2A
102
}
330
2A
100
AcDbVisualStyle
  2
Wireframe
 70
     5
177
     3
291
     0
 70
    58
 90
        0
176
     1
 90
        2
176
     1
 90
        0
176
     1
 90
        0
176
     1
 40
0.6
176
     1
 40
30.0
176
     1
 62
     7
420
 16777215
176
     1
 90
        1
176
     1
 90
        4
176
     1
 62
     7
176
     1
 62
   257
176
     1
 90
        1
176
     1
 90
        1
176
     1
 40
1.0
176
     1
 90
        0
176
     1
 62
   257
176
     1
 40
1.0
176
     1
 90
        1
176
     1
 90
        6
176
     1
 90
        2
176
     1
 62
     7
176
     1
 90
        3
176
     1
 90
        0
176
     1
 90
        0
176
     1
290
     0
176
     1
 90
        1
176
     1
 40
0.0
176
     1
 90
        0
176
     1
290
     0
176
     1
290
     1
176
     1
290
     1
176
     1
290
     0
176
     1
290
     0
176
     1
290
     0
176
     1
290
     0
176
     1
290
     0
176
     1
290
     0
176
     1
 90
       50
176
     1
 40
0.0
176
     1
 40
1.0
176
     1
 90
        0
176
     1
 62
    18
420
        0
176
     1
 90
       50
176
     1
 90
        3
176
     1
 62
     5
420
      255
176
     1
290
     0
176
     1
 90
       50
176
     1
 90
       50
176
     1
 90
       50
176
     1
290
     0
176
     1
 90
       50
176
     1
 62
   256
176
     0
 40
1.0
176
     0
 90
        2
176
     1
  1
strokes_ogs.tif
176
     1
290
     0
176
     1
 40
1.0
176
     1
 40
1.0
176
     1
  0
VISUALSTYLE
  5
40
102
{ACAD_REACTORS
330
2A
102
}
330
2A
100
AcDbVisualStyle
  2
X-Ray
 70
    25
177
     3
291
     0
 70
    58
 90
        2
176
     1
 90
        2
176
     1
 90
        1
176
     1
 90
        1
176
     1
 40
0.5
176
     1
 40
30.0
176
     1
 62
     7
420
 16777215
176
     1
 90
        1
176
     1
 90
        0
176
     1
 62
     7
176
     1
 62
   257
176
     1
 90
        1
176
     1
 90
        1
176
     1
 40
1.0
176
     1
 90
        8
176
     1
 62
     7
176
     1
 40
1.0
176
     1
 90
        1
176
     1
 90
        6
176
     1
 90
        2
176
     1
 62
     7
176
     1
 90
        3
176
     1
 90
        0
176
     1
 90
        0
176
     1
290
     0
176
     1
 90
       13
176
     1
 40
0.0
176
     1
 90
        0
176
     1
290
     0
176
     1
290
     1
176
     1
290
     1
176
     1
290
     0
176
     1
290
     0
176
     1
290
     0
176
     1
290
     0
176
     1
290
     0
176
     1
290
     0
176
     1
 90
       50
176
     1
 40
0.0
176
     1
 40
1.0
176
     1
 90
        0
176
     1
 62
    18
420
        0
176
     1
 90
       50
176
     1
 90
        3
176
     1
 62
     5
420
      255
176
     1
290
     0
176
     1
 90
       50
176
     1
 90
       50
176
     1
 90
       50
176
     1
290
     0
176
     1
 90
       50
176
     1
 62
   256
176
     0
 40
1.0
176
     0
 90
        2
176
     1
  1
strokes_ogs.tif
176
     1
290
     0
176
     1
 40
1.0
176
     1
 40
1.0
176
     1
  0
DICTIONARYVAR
  5
E3
102
{ACAD_REACTORS
330
E2
102
}
330
E2
100
DictionaryVariables
280
     0
  1
1:1
  0
DICTIONARYVAR
  5
EB
102
{ACAD_REACTORS
330
E2
102
}
330
E2
100
DictionaryVariables
280
     0
  1
3.500000
  0
DICTIONARYVAR
  5
EC
102
{ACAD_REACTORS
330
E2
102
}
330
E2
100
DictionaryVariables
280
     0
  1
acadiso.lin
  0
DICTIONARYVAR
  5
E8
102
{ACAD_REACTORS
330
E2
102
}
330
E2
100
DictionaryVariables
280
     0
  1
Standard
  0
DICTIONARYVAR
  5
E7
102
{ACAD_REACTORS
330
E2
102
}
330
E2
100
DictionaryVariables
280
     0
  1
Standard
  0
DICTIONARY
  5
E4
330
5A
100
AcDbDictionary
280
     1
281
     1
  3
ACAD_ROUNDTRIP_2008_TABLESTYLE_CELLSTYLEMAP
360
E5
  0
CELLSTYLEMAP
  5
E5
102
{ACAD_REACTORS
330
E4
102
}
330
E4
100
AcDbCellStyleMap
 90
        3
300
CELLSTYLE
  1
TABLEFORMAT_BEGIN
 90
        5
170
     1
 91
        0
 92
    32768
 62
   257
 93
        1
300
CONTENTFORMAT
  1
CONTENTFORMAT_BEGIN
 90
        0
 91
        0
 92
        4
 93
        0
300

 40
0.0
140
1.0
 94
        5
 62
     0
340
11
144
6.0
309
CONTENTFORMAT_END
171
     1
301
MARGIN
  1
CELLMARGIN_BEGIN
 40
1.5
 40
1.5
 40
1.5
 40
1.5
 40
1.5
 40
1.5
309
CELLMARGIN_END
 94
        6
 95
        1
302
GRIDFORMAT
  1
GRIDFORMAT_BEGIN
 90
        0
 91
        1
 62
     0
 92
       -2
340
14
 93
        0
 40
0.045
309
GRIDFORMAT_END
 95
        2
302
GRIDFORMAT
  1
GRIDFORMAT_BEGIN
 90
        0
 91
        1
 62
     0
 92
       -2
340
14
 93
        0
 40
0.045
309
GRIDFORMAT_END
 95
        4
302
GRIDFORMAT
  1
GRIDFORMAT_BEGIN
 90
        0
 91
        1
 62
     0
 92
       -2
340
14
 93
        0
 40
0.045
309
GRIDFORMAT_END
 95
        8
302
GRIDFORMAT
  1
GRIDFORMAT_BEGIN
 90
        0
 91
        1
 62
     0
 92
       -2
340
14
 93
        0
 40
0.045
309
GRIDFORMAT_END
 95
       16
302
GRIDFORMAT
  1
GRIDFORMAT_BEGIN
 90
        0
 91
        1
 62
     0
 92
       -2
340
14
 93
        0
 40
0.045
309
GRIDFORMAT_END
 95
       32
302
GRIDFORMAT
  1
GRIDFORMAT_BEGIN
 90
        0
 91
        1
 62
     0
 92
       -2
340
14
 93
        0
 40
0.045
309
GRIDFORMAT_END
309
TABLEFORMAT_END
  1
CELLSTYLE_BEGIN
 90
        1
 91
        1
300
_TITLE
309
CELLSTYLE_END
300
CELLSTYLE
  1
TABLEFORMAT_BEGIN
 90
        5
170
     1
 91
        0
 92
        0
 62
   257
 93
        1
300
CONTENTFORMAT
  1
CONTENTFORMAT_BEGIN
 90
        0
 91
        0
 92
        4
 93
        0
300

 40
0.0
140
1.0
 94
        5
 62
     0
340
11
144
4.5
309
CONTENTFORMAT_END
171
     1
301
MARGIN
  1
CELLMARGIN_BEGIN
 40
1.5
 40
1.5
 40
1.5
 40
1.5
 40
1.5
 40
1.5
309
CELLMARGIN_END
 94
        6
 95
        1
302
GRIDFORMAT
  1
GRIDFORMAT_BEGIN
 90
        0
 91
        1
 62
     0
 92
       -2
340
14
 93
        0
 40
0.045
309
GRIDFORMAT_END
 95
        2
302
GRIDFORMAT
  1
GRIDFORMAT_BEGIN
 90
        0
 91
        1
 62
     0
 92
       -2
340
14
 93
        0
 40
0.045
309
GRIDFORMAT_END
 95
        4
302
GRIDFORMAT
  1
GRIDFORMAT_BEGIN
 90
        0
 91
        1
 62
     0
 92
       -2
340
14
 93
        0
 40
0.045
309
GRIDFORMAT_END
 95
        8
302
GRIDFORMAT
  1
GRIDFORMAT_BEGIN
 90
        0
 91
        1
 62
     0
 92
       -2
340
14
 93
        0
 40
0.045
309
GRIDFORMAT_END
 95
       16
302
GRIDFORMAT
  1
GRIDFORMAT_BEGIN
 90
        0
 91
        1
 62
     0
 92
       -2
340
14
 93
        0
 40
0.045
309
GRIDFORMAT_END
 95
       32
302
GRIDFORMAT
  1
GRIDFORMAT_BEGIN
 90
        0
 91
        1
 62
     0
 92
       -2
340
14
 93
        0
 40
0.045
309
GRIDFORMAT_END
309
TABLEFORMAT_END
  1
CELLSTYLE_BEGIN
 90
        2
 91
        1
300
_HEADER
309
CELLSTYLE_END
300
CELLSTYLE
  1
TABLEFORMAT_BEGIN
 90
        5
170
     1
 91
        0
 92
        0
 62
   257
 93
        1
300
CONTENTFORMAT
  1
CONTENTFORMAT_BEGIN
 90
        0
 91
        0
 92
        4
 93
        0
300

 40
0.0
140
1.0
 94
        2
 62
     0
340
11
144
4.5
309
CONTENTFORMAT_END
171
     1
301
MARGIN
  1
CELLMARGIN_BEGIN
 40
1.5
 40
1.5
 40
1.5
 40
1.5
 40
1.5
 40
1.5
309
CELLMARGIN_END
 94
        6
 95
        1
302
GRIDFORMAT
  1
GRIDFORMAT_BEGIN
 90
        0
 91
        1
 62
     0
 92
       -2
340
14
 93
        0
 40
0.045
309
GRIDFORMAT_END
 95
        2
302
GRIDFORMAT
  1
GRIDFORMAT_BEGIN
 90
        0
 91
        1
 62
     0
 92
       -2
340
14
 93
        0
 40
0.045
309
GRIDFORMAT_END
 95
        4
302
GRIDFORMAT
  1
GRIDFORMAT_BEGIN
 90
        0
 91
        1
 62
     0
 92
       -2
340
14
 93
        0
 40
0.045
309
GRIDFORMAT_END
 95
        8
302
GRIDFORMAT
  1
GRIDFORMAT_BEGIN
 90
        0
 91
        1
 62
     0
 92
       -2
340
14
 93
        0
 40
0.045
309
GRIDFORMAT_END
 95
       16
302
GRIDFORMAT
  1
GRIDFORMAT_BEGIN
 90
        0
 91
        1
 62
     0
 92
       -2
340
14
 93
        0
 40
0.045
309
GRIDFORMAT_END
 95
       32
302
GRIDFORMAT
  1
GRIDFORMAT_BEGIN
 90
        0
 91
        1
 62
     0
 92
       -2
340
14
 93
        0
 40
0.045
309
GRIDFORMAT_END
309
TABLEFORMAT_END
  1
CELLSTYLE_BEGIN
 90
        3
 91
        2
300
_DATA
309
CELLSTYLE_END
  0
ENDSEC
  0
EOF
