  0
SECTION
  2
HEADER
  9
$ACADVER
  1
AC1027
  9
$ACADMAINTVER
 70
   105
  9
$DWGCODEPAGE
  3
ANSI_1252
  9
$COMMENTS
  1
File was created by Cadenas
  9
$LASTSAVEDBY
  1
psService
  9
$CUSTOMPROPERTYTAG
  1
NB
  9
$CUSTOMPROPERTY
  1
AN110-01
  9
$CUSTOMPROPERTYTAG
  1
NN
  9
$CUSTOMPROPERTY
  1
AN
  9
$CUSTOMPROPERTYTAG
  1
NT
  9
$CUSTOMPROPERTY
  1
Silencer BC Sintered Body Type
  9
$CUSTOMPROPERTYTAG
  1
NBSYN
  9
$CUSTOMPROPERTY
  1
$MODEL.
  9
$CUSTOMPROPERTYTAG
  1
LINA
  9
$CUSTOMPROPERTY
  1
AN110-01
  9
$CUSTOMPROPERTYTAG
  1
CATALOG
  9
$CUSTOMPROPERTY
  1
SMC (JP
  9
$CUSTOMPROPERTYTAG
  1
ROWDESC
  9
$CUSTOMPROPERTY
  1
AN110-01
  9
$CUSTOMPROPERTYTAG
  1
MODEL
  9
$CUSTOMPROPERTY
  1
AN110-01
  9
$CUSTOMPROPERTYTAG
  1
R
  9
$CUSTOMPROPERTY
  1
R1/8
  9
$CUSTOMPROPERTYTAG
  1
NR
  9
$CUSTOMPROPERTY
  1
21
  9
$CUSTOMPROPERTYTAG
  1
EA
  9
$CUSTOMPROPERTY
  1
35
  9
$CUSTOMPROPERTYTAG
  1
CNSMASSEXACT
  9
$CUSTOMPROPERTY
  1
17.0
  9
$CUSTOMPROPERTYTAG
  1
A
  9
$CUSTOMPROPERTY
  1
34.0
  9
$CUSTOMPROPERTYTAG
  1
B
  9
$CUSTOMPROPERTY
  1
13
  9
$CUSTOMPROPERTYTAG
  1
COMPANY
  9
$CUSTOMPROPERTY
  1
smc_jp
  9
$REQUIREDVERSIONS
160
                 0
  9
$INSBASE
 10
0.0
 20
0.0
 30
0.0
  9
$EXTMIN
 10
-17.05423728813559
 20
-8.5
 30
0.0
  9
$EXTMAX
 10
19.5
 20
42.58254305952687
 30
0.0
  9
$LIMMIN
 10
0.0
 20
0.0
  9
$LIMMAX
 10
420.0
 20
297.0
  9
$ORTHOMODE
 70
     0
  9
$REGENMODE
 70
     1
  9
$FILLMODE
 70
     1
  9
$QTEXTMODE
 70
     0
  9
$MIRRTEXT
 70
     1
  9
$LTSCALE
 40
1.0
  9
$ATTMODE
 70
     1
  9
$TEXTSIZE
 40
2.5
  9
$TRACEWID
 40
1.0
  9
$TEXTSTYLE
  7
Standard
  9
$CLAYER
  8
0
  9
$CELTYPE
  6
ByLayer
  9
$CECOLOR
 62
   256
  9
$CELTSCALE
 40
1.0
  9
$DISPSILH
 70
     0
  9
$DIMSCALE
 40
1.0
  9
$DIMASZ
 40
2.5
  9
$DIMEXO
 40
0.625
  9
$DIMDLI
 40
3.75
  9
$DIMRND
 40
0.0
  9
$DIMDLE
 40
0.0
  9
$DIMEXE
 40
1.25
  9
$DIMTP
 40
0.0
  9
$DIMTM
 40
0.0
  9
$DIMTXT
 40
2.5
  9
$DIMCEN
 40
2.5
  9
$DIMTSZ
 40
0.0
  9
$DIMTOL
 70
     0
  9
$DIMLIM
 70
     0
  9
$DIMTIH
 70
     0
  9
$DIMTOH
 70
     0
  9
$DIMSE1
 70
     0
  9
$DIMSE2
 70
     0
  9
$DIMTAD
 70
     1
  9
$DIMZIN
 70
     8
  9
$DIMBLK
  1

  9
$DIMASO
 70
     1
  9
$DIMSHO
 70
     1
  9
$DIMPOST
  1

  9
$DIMAPOST
  1

  9
$DIMALT
 70
     0
  9
$DIMALTD
 70
     3
  9
$DIMALTF
 40
0.03937007874016
  9
$DIMLFAC
 40
1.0
  9
$DIMTOFL
 70
     1
  9
$DIMTVP
 40
0.0
  9
$DIMTIX
 70
     0
  9
$DIMSOXD
 70
     0
  9
$DIMSAH
 70
     0
  9
$DIMBLK1
  1

  9
$DIMBLK2
  1

  9
$DIMSTYLE
  2
ISO-25
  9
$DIMCLRD
 70
     0
  9
$DIMCLRE
 70
     0
  9
$DIMCLRT
 70
     0
  9
$DIMTFAC
 40
1.0
  9
$DIMGAP
 40
0.625
  9
$DIMJUST
 70
     0
  9
$DIMSD1
 70
     0
  9
$DIMSD2
 70
     0
  9
$DIMTOLJ
 70
     0
  9
$DIMTZIN
 70
     8
  9
$DIMALTZ
 70
     0
  9
$DIMALTTZ
 70
     0
  9
$DIMUPT
 70
     0
  9
$DIMDEC
 70
     2
  9
$DIMTDEC
 70
     2
  9
$DIMALTU
 70
     2
  9
$DIMALTTD
 70
     3
  9
$DIMTXSTY
  7
Standard
  9
$DIMAUNIT
 70
     0
  9
$DIMADEC
 70
     0
  9
$DIMALTRND
 40
0.0
  9
$DIMAZIN
 70
     0
  9
$DIMDSEP
 70
    44
  9
$DIMATFIT
 70
     3
  9
$DIMFRAC
 70
     0
  9
$DIMLDRBLK
  1

  9
$DIMLUNIT
 70
     2
  9
$DIMLWD
 70
    -2
  9
$DIMLWE
 70
    -2
  9
$DIMTMOVE
 70
     0
  9
$DIMFXL
 40
1.0
  9
$DIMFXLON
 70
     0
  9
$DIMJOGANG
 40
0.7853981633974483
  9
$DIMTFILL
 70
     0
  9
$DIMTFILLCLR
 70
     0
  9
$DIMARCSYM
 70
     0
  9
$DIMLTYPE
  6

  9
$DIMLTEX1
  6

  9
$DIMLTEX2
  6

  9
$DIMTXTDIRECTION
 70
     0
  9
$LUNITS
 70
     2
  9
$LUPREC
 70
     4
  9
$SKETCHINC
 40
1.0
  9
$FILLETRAD
 40
0.0
  9
$AUNITS
 70
     0
  9
$AUPREC
 70
     0
  9
$MENU
  1
.
  9
$ELEVATION
 40
0.0
  9
$PELEVATION
 40
0.0
  9
$THICKNESS
 40
0.0
  9
$LIMCHECK
 70
     0
  9
$CHAMFERA
 40
0.0
  9
$CHAMFERB
 40
0.0
  9
$CHAMFERC
 40
0.0
  9
$CHAMFERD
 40
0.0
  9
$SKPOLY
 70
     0
  9
$TDCREATE
 40
2461293.153175509
  9
$TDUCREATE
 40
2461293.069842176
  9
$TDUPDATE
 40
2461293.153175509
  9
$TDUUPDATE
 40
2461293.069842176
  9
$TDINDWG
 40
0.0000000116
  9
$TDUSRTIMER
 40
0.0000000116
  9
$USRTIMER
 70
     1
  9
$ANGBASE
 50
0.0
  9
$ANGDIR
 70
     0
  9
$PDMODE
 70
     0
  9
$PDSIZE
 40
0.0
  9
$PLINEWID
 40
0.0
  9
$SPLFRAME
 70
     0
  9
$SPLINETYPE
 70
     6
  9
$SPLINESEGS
 70
     8
  9
$HANDSEED
  5
BD
  9
$SURFTAB1
 70
     6
  9
$SURFTAB2
 70
     6
  9
$SURFTYPE
 70
     6
  9
$SURFU
 70
     6
  9
$SURFV
 70
     6
  9
$UCSBASE
  2

  9
$UCSNAME
  2

  9
$UCSORG
 10
0.0
 20
0.0
 30
0.0
  9
$UCSXDIR
 10
1.0
 20
0.0
 30
0.0
  9
$UCSYDIR
 10
0.0
 20
1.0
 30
0.0
  9
$UCSORTHOREF
  2

  9
$UCSORTHOVIEW
 70
     0
  9
$UCSORGTOP
 10
0.0
 20
0.0
 30
0.0
  9
$UCSORGBOTTOM
 10
0.0
 20
0.0
 30
0.0
  9
$UCSORGLEFT
 10
0.0
 20
0.0
 30
0.0
  9
$UCSORGRIGHT
 10
0.0
 20
0.0
 30
0.0
  9
$UCSORGFRONT
 10
0.0
 20
0.0
 30
0.0
  9
$UCSORGBACK
 10
0.0
 20
0.0
 30
0.0
  9
$PUCSBASE
  2

  9
$PUCSNAME
  2

  9
$PUCSORG
 10
0.0
 20
0.0
 30
0.0
  9
$PUCSXDIR
 10
1.0
 20
0.0
 30
0.0
  9
$PUCSYDIR
 10
0.0
 20
1.0
 30
0.0
  9
$PUCSORTHOREF
  2

  9
$PUCSORTHOVIEW
 70
     0
  9
$PUCSORGTOP
 10
0.0
 20
0.0
 30
0.0
  9
$PUCSORGBOTTOM
 10
0.0
 20
0.0
 30
0.0
  9
$PUCSORGLEFT
 10
0.0
 20
0.0
 30
0.0
  9
$PUCSORGRIGHT
 10
0.0
 20
0.0
 30
0.0
  9
$PUCSORGFRONT
 10
0.0
 20
0.0
 30
0.0
  9
$PUCSORGBACK
 10
0.0
 20
0.0
 30
0.0
  9
$USERI1
 70
     0
  9
$USERI2
 70
     0
  9
$USERI3
 70
     0
  9
$USERI4
 70
     0
  9
$USERI5
 70
     0
  9
$USERR1
 40
0.0
  9
$USERR2
 40
0.0
  9
$USERR3
 40
0.0
  9
$USERR4
 40
0.0
  9
$USERR5
 40
0.0
  9
$WORLDVIEW
 70
     1
  9
$SHADEDGE
 70
     3
  9
$SHADEDIF
 70
    70
  9
$TILEMODE
 70
     1
  9
$MAXACTVP
 70
    64
  9
$PINSBASE
 10
0.0
 20
0.0
 30
0.0
  9
$PLIMCHECK
 70
     0
  9
$PEXTMIN
 10
1.000000000000000E+20
 20
1.000000000000000E+20
 30
1.000000000000000E+20
  9
$PEXTMAX
 10
-1.000000000000000E+20
 20
-1.000000000000000E+20
 30
-1.000000000000000E+20
  9
$PLIMMIN
 10
0.0
 20
0.0
  9
$PLIMMAX
 10
420.0
 20
297.0
  9
$UNITMODE
 70
     0
  9
$VISRETAIN
 70
     1
  9
$PLINEGEN
 70
     0
  9
$PSLTSCALE
 70
     1
  9
$TREEDEPTH
 70
  3020
  9
$CMLSTYLE
  2
Standard
  9
$CMLJUST
 70
     0
  9
$CMLSCALE
 40
20.0
  9
$PROXYGRAPHICS
 70
     1
  9
$MEASUREMENT
 70
     1
  9
$CELWEIGHT
370
    -1
  9
$ENDCAPS
280
     0
  9
$JOINSTYLE
280
     0
  9
$LWDISPLAY
290
     0
  9
$INSUNITS
 70
     4
  9
$HYPERLINKBASE
  1

  9
$STYLESHEET
  1

  9
$XEDIT
290
     1
  9
$CEPSNTYPE
380
     0
  9
$PSTYLEMODE
290
     1
  9
$FINGERPRINTGUID
  2
{41d2388d-a04e-4741-84f9-310ad1abaed2}
  9
$VERSIONGUID
  2
{FAEB1C32-E019-11D5-929B-00C0DF256EC4}
  9
$EXTNAMES
290
     1
  9
$PSVPSCALE
 40
0.0
  9
$OLESTARTUP
290
     0
  9
$SORTENTS
280
   127
  9
$INDEXCTL
280
     0
  9
$HIDETEXT
280
     1
  9
$XCLIPFRAME
280
     2
  9
$HALOGAP
280
     0
  9
$OBSCOLOR
 70
   257
  9
$OBSLTYPE
280
     0
  9
$INTERSECTIONDISPLAY
280
     0
  9
$INTERSECTIONCOLOR
 70
   257
  9
$DIMASSOC
280
     2
  9
$PROJECTNAME
  1

  9
$CAMERADISPLAY
290
     0
  9
$LENSLENGTH
 40
50.0
  9
$CAMERAHEIGHT
 40
0.0
  9
$STEPSPERSEC
 40
2.0
  9
$STEPSIZE
 40
6.0
  9
$3DDWFPREC
 40
2.0
  9
$PSOLWIDTH
 40
5.0
  9
$PSOLHEIGHT
 40
80.0
  9
$LOFTANG1
 40
1.570796326794897
  9
$LOFTANG2
 40
1.570796326794897
  9
$LOFTMAG1
 40
0.0
  9
$LOFTMAG2
 40
0.0
  9
$LOFTPARAM
 70
     7
  9
$LOFTNORMALS
280
     1
  9
$LATITUDE
 40
37.795
  9
$LONGITUDE
 40
-122.394
  9
$NORTHDIRECTION
 40
0.0
  9
$TIMEZONE
 70
 -8000
  9
$LIGHTGLYPHDISPLAY
280
     1
  9
$TILEMODELIGHTSYNCH
280
     1
  9
$CMATERIAL
347
44
  9
$SOLIDHIST
280
     0
  9
$SHOWHIST
280
     1
  9
$DWFFRAME
280
     2
  9
$DGNFRAME
280
     2
  9
$REALWORLDSCALE
290
     1
  9
$INTERFERECOLOR
 62
   256
  9
$CSHADOW
280
     0
  9
$SHADOWPLANELOCATION
 40
0.0
  0
ENDSEC
  0
SECTION
  2
CLASSES
  0
CLASS
  1
ACDBDICTIONARYWDFLT
  2
AcDbDictionaryWithDefault
  3
ObjectDBX Classes
 90
        0
 91
        3
280
     0
281
     0
  0
CLASS
  1
VISUALSTYLE
  2
AcDbVisualStyle
  3
ObjectDBX Classes
 90
     4095
 91
        3
280
     0
281
     0
  0
CLASS
  1
MATERIAL
  2
AcDbMaterial
  3
ObjectDBX Classes
 90
     1153
 91
        3
280
     0
281
     0
  0
CLASS
  1
SCALE
  2
AcDbScale
  3
ObjectDBX Classes
 90
     1153
 91
        3
280
     0
281
     0
  0
CLASS
  1
TABLESTYLE
  2
AcDbTableStyle
  3
ObjectDBX Classes
 90
     4095
 91
        3
280
     0
281
     0
  0
CLASS
  1
MLEADERSTYLE
  2
AcDbMLeaderStyle
  3
ACDB_MLEADERSTYLE_CLASS
 90
     4095
 91
        3
280
     0
281
     0
  0
CLASS
  1
SUN
  2
AcDbSun
  3
SCENEOE
 90
     1153
 91
        3
280
     0
281
     0
  0
CLASS
  1
DICTIONARYVAR
  2
AcDbDictionaryVar
  3
ObjectDBX Classes
 90
        0
 91
        3
280
     0
281
     0
  0
CLASS
  1
CELLSTYLEMAP
  2
AcDbCellStyleMap
  3
ObjectDBX Classes
 90
     1152
 91
        3
280
     0
281
     0
  0
ENDSEC
  0
SECTION
  2
TABLES
  0
TABLE
  2
VPORT
  5
8
330
0
100
AcDbSymbolTable
 70
     1
  0
VPORT
  5
29
330
8
100
AcDbSymbolTableRecord
100
AcDbViewportTableRecord
  2
*Active
 70
     0
 10
0.0
 20
0.0
 11
1.0
 21
1.0
 12
1.005932203389818
 22
17.28618678400073
 13
0.0
 23
0.0
 14
10.0
 24
10.0
 15
10.0
 25
10.0
 16
0.0
 26
0.0
 36
1.0
 17
0.0
 27
0.0
 37
0.0
 40
52.60382103936148
 41
0.7172083236473332
 42
50.0
 43
0.0
 44
0.0
 50
0.0
 51
0.0
 71
     0
 72
   100
 73
     1
 74
     3
 75
     0
 76
     0
 77
     0
 78
     0
281
     0
 65
     1
110
0.0
120
0.0
130
0.0
111
1.0
121
0.0
131
0.0
112
0.0
122
1.0
132
0.0
 79
     0
146
0.0
348
2F
 60
     3
 61
     5
292
     1
282
     1
141
0.0
142
0.0
 63
   250
361
5D
  0
ENDTAB
  0
TABLE
  2
LTYPE
  5
5
330
0
100
AcDbSymbolTable
 70
     3
  0
LTYPE
  5
14
330
5
100
AcDbSymbolTableRecord
100
AcDbLinetypeTableRecord
  2
ByBlock
 70
     0
  3

 72
    65
 73
     0
 40
0.0
  0
LTYPE
  5
15
330
5
100
AcDbSymbolTableRecord
100
AcDbLinetypeTableRecord
  2
ByLayer
 70
     0
  3

 72
    65
 73
     0
 40
0.0
  0
LTYPE
  5
16
330
5
100
AcDbSymbolTableRecord
100
AcDbLinetypeTableRecord
  2
Continuous
 70
     0
  3
Solid line
 72
    65
 73
     0
 40
0.0
  0
LTYPE
  5
70
330
5
100
AcDbSymbolTableRecord
100
AcDbLinetypeTableRecord
  2
Dashed
 70
     0
  3

 72
    65
 73
     2
 40
2.0
 49
1.0
 74
     0
 49
-1.0
 74
     0
  0
LTYPE
  5
86
330
5
100
AcDbSymbolTableRecord
100
AcDbLinetypeTableRecord
  2
Center
 70
     0
  3

 72
    65
 73
     4
 40
1.5
 49
0.45
 74
     0
 49
-0.5
 74
     0
 49
0.05
 74
     0
 49
-0.5
 74
     0
  0
ENDTAB
  0
TABLE
  2
LAYER
  5
2
330
0
100
AcDbSymbolTable
 70
     8
  0
LAYER
  5
10
330
2
100
AcDbSymbolTableRecord
100
AcDbLayerTableRecord
  2
0
 70
     0
 62
     7
  6
Continuous
370
    -3
390
F
347
46
348
0
  0
LAYER
  5
5E
330
2
100
AcDbSymbolTableRecord
100
AcDbLayerTableRecord
  2
AM_6
 70
     0
 62
    -2
  6
Continuous
370
    35
390
F
347
46
348
0
  0
LAYER
  5
71
330
2
100
AcDbSymbolTableRecord
100
AcDbLayerTableRecord
  2
AM_9
 70
     0
 62
     6
  6
Dashed
370
    25
390
F
347
46
348
0
  0
LAYER
  5
75
330
2
100
AcDbSymbolTableRecord
100
AcDbLayerTableRecord
  2
AM_0
 70
     0
 62
     7
  6
Continuous
370
    50
390
F
347
46
348
0
  0
LAYER
  5
80
330
2
100
AcDbSymbolTableRecord
100
AcDbLayerTableRecord
  2
AM_5
 70
     0
 62
     3
  6
Continuous
370
    25
390
F
347
46
348
0
  0
LAYER
  5
87
330
2
100
AcDbSymbolTableRecord
100
AcDbLayerTableRecord
  2
AM_7
 70
     0
 62
     7
  6
Center
370
    25
390
F
347
46
348
0
  0
LAYER
  5
95
330
2
100
AcDbSymbolTableRecord
100
AcDbLayerTableRecord
  2
Defpoints
 70
     0
 62
     7
  6
Continuous
290
     0
370
    -3
390
F
347
46
348
0
  0
LAYER
  5
B0
330
2
100
AcDbSymbolTableRecord
100
AcDbLayerTableRecord
  2
2d ConnectionPoints
 70
     0
 62
     7
  6
Continuous
370
    50
390
F
347
46
348
0
  0
ENDTAB
  0
TABLE
  2
STYLE
  5
3
330
0
100
AcDbSymbolTable
 70
     1
  0
STYLE
  5
11
330
3
100
AcDbSymbolTableRecord
100
AcDbTextStyleTableRecord
  2
Standard
 70
     0
 40
0.0
 41
1.0
 50
0.0
 71
     0
 42
2.5
  3
txt
  4

  0
ENDTAB
  0
TABLE
  2
VIEW
  5
6
330
0
100
AcDbSymbolTable
 70
     0
  0
ENDTAB
  0
TABLE
  2
UCS
  5
7
330
0
100
AcDbSymbolTable
 70
     0
  0
ENDTAB
  0
TABLE
  2
APPID
  5
9
330
0
100
AcDbSymbolTable
 70
     1
  0
APPID
  5
12
330
9
100
AcDbSymbolTableRecord
100
AcDbRegAppTableRecord
  2
ACAD
 70
     0
  0
ENDTAB
  0
TABLE
  2
DIMSTYLE
  5
A
330
0
100
AcDbSymbolTable
 70
     1
100
AcDbDimStyleTable
  0
DIMSTYLE
105
27
102
{ACAD_REACTORS
330
94
330
A2
102
}
330
A
100
AcDbSymbolTableRecord
100
AcDbDimStyleTableRecord
  2
ISO-25
 70
     0
 41
2.5
 42
0.625
 43
3.75
 44
1.25
 73
     0
 74
     0
 77
     1
 78
     8
140
2.5
141
2.5
143
0.03937007874016
147
0.625
171
     3
172
     1
178
     0
271
     2
272
     2
274
     3
278
    44
283
     0
284
     8
340
11
  0
ENDTAB
  0
TABLE
  2
BLOCK_RECORD
  5
1
330
0
100
AcDbSymbolTable
 70
     3
  0
BLOCK_RECORD
  5
1F
330
1
100
AcDbSymbolTableRecord
100
AcDbBlockTableRecord
  2
*Model_Space
340
22
 70
     0
280
     1
281
     0
  0
BLOCK_RECORD
  5
1B
330
1
100
AcDbSymbolTableRecord
100
AcDbBlockTableRecord
  2
*Paper_Space
340
1E
 70
     0
280
     1
281
     0
  0
BLOCK_RECORD
  5
23
330
1
100
AcDbSymbolTableRecord
100
AcDbBlockTableRecord
  2
*Paper_Space0
340
26
 70
     0
280
     1
281
     0
  0
BLOCK_RECORD
  5
96
330
1
100
AcDbSymbolTableRecord
100
AcDbBlockTableRecord
  2
*D1
340
0
 70
     0
280
     1
281
     0
  0
BLOCK_RECORD
  5
A3
330
1
100
AcDbSymbolTableRecord
100
AcDbBlockTableRecord
  2
*D2
340
0
 70
     0
280
     1
281
     0
  0
ENDTAB
  0
ENDSEC
  0
SECTION
  2
BLOCKS
  0
BLOCK
  5
20
330
1F
100
AcDbEntity
  8
0
100
AcDbBlockBegin
  2
*Model_Space
 70
     2
 10
0.0
 20
0.0
 30
0.0
  3
*Model_Space
  1

  0
ENDBLK
  5
21
330
1F
100
AcDbEntity
  8
0
100
AcDbBlockEnd
  0
BLOCK
  5
1C
330
1B
100
AcDbEntity
 67
     1
  8
0
100
AcDbBlockBegin
  2
*Paper_Space
 70
     0
 10
0.0
 20
0.0
 30
0.0
  3
*Paper_Space
  1

  0
ENDBLK
  5
1D
330
1B
100
AcDbEntity
 67
     1
  8
0
100
AcDbBlockEnd
  0
BLOCK
  5
24
330
23
100
AcDbEntity
  8
0
100
AcDbBlockBegin
  2
*Paper_Space0
 70
     0
 10
0.0
 20
0.0
 30
0.0
  3
*Paper_Space0
  1

  0
ENDBLK
  5
25
330
23
100
AcDbEntity
  8
0
100
AcDbBlockEnd
  0
BLOCK
  5
97
330
96
100
AcDbEntity
  8
0
100
AcDbBlockBegin
  2
*D1
 70
     1
 10
0.0
 20
0.0
 30
0.0
  3
*D1
  1

  0
LINE
  5
99
330
96
100
AcDbEntity
  8
AM_5
 62
     0
370
    -2
100
AcDbLine
 10
6.5
 20
27.03
 30
0.0
 11
6.5
 21
39.28000068664551
 31
0.0
  0
LINE
  5
9A
330
96
100
AcDbEntity
  8
AM_5
 62
     0
370
    -2
100
AcDbLine
 10
-6.5
 20
27.03
 30
0.0
 11
-6.5
 21
39.28000068664551
 31
0.0
  0
LINE
  5
9B
330
96
100
AcDbEntity
  8
AM_5
 62
     0
370
    -2
100
AcDbLine
 10
4.0
 20
39.28000068664551
 30
0.0
 11
-4.0
 21
39.28000068664551
 31
0.0
  0
SOLID
  5
9C
330
96
100
AcDbEntity
  8
AM_5
 62
     0
100
AcDbTrace
 10
4.0
 20
38.86333401997884
 30
0.0
 11
4.0
 21
39.69666735331217
 31
0.0
 12
6.5
 22
39.28000068664551
 32
0.0
 13
6.5
 23
39.28000068664551
 33
0.0
  0
SOLID
  5
9D
330
96
100
AcDbEntity
  8
AM_5
 62
     0
100
AcDbTrace
 10
-4.0
 20
39.69666735331217
 30
0.0
 11
-4.0
 21
38.86333401997884
 31
0.0
 12
-6.5
 22
39.28000068664551
 32
0.0
 13
-6.5
 23
39.28000068664551
 33
0.0
  0
MTEXT
  5
9E
330
96
100
AcDbEntity
  8
AM_5
 62
     0
100
AcDbMText
 10
0.0
 20
41.30627187308619
 30
0.0
 40
2.5
 41
0.0
 46
0.0
 71
     5
 72
     1
  1
ø13
 73
     1
 44
1.0
  0
POINT
  5
9F
330
96
100
AcDbEntity
  8
Defpoints
 62
     0
100
AcDbPoint
 10
6.5
 20
27.03
 30
0.0
  0
POINT
  5
A0
330
96
100
AcDbEntity
  8
Defpoints
 62
     0
100
AcDbPoint
 10
-6.5
 20
27.03
 30
0.0
  0
POINT
  5
A1
330
96
100
AcDbEntity
  8
Defpoints
 62
     0
100
AcDbPoint
 10
-6.5
 20
39.28000068664551
 30
0.0
  0
ENDBLK
  5
98
330
96
100
AcDbEntity
  8
0
100
AcDbBlockEnd
  0
BLOCK
  5
A4
330
A3
100
AcDbEntity
  8
0
100
AcDbBlockBegin
  2
*D2
 70
     1
 10
0.0
 20
0.0
 30
0.0
  3
*D2
  1

  0
LINE
  5
A6
330
A3
100
AcDbEntity
  8
AM_5
 62
     0
370
    -2
100
AcDbLine
 10
0.0
 20
-3.97
 30
0.0
 11
-15.75
 21
-3.969999999999999
 31
0.0
  0
LINE
  5
A7
330
A3
100
AcDbEntity
  8
AM_5
 62
     0
370
    -2
100
AcDbLine
 10
0.0
 20
30.03
 30
0.0
 11
-15.75
 21
30.03
 31
0.0
  0
LINE
  5
A8
330
A3
100
AcDbEntity
  8
AM_5
 62
     0
370
    -2
100
AcDbLine
 10
-15.75
 20
-1.469999999999999
 30
0.0
 11
-15.75
 21
10.18677966101695
 31
0.0
  0
LINE
  5
A9
330
A3
100
AcDbEntity
  8
AM_5
 62
     0
370
    -2
100
AcDbLine
 10
-15.75
 20
27.53
 30
0.0
 11
-15.75
 21
15.87322033898305
 31
0.0
  0
SOLID
  5
AA
330
A3
100
AcDbEntity
  8
AM_5
 62
     0
100
AcDbTrace
 10
-16.16666666666667
 20
-1.469999999999999
 30
0.0
 11
-15.33333333333333
 21
-1.469999999999999
 31
0.0
 12
-15.75
 22
-3.969999999999999
 32
0.0
 13
-15.75
 23
-3.969999999999999
 33
0.0
  0
SOLID
  5
AB
330
A3
100
AcDbEntity
  8
AM_5
 62
     0
100
AcDbTrace
 10
-15.33333333333333
 20
27.53
 30
0.0
 11
-16.16666666666667
 21
27.53
 31
0.0
 12
-15.75
 22
30.03
 32
0.0
 13
-15.75
 23
30.03
 33
0.0
  0
MTEXT
  5
AC
330
A3
100
AcDbEntity
  8
AM_5
 62
     0
100
AcDbMText
 10
-15.75
 20
13.03
 30
0.0
 40
2.5
 41
0.0
 46
0.0
 71
     5
 72
     1
  1
34
 11
6.123233995736766E-17
 21
1.0
 31
0.0
 73
     1
 44
1.0
  0
POINT
  5
AD
330
A3
100
AcDbEntity
  8
Defpoints
 62
     0
100
AcDbPoint
 10
0.0
 20
-3.97
 30
0.0
  0
POINT
  5
AE
330
A3
100
AcDbEntity
  8
Defpoints
 62
     0
100
AcDbPoint
 10
0.0
 20
30.03
 30
0.0
  0
POINT
  5
AF
330
A3
100
AcDbEntity
  8
Defpoints
 62
     0
100
AcDbPoint
 10
-15.75
 20
30.03
 30
0.0
  0
ENDBLK
  5
A5
330
A3
100
AcDbEntity
  8
0
100
AcDbBlockEnd
  0
ENDSEC
  0
SECTION
  2
ENTITIES
  0
ATTDEF
  5
5F
330
1F
100
AcDbEntity
  8
AM_6
100
AcDbText
 10
11.5
 20
31.73
 30
0.0
 40
0.5
  1
AN110-01
100
AcDbAttributeDefinition
  3

  2
NB
 70
     8
280
     0
  0
ATTDEF
  5
60
330
1F
100
AcDbEntity
  8
AM_6
100
AcDbText
 10
11.5
 20
31.23
 30
0.0
 40
0.5
  1
AN
100
AcDbAttributeDefinition
  3

  2
NN
 70
     8
280
     0
  0
ATTDEF
  5
61
330
1F
100
AcDbEntity
  8
AM_6
100
AcDbText
 10
11.5
 20
30.73
 30
0.0
 40
0.5
  1
Silencer BC Sintered Body Type
100
AcDbAttributeDefinition
  3

  2
NT
 70
     8
280
     0
  0
ATTDEF
  5
62
330
1F
100
AcDbEntity
  8
AM_6
100
AcDbText
 10
11.5
 20
30.23
 30
0.0
 40
0.5
  1
$MODEL.
100
AcDbAttributeDefinition
  3

  2
NBSYN
 70
     8
280
     0
  0
ATTDEF
  5
63
330
1F
100
AcDbEntity
  8
AM_6
100
AcDbText
 10
11.5
 20
29.73
 30
0.0
 40
0.5
  1
AN110-01
100
AcDbAttributeDefinition
  3

  2
LINA
 70
     8
280
     0
  0
ATTDEF
  5
64
330
1F
100
AcDbEntity
  8
AM_6
100
AcDbText
 10
11.5
 20
29.23
 30
0.0
 40
0.5
  1
SMC (JP
100
AcDbAttributeDefinition
  3

  2
CATALOG
 70
     8
280
     0
  0
ATTDEF
  5
65
330
1F
100
AcDbEntity
  8
AM_6
100
AcDbText
 10
11.5
 20
28.73
 30
0.0
 40
0.5
  1
AN110-01
100
AcDbAttributeDefinition
  3

  2
ROWDESC
 70
     8
280
     0
  0
ATTDEF
  5
66
330
1F
100
AcDbEntity
  8
AM_6
100
AcDbText
 10
11.5
 20
28.23
 30
0.0
 40
0.5
  1
AN110-01
100
AcDbAttributeDefinition
  3

  2
MODEL
 70
     8
280
     0
  0
ATTDEF
  5
67
330
1F
100
AcDbEntity
  8
AM_6
100
AcDbText
 10
11.5
 20
27.73
 30
0.0
 40
0.5
  1
R1/8
100
AcDbAttributeDefinition
  3

  2
R
 70
     8
280
     0
  0
ATTDEF
  5
68
330
1F
100
AcDbEntity
  8
AM_6
100
AcDbText
 10
11.5
 20
27.23
 30
0.0
 40
0.5
  1
21
100
AcDbAttributeDefinition
  3

  2
NR
 70
     8
280
     0
  0
ATTDEF
  5
69
330
1F
100
AcDbEntity
  8
AM_6
100
AcDbText
 10
11.5
 20
26.73
 30
0.0
 40
0.5
  1
35
100
AcDbAttributeDefinition
  3

  2
EA
 70
     8
280
     0
  0
ATTDEF
  5
6A
330
1F
100
AcDbEntity
  8
AM_6
100
AcDbText
 10
11.5
 20
26.23
 30
0.0
 40
0.5
  1
17.0
100
AcDbAttributeDefinition
  3

  2
CNSMASSEXACT
 70
     8
280
     0
  0
ATTDEF
  5
6B
330
1F
100
AcDbEntity
  8
AM_6
100
AcDbText
 10
11.5
 20
25.73
 30
0.0
 40
0.5
  1
34.0
100
AcDbAttributeDefinition
  3

  2
A
 70
     8
280
     0
  0
ATTDEF
  5
6C
330
1F
100
AcDbEntity
  8
AM_6
100
AcDbText
 10
11.5
 20
25.23
 30
0.0
 40
0.5
  1
13
100
AcDbAttributeDefinition
  3

  2
B
 70
     8
280
     0
  0
ATTDEF
  5
6D
330
1F
100
AcDbEntity
  8
AM_6
100
AcDbText
 10
11.5
 20
24.73
 30
0.0
 40
0.5
  1
smc_jp
100
AcDbAttributeDefinition
  3

  2
COMPANY
 70
     8
280
     0
  0
ATTDEF
  5
6E
330
1F
100
AcDbEntity
  8
AM_6
100
AcDbText
 10
11.5
 20
24.23
 30
0.0
 40
0.5
  1
{$CADENAS_DATA/23d-libs/smc_jp/air_line_equipment/silencers/an_silencers/an.prj},152 {VTYP=3D},{NB=AN110-01},{LINA=AN110-01},{NN=AN},{DATE=02.09.2026 08:42:11},{GEOMDATE=01.02.2021 08:52:41},{VERSION=},{LINEID=30},{WBVAR=},{WBNUMERIC=}  {NB=AN110-01
100
AcDbAttributeDefinition
  3

  2
PSOL_0
 70
     9
280
     0
  0
ATTDEF
  5
6F
330
1F
100
AcDbEntity
  8
AM_6
100
AcDbText
 10
11.5
 20
23.73
 30
0.0
 40
0.5
  1
A=AN110-01},{KT=X},{MODEL=AN110-01},{R=R1/8},{ND=9.728},{RA=0.0},{RP=0.0},{NR=21},{EA=35},{CNSMASSEXACT=17.0},{A=34.0},{B=13},{LH1=26.9},{LH2=0.0},{DV1=7.2},{DV2=0.0},{NENN=AN110-01},{PIVOT=3.97},{ORDER=AN110-01}
100
AcDbAttributeDefinition
  3

  2
PSOL_1
 70
     9
280
     0
  0
LINE
  5
72
330
1F
100
AcDbEntity
  8
AM_9
100
AcDbLine
 10
-3.6
 20
2.420000000000001
 30
0.0
 11
-3.6
 21
-3.970000000000001
 31
0.0
  0
LINE
  5
73
330
1F
100
AcDbEntity
  8
AM_9
100
AcDbLine
 10
3.6
 20
-3.970000000000001
 30
0.0
 11
3.6
 21
2.420000000000001
 31
0.0
  0
LINE
  5
74
330
1F
100
AcDbEntity
  8
AM_9
100
AcDbLine
 10
3.6
 20
2.420000000000001
 30
0.0
 11
-3.6
 21
2.420000000000001
 31
0.0
  0
LINE
  5
76
330
1F
100
AcDbEntity
  8
AM_0
100
AcDbLine
 10
4.282999999999998
 20
-3.970000000000001
 30
0.0
 11
4.863999999999998
 21
-3.389000000000002
 31
0.0
  0
LINE
  5
77
330
1F
100
AcDbEntity
  8
AM_0
100
AcDbLine
 10
-4.863999999999998
 20
-3.389000000000002
 30
0.0
 11
-4.282999999999998
 21
-3.970000000000001
 31
0.0
  0
LINE
  5
78
330
1F
100
AcDbEntity
  8
AM_0
100
AcDbLine
 10
4.282999999999998
 20
-3.970000000000001
 30
0.0
 11
-4.282999999999998
 21
-3.970000000000001
 31
0.0
  0
LINE
  5
79
330
1F
100
AcDbEntity
  8
AM_0
100
AcDbLine
 10
-4.863999999999998
 20
3.129999999999995
 30
0.0
 11
-4.863999999999998
 21
-3.389000000000002
 31
0.0
  0
LINE
  5
7A
330
1F
100
AcDbEntity
  8
AM_0
100
AcDbLine
 10
4.863999999999998
 20
-3.389000000000002
 30
0.0
 11
4.863999999999998
 21
3.129999999999995
 31
0.0
  0
LINE
  5
7B
330
1F
100
AcDbEntity
  8
AM_0
100
AcDbLine
 10
4.863999999999998
 20
-3.389000000000002
 30
0.0
 11
-4.863999999999998
 21
-3.389000000000002
 31
0.0
  0
LINE
  5
7C
330
1F
100
AcDbEntity
  8
AM_0
100
AcDbLine
 10
-6.500000000000001
 20
30.03
 30
0.0
 11
-6.500000000000001
 21
3.129999999999994
 31
0.0
  0
LINE
  5
7D
330
1F
100
AcDbEntity
  8
AM_0
100
AcDbLine
 10
6.500000000000001
 20
3.129999999999994
 30
0.0
 11
6.500000000000001
 21
30.03
 31
0.0
  0
LINE
  5
7E
330
1F
100
AcDbEntity
  8
AM_0
100
AcDbLine
 10
6.500000000000001
 20
3.129999999999994
 30
0.0
 11
-6.500000000000001
 21
3.129999999999994
 31
0.0
  0
LINE
  5
7F
330
1F
100
AcDbEntity
  8
AM_0
100
AcDbLine
 10
6.500000000000001
 20
30.03
 30
0.0
 11
-6.500000000000001
 21
30.03
 31
0.0
  0
LINE
  5
81
330
1F
100
AcDbEntity
  8
AM_5
100
AcDbLine
 10
4.282999999999998
 20
-3.970000000000001
 30
0.0
 11
4.283
 21
2.630000000000001
 31
0.0
  0
LINE
  5
82
330
1F
100
AcDbEntity
  8
AM_5
100
AcDbLine
 10
4.863999999999993
 20
3.129999999999995
 30
0.0
 11
4.283
 21
2.630000000000001
 31
0.0
  0
LINE
  5
83
330
1F
100
AcDbEntity
  8
AM_5
100
AcDbLine
 10
4.864
 20
2.630000000000001
 30
0.0
 11
-4.864
 21
2.630000000000001
 31
0.0
  0
LINE
  5
84
330
1F
100
AcDbEntity
  8
AM_5
100
AcDbLine
 10
-4.282999999999998
 20
-3.970000000000001
 30
0.0
 11
-4.283
 21
2.630000000000001
 31
0.0
  0
LINE
  5
85
330
1F
100
AcDbEntity
  8
AM_5
100
AcDbLine
 10
-4.863999999999993
 20
3.129999999999995
 30
0.0
 11
-4.283
 21
2.630000000000001
 31
0.0
  0
LINE
  5
88
330
1F
100
AcDbEntity
  8
AM_7
100
AcDbLine
 10
0.0
 20
31.73
 30
0.0
 11
0.0
 21
-5.670000000000002
 31
0.0
  0
LWPOLYLINE
  5
89
102
{ACAD_REACTORS
330
93
102
}
330
1F
100
AcDbEntity
  8
AM_5
100
AcDbPolyline
 90
        4
 70
     0
 43
0.0
 10
4.864
 20
0.0
 10
6.796560383382382
 20
-1.662892168657048
 10
6.008327981331027
 20
-2.27826984159973
 10
4.864
 20
0.0
  0
LINE
  5
8A
102
{ACAD_REACTORS
330
93
102
}
330
1F
100
AcDbEntity
  8
AM_5
100
AcDbLine
 10
19.5
 20
-8.5
 30
0.0
 11
11.5
 21
-8.5
 31
0.0
  0
LINE
  5
8B
102
{ACAD_REACTORS
330
93
102
}
330
1F
100
AcDbEntity
  8
AM_5
100
AcDbLine
 10
11.5
 20
-8.5
 30
0.0
 11
4.864
 21
0.0
 31
0.0
  0
LWPOLYLINE
  5
8C
102
{ACAD_REACTORS
330
93
102
}
330
1F
100
AcDbEntity
  8
AM_5
100
AcDbPolyline
 90
       40
 70
     0
 43
0.0
 10
11.708
 20
-5.393750000000001
 10
12.39375
 20
-5.393750000000001
 10
12.39375
 20
-5.393750000000001
 10
12.46414500000001
 20
-5.396480000000002
 10
12.56803125
 20
-5.4108125
 10
12.56803125
 20
-5.4108125
 10
12.66987
 20
-5.437430000000001
 10
12.736625
 20
-5.462
 10
12.736625
 20
-5.462
 10
12.8006175
 20
-5.492322500000001
 10
12.887953125
 20
-5.549140625000001
 10
12.887953125
 20
-5.549140625000001
 10
12.964905
 20
-5.61956
 10
13.0104375
 20
-5.6740625
 10
13.0104375
 20
-5.6740625
 10
13.04934
 20
-5.734480000000001
 10
13.091484375
 20
-5.835953125
 10
13.091484375
 20
-5.835953125
 10
13.1141775
 20
-5.950442500000001
 10
13.1185
 20
-6.034
 10
13.1185
 20
-6.034
 10
13.11317
 20
-6.126072500000002
 10
13.0851875
 20
-6.251140625
 10
13.0851875
 20
-6.251140625
 10
13.03322
 20
-6.36056
 10
12.98525
 20
-6.4248125
 10
12.98525
 20
-6.4248125
 10
12.9287
 20
-6.481980000000001
 10
12.8316875
 20
-6.554203125
 10
12.8316875
 20
-6.554203125
 10
12.72005
 20
-6.610192500000001
 10
12.6375
 20
-6.638500000000001
 10
13.177
 20
-7.76625
 10
12.91375
 20
-7.76625
 10
12.38725
 20
-6.6775
 10
12.3515
 20
-6.6775
 10
11.9485
 20
-6.6775
 10
11.9485
 20
-7.75
 10
11.708
 20
-7.75
 10
11.708
 20
-5.393750000000001
  0
LWPOLYLINE
  5
8D
102
{ACAD_REACTORS
330
93
102
}
330
1F
100
AcDbEntity
  8
AM_5
100
AcDbPolyline
 90
       34
 70
     0
 43
0.0
 10
12.28
 20
-6.46625
 10
12.28
 20
-6.46625
 10
12.34877
 20
-6.465047500000003
 10
12.444125
 20
-6.458734375000001
 10
12.444125
 20
-6.458734375000001
 10
12.53012
 20
-6.447010000000001
 10
12.58225
 20
-6.4361875
 10
12.58225
 20
-6.4361875
 10
12.6305125
 20
-6.421562500000003
 10
12.696203125
 20
-6.389875
 10
12.696203125
 20
-6.389875
 10
12.75385
 20
-6.3464875
 10
12.7878125
 20
-6.3110625
 10
12.7878125
 20
-6.3110625
 10
12.81677
 20
-6.269430000000002
 10
12.848140625
 20
-6.193453125
 10
12.848140625
 20
-6.193453125
 10
12.8650325
 20
-6.101242500000001
 10
12.86825
 20
-6.03075
 10
12.86825
 20
-6.03075
 10
12.8623025
 20
-5.940887500000001
 10
12.831078125
 20
-5.827421875000001
 10
12.831078125
 20
-5.827421875000001
 10
12.77309
 20
-5.739550000000001
 10
12.7195625
 20
-5.6951875
 10
12.7195625
 20
-5.6951875
 10
12.65713
 20
-5.660380000000001
 10
12.552390625
 20
-5.622671875
 10
12.552390625
 20
-5.622671875
 10
12.4343425
 20
-5.6023675
 10
12.34825
 20
-5.5985
 10
11.9485
 20
-5.5985
 10
11.9485
 20
-6.46625
 10
12.28
 20
-6.46625
  0
LWPOLYLINE
  5
8E
102
{ACAD_REACTORS
330
93
102
}
330
1F
100
AcDbEntity
  8
AM_5
100
AcDbPolyline
 90
       46
 70
     0
 43
0.0
 10
13.803875
 20
-7.542
 10
14.401875
 20
-7.542
 10
14.401875
 20
-5.78375
 10
14.401875
 20
-5.78375
 10
14.3697
 20
-5.816120000000002
 10
14.31534375
 20
-5.866625000000001
 10
14.31534375
 20
-5.866625000000001
 10
14.253675
 20
-5.91947
 10
14.2085
 20
-5.956
 10
14.2085
 20
-5.956
 10
14.16157
 20
-5.992270000000002
 10
14.0906875
 20
-6.04375
 10
14.0906875
 20
-6.04375
 10
14.01922
 20
-6.091720000000001
 10
13.97125
 20
-6.12175
 10
13.97125
 20
-6.12175
 10
13.924515
 20
-6.148920000000001
 10
13.85953125
 20
-6.181875
 10
13.85953125
 20
-6.181875
 10
13.80069
 20
-6.205470000000001
 10
13.764875
 20
-6.216
 10
13.764875
 20
-5.969
 10
13.764875
 20
-5.969
 10
13.8093025
 20
-5.947907500000002
 10
13.879234375
 20
-5.907859375000001
 10
13.879234375
 20
-5.907859375000001
 10
13.953115
 20
-5.85772
 10
14.0045625
 20
-5.8186875
 10
14.0045625
 20
-5.8186875
 10
14.05627
 20
-5.776860000000001
 10
14.131515625
 20
-5.712046875
 10
14.131515625
 20
-5.712046875
 10
14.2039825
 20
-5.644747500000001
 10
14.25075
 20
-5.5985
 10
14.25075
 20
-5.5985
 10
14.295015
 20
-5.552870000000001
 10
14.35434375
 20
-5.4888125
 10
14.35434375
 20
-5.4888125
 10
14.40519
 20
-5.430020000000001
 10
14.434375
 20
-5.393750000000001
 10
14.642375
 20
-5.393750000000001
 10
14.642375
 20
-7.542
 10
15.185125
 20
-7.542
 10
15.185125
 20
-7.75
 10
13.803875
 20
-7.75
 10
13.803875
 20
-7.542
  0
LWPOLYLINE
  5
8F
102
{ACAD_REACTORS
330
93
102
}
330
1F
100
AcDbEntity
  8
AM_5
100
AcDbPolyline
 90
        5
 70
     0
 43
0.0
 10
16.96575
 20
-5.23125
 10
17.21275
 20
-5.23125
 10
16.072
 20
-8.3675
 10
15.825
 20
-8.3675
 10
16.96575
 20
-5.23125
  0
LWPOLYLINE
  5
90
102
{ACAD_REACTORS
330
93
102
}
330
1F
100
AcDbEntity
  8
AM_5
100
AcDbPolyline
 90
      115
 70
     0
 43
0.0
 10
18.47825
 20
-7.776
 10
18.47825
 20
-7.776
 10
18.396415
 20
-7.773237500000001
 10
18.27878125
 20
-7.758734375
 10
18.27878125
 20
-7.758734375
 10
18.16729
 20
-7.731800000000001
 10
18.096375
 20
-7.7069375
 10
18.096375
 20
-7.7069375
 10
18.029555
 20
-7.676095000000002
 10
17.9395625
 20
-7.617765625
 10
17.9395625
 20
-7.617765625
 10
17.861855
 20
-7.544957500000001
 10
17.816875
 20
-7.488375
 10
17.816875
 20
-7.488375
 10
17.77885
 20
-7.425390000000003
 10
17.73765625
 20
-7.31896875
 10
17.73765625
 20
-7.31896875
 10
17.715475
 20
-7.198215000000001
 10
17.71125
 20
-7.10975
 10
17.71125
 20
-7.10975
 10
17.7155075
 20
-7.025120000000001
 10
17.737859375
 20
-6.907437499999999
 10
17.737859375
 20
-6.907437499999999
 10
17.77937
 20
-6.800870000000001
 10
17.8176875
 20
-6.736
 10
17.8176875
 20
-6.736
 10
17.863155
 20
-6.676980000000001
 10
17.942203125
 20
-6.601125
 10
17.942203125
 20
-6.601125
 10
18.0342675
 20
-6.540480000000001
 10
18.102875
 20
-6.5085
 10
18.102875
 20
-6.5085
 10
17.99933000000001
 20
-6.438040000000002
 10
17.88715625
 20
-6.2996875
 10
17.88715625
 20
-6.2996875
 10
17.826755
 20
-6.12214
 10
17.81525
 20
-5.982
 10
17.81525
 20
-5.982
 10
17.81902000000001
 20
-5.903285000000001
 10
17.8388125
 20
-5.794718749999999
 10
17.8388125
 20
-5.794718749999999
 10
17.87557
 20
-5.697560000000001
 10
17.9095
 20
-5.639125
 10
17.9095
 20
-5.639125
 10
17.94950750000001
 20
-5.586052500000001
 10
18.018171875
 20
-5.517046875
 10
18.018171875
 20
-5.517046875
 10
18.09722
 20
-5.460765
 10
18.1556875
 20
-5.4303125
 10
18.1556875
 20
-5.4303125
 10
18.21721
 20
-5.405450000000002
 10
18.312296875
 20
-5.378515625
 10
18.312296875
 20
-5.378515625
 10
18.4107475
 20
-5.364012500000001
 10
18.47825
 20
-5.36125
 10
18.47825
 20
-5.36125
 10
18.54923
 20
-5.363817500000002
 10
18.6513125
 20
-5.377296875
 10
18.6513125
 20
-5.377296875
 10
18.74813
 20
-5.402330000000001
 10
18.80975
 20
-5.4254375
 10
18.80975
 20
-5.4254375
 10
18.8678275
 20
-5.453842500000001
 10
18.946046875
 20
-5.5066875
 10
18.946046875
 20
-5.5066875
 10
19.01359
 20
-5.5718175
 10
19.0526875
 20
-5.6220625
 10
19.0526875
 20
-5.6220625
 10
19.08574
 20
-5.677540000000002
 10
19.121546875
 20
-5.770140625
 10
19.121546875
 20
-5.770140625
 10
19.1408275
 20
-5.874002500000001
 10
19.1445
 20
-5.9495
 10
19.1445
 20
-5.9495
 10
19.14131500000001
 20
-6.023762500000003
 10
19.12459375
 20
-6.128453125
 10
19.12459375
 20
-6.128453125
 10
19.09354
 20
-6.225100000000001
 10
19.064875
 20
-6.2850625
 10
19.064875
 20
-6.2850625
 10
19.03036
 20
-6.340475000000002
 10
18.96859375
 20
-6.413234375
 10
18.96859375
 20
-6.413234375
 10
18.894835
 20
-6.4735625
 10
18.839
 20
-6.506875
 10
18.839
 20
-6.506875
 10
18.908875
 20
-6.540935000000001
 10
19.00271875
 20
-6.60275
 10
19.00271875
 20
-6.60275
 10
19.0834
 20
-6.677435000000001
 10
19.129875
 20
-6.734375
 10
19.129875
 20
-6.734375
 10
19.16907
 20
-6.796060000000002
 10
19.21153125
 20
-6.89565625
 10
19.21153125
 20
-6.89565625
 10
19.234395
 20
-7.003735000000001
 10
19.23875
 20
-7.0805
 10
19.23875
 20
-7.0805
 10
19.23452500000001
 20
-7.173905000000002
 10
19.21234375
 20
-7.30109375
 10
19.21234375
 20
-7.30109375
 10
19.17115
 20
-7.412780000000001
 10
19.133125
 20
-7.478625
 10
19.133125
 20
-7.478625
 10
19.0882425
 20
-7.537612500000002
 10
19.011046875
 20
-7.613296875000001
 10
19.011046875
 20
-7.613296875000001
 10
18.922005
 20
-7.673625
 10
18.8560625
 20
-7.7053125
 10
18.8560625
 20
-7.7053125
 10
18.78609000000001
 20
-7.730760000000002
 10
18.675890625
 20
-7.758328125
 10
18.675890625
 20
-7.758328125
 10
18.5594025
 20
-7.773172500000001
 10
18.47825
 20
-7.776
  0
LWPOLYLINE
  5
91
102
{ACAD_REACTORS
330
93
102
}
330
1F
100
AcDbEntity
  8
AM_5
100
AcDbPolyline
 90
       73
 70
     0
 43
0.0
 10
18.47825
 20
-7.55175
 10
18.47825
 20
-7.55175
 10
18.532135
 20
-7.549670000000003
 10
18.61028125
 20
-7.53875
 10
18.61028125
 20
-7.53875
 10
18.68521
 20
-7.518470000000001
 10
18.733375
 20
-7.49975
 10
18.733375
 20
-7.49975
 10
18.77897250000001
 20
-7.476805000000001
 10
18.840421875
 20
-7.434343750000001
 10
18.840421875
 20
-7.434343750000001
 10
18.893535
 20
-7.382230000000002
 10
18.9243125
 20
-7.342125
 10
18.9243125
 20
-7.342125
 10
18.95034500000001
 20
-7.297990000000003
 10
18.978546875
 20
-7.22471875
 10
18.978546875
 20
-7.22471875
 10
18.9937325
 20
-7.142965000000001
 10
18.996625
 20
-7.08375
 10
18.996625
 20
-7.08375
 10
18.993765
 20
-7.023332500000001
 10
18.97875
 20
-6.940140625000001
 10
18.97875
 20
-6.940140625000001
 10
18.950865
 20
-6.865870000000001
 10
18.925125
 20
-6.8213125
 10
18.925125
 20
-6.8213125
 10
18.89467250000001
 20
-6.780882500000001
 10
18.842046875
 20
-6.728281249999999
 10
18.842046875
 20
-6.728281249999999
 10
18.781085
 20
-6.685332500000001
 10
18.7358125
 20
-6.6620625
 10
18.7358125
 20
-6.6620625
 10
18.68781
 20
-6.643050000000002
 10
18.612515625
 20
-6.622453125000001
 10
18.612515625
 20
-6.622453125000001
 10
18.5332725
 20
-6.611362500000001
 10
18.47825
 20
-6.60925
 10
18.47825
 20
-6.60925
 10
18.4219925
 20
-6.611492500000003
 10
18.341140625
 20
-6.623265625
 10
18.341140625
 20
-6.623265625
 10
18.26453
 20
-6.645130000000001
 10
18.2158125
 20
-6.665312500000001
 10
18.2158125
 20
-6.665312500000001
 10
18.1699875
 20
-6.689817500000002
 10
18.1085625
 20
-6.734375
 10
18.1085625
 20
-6.734375
 10
18.05591250000001
 20
-6.788292500000001
 10
18.0256875
 20
-6.8294375
 10
18.0256875
 20
-6.8294375
 10
18.00024000000001
 20
-6.874450000000001
 10
17.972671875
 20
-6.948671875
 10
17.972671875
 20
-6.948671875
 10
17.9578275
 20
-7.0309375
 10
17.955
 20
-7.09025
 10
17.955
 20
-7.09025
 10
17.95786000000001
 20
-7.148230000000003
 10
17.972875
 20
-7.228375
 10
17.972875
 20
-7.228375
 10
18.00076
 20
-7.300330000000001
 10
18.0265
 20
-7.34375
 10
18.0265
 20
-7.34375
 10
18.056985
 20
-7.383270000000002
 10
18.10978125
 20
-7.43475
 10
18.10978125
 20
-7.43475
 10
18.17106
 20
-7.476870000000001
 10
18.216625
 20
-7.49975
 10
18.216625
 20
-7.49975
 10
18.26505
 20
-7.518470000000002
 10
18.34134375
 20
-7.53875
 10
18.34134375
 20
-7.53875
 10
18.422025
 20
-7.549670000000001
 10
18.47825
 20
-7.55175
  0
LWPOLYLINE
  5
92
102
{ACAD_REACTORS
330
93
102
}
330
1F
100
AcDbEntity
  8
AM_5
100
AcDbPolyline
 90
       49
 70
     0
 43
0.0
 10
18.47825
 20
-6.363875
 10
18.47825
 20
-6.363875
 10
18.55781
 20
-6.359910000000002
 10
18.6635
 20
-6.33909375
 10
18.6635
 20
-6.33909375
 10
18.75281
 20
-6.300435000000001
 10
18.80325
 20
-6.26475
 10
18.80325
 20
-6.26475
 10
18.84537
 20
-6.222110000000002
 10
18.891
 20
-6.1469375
 10
18.891
 20
-6.1469375
 10
18.91557
 20
-6.058310000000001
 10
18.92025
 20
-5.99175
 10
18.92025
 20
-5.99175
 10
18.9157
 20
-5.917780000000001
 10
18.8918125
 20
-5.819500000000001
 10
18.8918125
 20
-5.819500000000001
 10
18.84745
 20
-5.73643
 10
18.8065
 20
-5.6895
 10
18.8065
 20
-5.6895
 10
18.75697
 20
-5.650305000000002
 10
18.6675625
 20
-5.607843749999999
 10
18.6675625
 20
-5.607843749999999
 10
18.56002
 20
-5.58498
 10
18.47825
 20
-5.580625
 10
18.47825
 20
-5.580625
 10
18.39882
 20
-5.585045000000001
 10
18.2938125
 20
-5.60825
 10
18.2938125
 20
-5.60825
 10
18.20577
 20
-5.651345
 10
18.1565
 20
-5.691125
 10
18.1565
 20
-5.691125
 10
18.11555000000001
 20
-5.738770000000001
 10
18.0711875
 20
-5.82315625
 10
18.0711875
 20
-5.82315625
 10
18.0473
 20
-5.923045000000001
 10
18.04275
 20
-5.998250000000001
 10
18.04275
 20
-5.998250000000001
 10
18.0472025
 20
-6.064127500000002
 10
18.070578125
 20
-6.151609375
 10
18.070578125
 20
-6.151609375
 10
18.11399
 20
-6.225490000000001
 10
18.1540625
 20
-6.2671875
 10
18.1540625
 20
-6.2671875
 10
18.20265
 20
-6.301995000000002
 10
18.290765625
 20
-6.339703125000001
 10
18.290765625
 20
-6.339703125000001
 10
18.3971625
 20
-6.360007500000001
 10
18.47825
 20
-6.363875
  0
DIMENSION
  5
94
330
1F
100
AcDbEntity
  8
AM_5
100
AcDbDimension
280
     0
  2
*D1
 10
-6.5
 20
39.28000068664551
 30
0.0
 11
0.0
 21
39.28000068664551
 31
0.0
 70
   160
  1
ø13
 71
     5
 42
13.0
 73
     0
 74
     0
 75
     0
  3
ISO-25
100
AcDbAlignedDimension
 13
6.5
 23
27.03
 33
0.0
 14
-6.5
 24
27.03
 34
0.0
100
AcDbRotatedDimension
1001
ACAD
1000
DSTYLE
1002
{
1070
   147
1040
0.75
1070
    42
1040
0.0
1070
    44
1040
0.0
1070
    41
1040
2.5
1070
   140
1040
2.5
1002
}
  0
DIMENSION
  5
A2
330
1F
100
AcDbEntity
  8
AM_5
100
AcDbDimension
280
     0
  2
*D2
 10
-15.75
 20
30.03
 30
0.0
 11
-15.75
 21
13.03
 31
0.0
 70
   160
  1
34
 71
     5
 42
34.0
 73
     0
 74
     0
 75
     0
 53
90.0
  3
ISO-25
100
AcDbAlignedDimension
 13
0.0
 23
-3.97
 33
0.0
 14
0.0
 24
30.03
 34
0.0
 50
90.0
100
AcDbRotatedDimension
1001
ACAD
1000
DSTYLE
1002
{
1070
   147
1040
0.75
1070
    42
1040
0.0
1070
    44
1040
0.0
1070
    41
1040
2.5
1070
   140
1040
2.5
1002
}
  0
POINT
  5
B1
330
1F
100
AcDbEntity
  8
2d ConnectionPoints
100
AcDbPoint
 10
0.0
 20
0.0
 30
0.0
  0
ENDSEC
  0
SECTION
  2
OBJECTS
  0
DICTIONARY
  5
C
330
0
100
AcDbDictionary
281
     1
  3
ACAD_DETAILVIEWSTYLE
350
B9
  3
ACAD_GROUP
350
D
  3
ACAD_LAYOUT
350
1A
  3
ACAD_MATERIAL
350
43
  3
ACAD_MLEADERSTYLE
350
5B
  3
ACAD_MLINESTYLE
350
17
  3
ACAD_PLOTSETTINGS
350
19
  3
ACAD_PLOTSTYLENAME
350
E
  3
ACAD_SCALELIST
350
47
  3
ACAD_SECTIONVIEWSTYLE
350
BA
  3
ACAD_TABLESTYLE
350
59
  3
ACAD_VISUALSTYLE
350
2A
  3
ACDB_RECOMPOSE_DATA
350
B6
  3
AcDbVariableDictionary
350
B2
  0
SUN
  5
5D
330
29
100
AcDbSun
 90
        1
290
     0
 63
     7
421
 16777215
 40
1.0
291
     1
 91
  2455826
 92
 54000000
292
     0
 70
     2
 71
   256
280
     1
  0
DICTIONARY
  5
B9
102
{ACAD_REACTORS
330
C
102
}
330
C
100
AcDbDictionary
281
     1
  0
DICTIONARY
  5
D
102
{ACAD_REACTORS
330
C
102
}
330
C
100
AcDbDictionary
281
     1
  3
*A1
350
93
  0
DICTIONARY
  5
1A
102
{ACAD_REACTORS
330
C
102
}
330
C
100
AcDbDictionary
281
     1
  3
Layout1
350
1E
  3
Layout2
350
26
  3
Model
350
22
  0
DICTIONARY
  5
43
102
{ACAD_REACTORS
330
C
102
}
330
C
100
AcDbDictionary
281
     1
  3
ByBlock
350
45
  3
ByLayer
350
44
  3
Global
350
46
  0
DICTIONARY
  5
5B
102
{ACAD_REACTORS
330
C
102
}
330
C
100
AcDbDictionary
281
     1
  3
Standard
350
5C
  0
DICTIONARY
  5
17
102
{ACAD_REACTORS
330
C
102
}
330
C
100
AcDbDictionary
281
     1
  3
Standard
350
18
  0
DICTIONARY
  5
19
102
{ACAD_REACTORS
330
C
102
}
330
C
100
AcDbDictionary
281
     1
  0
ACDBDICTIONARYWDFLT
  5
E
102
{ACAD_REACTORS
330
C
102
}
330
C
100
AcDbDictionary
281
     1
  3
Normal
350
F
100
AcDbDictionaryWithDefault
340
F
  0
DICTIONARY
  5
47
102
{ACAD_REACTORS
330
C
102
}
330
C
100
AcDbDictionary
281
     1
  3
A0
350
48
  3
A1
350
49
  3
A2
350
4A
  3
A3
350
4B
  3
A4
350
4C
  3
A5
350
4D
  3
A6
350
4E
  3
A7
350
4F
  3
A8
350
50
  3
A9
350
51
  3
B0
350
52
  3
B1
350
53
  3
B2
350
54
  3
B3
350
55
  3
B4
350
56
  3
B5
350
57
  3
B6
350
58
  0
DICTIONARY
  5
BA
102
{ACAD_REACTORS
330
C
102
}
330
C
100
AcDbDictionary
281
     1
  0
DICTIONARY
  5
59
102
{ACAD_REACTORS
330
C
102
}
330
C
100
AcDbDictionary
281
     1
  3
Standard
350
5A
  0
DICTIONARY
  5
2A
102
{ACAD_REACTORS
330
C
102
}
330
C
100
AcDbDictionary
281
     1
  3
2dWireframe
350
2F
  3
Basic
350
32
  3
Brighten
350
36
  3
ColorChange
350
3A
  3
Conceptual
350
34
  3
Dim
350
35
  3
EdgeColorOff
350
3D
  3
Facepattern
350
39
  3
Flat
350
2B
  3
FlatWithEdges
350
2C
  3
Gouraud
350
2D
  3
GouraudWithEdges
350
2E
  3
Hidden
350
31
  3
JitterOff
350
3B
  3
Linepattern
350
38
  3
OverhangOff
350
3C
  3
Realistic
350
33
  3
Shaded
350
42
  3
Shaded with edges
350
41
  3
Shades of Gray
350
3E
  3
Sketchy
350
3F
  3
Thicken
350
37
  3
Wireframe
350
30
  3
X-Ray
350
40
  0
XRECORD
  5
B6
102
{ACAD_REACTORS
330
C
102
}
330
C
100
AcDbXrecord
280
     1
 90
        1
330
5A
  0
DICTIONARY
  5
B2
102
{ACAD_REACTORS
330
C
102
}
330
C
100
AcDbDictionary
281
     1
  3
CANNOSCALE
350
B3
  3
CENTEREXE
350
BB
  3
CENTERLTYPEFILE
350
BC
  3
CMLEADERSTYLE
350
B8
  3
CTABLESTYLE
350
B7
  0
GROUP
  5
93
102
{ACAD_REACTORS
330
D
102
}
330
D
100
AcDbGroup
300

 70
     1
 71
     1
340
89
340
8A
340
8B
340
8C
340
8D
340
8E
340
8F
340
90
340
91
340
92
  0
LAYOUT
  5
1E
102
{ACAD_REACTORS
330
1A
102
}
330
1A
100
AcDbPlotSettings
  1

  2
none_device
  4

  6

 40
0.0
 41
0.0
 42
0.0
 43
0.0
 44
0.0
 45
0.0
 46
0.0
 47
0.0
 48
0.0
 49
0.0
140
0.0
141
0.0
142
1.0
143
1.0
 70
   688
 72
     1
 73
     0
 74
     5
  7

 75
    16
 76
     0
 77
     2
 78
   300
147
1.0
148
0.0
149
0.0
100
AcDbLayout
  1
Layout1
 70
     1
 71
     1
 10
0.0
 20
0.0
 11
420.0
 21
297.0
 12
0.0
 22
0.0
 32
0.0
 14
1.000000000000000E+20
 24
1.000000000000000E+20
 34
1.000000000000000E+20
 15
-1.000000000000000E+20
 25
-1.000000000000000E+20
 35
-1.000000000000000E+20
146
0.0
 13
0.0
 23
0.0
 33
0.0
 16
1.0
 26
0.0
 36
0.0
 17
0.0
 27
1.0
 37
0.0
 76
     0
330
1B
  0
LAYOUT
  5
26
102
{ACAD_REACTORS
330
1A
102
}
330
1A
100
AcDbPlotSettings
  1

  2
none_device
  4

  6

 40
0.0
 41
0.0
 42
0.0
 43
0.0
 44
0.0
 45
0.0
 46
0.0
 47
0.0
 48
0.0
 49
0.0
140
0.0
141
0.0
142
1.0
143
1.0
 70
   688
 72
     1
 73
     0
 74
     5
  7

 75
    16
 76
     0
 77
     2
 78
   300
147
1.0
148
0.0
149
0.0
100
AcDbLayout
  1
Layout2
 70
     1
 71
     2
 10
0.0
 20
0.0
 11
0.0
 21
0.0
 12
0.0
 22
0.0
 32
0.0
 14
0.0
 24
0.0
 34
0.0
 15
0.0
 25
0.0
 35
0.0
146
0.0
 13
0.0
 23
0.0
 33
0.0
 16
1.0
 26
0.0
 36
0.0
 17
0.0
 27
1.0
 37
0.0
 76
     0
330
23
  0
LAYOUT
  5
22
102
{ACAD_REACTORS
330
1A
102
}
330
1A
100
AcDbPlotSettings
  1

  2
none_device
  4
Letter_(8.50_x_11.00_Inches)
  6

 40
6.35
 41
6.35
 42
6.35000508
 43
6.35000508
 44
215.9
 45
279.4
 46
0.0
 47
0.0
 48
0.0
 49
0.0
140
0.0
141
0.0
142
1.0
143
1.0
 70
  1712
 72
     1
 73
     0
 74
     0
  7

 75
     0
 76
     0
 77
     2
 78
   300
147
1.0
148
0.0
149
0.0
100
AcDbLayout
  1
Model
 70
     1
 71
     0
 10
0.0
 20
0.0
 11
420.0
 21
297.0
 12
0.0
 22
0.0
 32
0.0
 14
-17.05423728813559
 24
-8.5
 34
0.0
 15
19.5
 25
42.58254305952687
 35
0.0
146
0.0
 13
0.0
 23
0.0
 33
0.0
 16
1.0
 26
0.0
 36
0.0
 17
0.0
 27
1.0
 37
0.0
 76
     0
330
1F
331
29
  0
MATERIAL
  5
45
102
{ACAD_REACTORS
330
43
102
}
330
43
100
AcDbMaterial
  1
ByBlock
 72
     1
 94
      127
  0
MATERIAL
  5
44
102
{ACAD_REACTORS
330
43
102
}
330
43
100
AcDbMaterial
  1
ByLayer
 72
     1
 94
      127
  0
MATERIAL
  5
46
102
{ACAD_REACTORS
330
43
102
}
330
43
100
AcDbMaterial
  1
Global
 72
     1
 94
      127
  0
MLEADERSTYLE
  5
5C
102
{ACAD_REACTORS
330
5B
102
}
330
5B
100
AcDbMLeaderStyle
179
     2
170
     2
171
     1
172
     0
 90
        2
 40
0.0
 41
0.0
173
     1
 91
-1056964608
340
14
 92
       -2
290
     1
 42
2.0
291
     1
 43
8.0
  3
Standard
341
0
 44
4.0
300

342
11
174
     1
178
     6
175
     1
176
     0
 93
-1056964608
 45
4.0
292
     0
297
     0
 46
4.0
343
0
 94
-1056964608
 47
1.0
 49
1.0
140
1.0
293
     1
141
0.0
294
     1
177
     0
142
1.0
295
     0
296
     0
143
3.75
271
     0
272
     9
273
     9
298
     0
  0
MLINESTYLE
  5
18
102
{ACAD_REACTORS
330
17
102
}
330
17
100
AcDbMlineStyle
  2
Standard
 70
     0
  3

 62
   256
 51
90.0
 52
90.0
 71
     2
 49
0.5
 62
   256
  6
BYLAYER
 49
-0.5
 62
   256
  6
BYLAYER
  0
ACDBPLACEHOLDER
  5
F
102
{ACAD_REACTORS
330
E
102
}
330
E
  0
SCALE
  5
48
102
{ACAD_REACTORS
330
47
102
}
330
47
100
AcDbScale
 70
     0
300
1:1
140
1.0
141
1.0
290
     1
  0
SCALE
  5
49
102
{ACAD_REACTORS
330
47
102
}
330
47
100
AcDbScale
 70
     0
300
1:2
140
1.0
141
2.0
290
     0
  0
SCALE
  5
4A
102
{ACAD_REACTORS
330
47
102
}
330
47
100
AcDbScale
 70
     0
300
1:4
140
1.0
141
4.0
290
     0
  0
SCALE
  5
4B
102
{ACAD_REACTORS
330
47
102
}
330
47
100
AcDbScale
 70
     0
300
1:5
140
1.0
141
5.0
290
     0
  0
SCALE
  5
4C
102
{ACAD_REACTORS
330
47
102
}
330
47
100
AcDbScale
 70
     0
300
1:8
140
1.0
141
8.0
290
     0
  0
SCALE
  5
4D
102
{ACAD_REACTORS
330
47
102
}
330
47
100
AcDbScale
 70
     0
300
1:10
140
1.0
141
10.0
290
     0
  0
SCALE
  5
4E
102
{ACAD_REACTORS
330
47
102
}
330
47
100
AcDbScale
 70
     0
300
1:16
140
1.0
141
16.0
290
     0
  0
SCALE
  5
4F
102
{ACAD_REACTORS
330
47
102
}
330
47
100
AcDbScale
 70
     0
300
1:20
140
1.0
141
20.0
290
     0
  0
SCALE
  5
50
102
{ACAD_REACTORS
330
47
102
}
330
47
100
AcDbScale
 70
     0
300
1:30
140
1.0
141
30.0
290
     0
  0
SCALE
  5
51
102
{ACAD_REACTORS
330
47
102
}
330
47
100
AcDbScale
 70
     0
300
1:40
140
1.0
141
40.0
290
     0
  0
SCALE
  5
52
102
{ACAD_REACTORS
330
47
102
}
330
47
100
AcDbScale
 70
     0
300
1:50
140
1.0
141
50.0
290
     0
  0
SCALE
  5
53
102
{ACAD_REACTORS
330
47
102
}
330
47
100
AcDbScale
 70
     0
300
1:100
140
1.0
141
100.0
290
     0
  0
SCALE
  5
54
102
{ACAD_REACTORS
330
47
102
}
330
47
100
AcDbScale
 70
     0
300
2:1
140
2.0
141
1.0
290
     0
  0
SCALE
  5
55
102
{ACAD_REACTORS
330
47
102
}
330
47
100
AcDbScale
 70
     0
300
4:1
140
4.0
141
1.0
290
     0
  0
SCALE
  5
56
102
{ACAD_REACTORS
330
47
102
}
330
47
100
AcDbScale
 70
     0
300
8:1
140
8.0
141
1.0
290
     0
  0
SCALE
  5
57
102
{ACAD_REACTORS
330
47
102
}
330
47
100
AcDbScale
 70
     0
300
10:1
140
10.0
141
1.0
290
     0
  0
SCALE
  5
58
102
{ACAD_REACTORS
330
47
102
}
330
47
100
AcDbScale
 70
     0
300
100:1
140
100.0
141
1.0
290
     0
  0
TABLESTYLE
  5
5A
102
{ACAD_REACTORS
330
59
102
}
102
{ACAD_XDICTIONARY
360
B4
102
}
330
59
100
AcDbTableStyle
  3
Standard
 70
     0
 71
     0
 40
0.06
 41
0.06
280
     0
281
     0
  7
Standard
140
4.5
170
     2
 62
     0
 63
   257
283
     0
 90
        4
 91
        0
  1

274
    -2
284
     1
 64
     0
275
    -2
285
     1
 65
     0
276
    -2
286
     1
 66
     0
277
    -2
287
     1
 67
     0
278
    -2
288
     1
 68
     0
279
    -2
289
     1
 69
     0
  7
Standard
140
6.0
170
     5
 62
     0
 63
   257
283
     0
 90
        4
 91
        0
  1

274
    -2
284
     1
 64
     0
275
    -2
285
     1
 65
     0
276
    -2
286
     1
 66
     0
277
    -2
287
     1
 67
     0
278
    -2
288
     1
 68
     0
279
    -2
289
     1
 69
     0
  7
Standard
140
4.5
170
     5
 62
     0
 63
   257
283
     0
 90
        4
 91
        0
  1

274
    -2
284
     1
 64
     0
275
    -2
285
     1
 65
     0
276
    -2
286
     1
 66
     0
277
    -2
287
     1
 67
     0
278
    -2
288
     1
 68
     0
279
    -2
289
     1
 69
     0
  0
VISUALSTYLE
  5
2F
102
{ACAD_REACTORS
330
2A
102
}
330
2A
100
AcDbVisualStyle
  2
2dWireframe
 70
     4
177
     3
291
     0
 70
    58
 90
        0
176
     1
 90
        2
176
     1
 90
        0
176
     1
 90
        0
176
     1
 40
0.6
176
     1
 40
30.0
176
     1
 62
     7
420
 16777215
176
     1
 90
        1
176
     1
 90
        4
176
     1
 62
     7
176
     1
 62
   257
176
     1
 90
        1
176
     1
 90
        1
176
     1
 40
1.0
176
     1
 90
        0
176
     1
 62
   257
176
     1
 40
1.0
176
     1
 90
        1
176
     1
 90
        6
176
     1
 90
        2
176
     1
 62
     7
176
     1
 90
        5
176
     1
 90
        0
176
     1
 90
        0
176
     1
290
     0
176
     1
 90
        1
176
     1
 40
0.0
176
     1
 90
        0
176
     1
290
     1
176
     1
290
     1
176
     1
290
     0
176
     1
290
     0
176
     1
290
     0
176
     1
290
     0
176
     1
290
     0
176
     1
290
     0
176
     1
290
     0
176
     1
 90
       50
176
     1
 40
0.0
176
     1
 40
1.0
176
     1
 90
        0
176
     1
 62
    18
420
        0
176
     1
 90
       50
176
     1
 90
        3
176
     1
 62
     5
420
      255
176
     1
290
     0
176
     1
 90
       50
176
     1
 90
       50
176
     1
 90
       50
176
     1
290
     0
176
     1
 90
       50
176
     1
 62
   256
176
     0
 40
1.0
176
     0
 90
        2
176
     1
  1
strokes_ogs.tif
176
     1
290
     0
176
     1
 40
1.0
176
     1
 40
1.0
176
     1
  0
VISUALSTYLE
  5
32
102
{ACAD_REACTORS
330
2A
102
}
330
2A
100
AcDbVisualStyle
  2
Basic
 70
     7
177
     3
291
     1
 70
    58
 90
        1
176
     1
 90
        0
176
     1
 90
        1
176
     1
 90
        0
176
     1
 40
0.6
176
     1
 40
30.0
176
     1
 62
     7
420
 16777215
176
     1
 90
        0
176
     1
 90
        4
176
     1
 62
     7
176
     1
 62
   257
176
     1
 90
        1
176
     1
 90
        1
176
     1
 40
1.0
176
     1
 90
        8
176
     1
 62
     7
176
     1
 40
1.0
176
     1
 90
        1
176
     1
 90
        6
176
     1
 90
        2
176
     1
 62
     7
176
     1
 90
        5
176
     1
 90
        0
176
     1
 90
        0
176
     1
290
     0
176
     1
 90
        1
176
     1
 40
0.0
176
     1
 90
        0
176
     1
290
     0
176
     1
290
     1
176
     1
290
     1
176
     1
290
     0
176
     1
290
     0
176
     1
290
     0
176
     1
290
     0
176
     1
290
     0
176
     1
290
     0
176
     1
 90
       50
176
     1
 40
0.0
176
     1
 40
1.0
176
     1
 90
        0
176
     1
 62
    18
420
        0
176
     1
 90
       50
176
     1
 90
        3
176
     1
 62
     5
420
      255
176
     1
290
     0
176
     1
 90
       50
176
     1
 90
       50
176
     1
 90
       50
176
     1
290
     0
176
     1
 90
       50
176
     1
 62
   256
176
     0
 40
1.0
176
     0
 90
        2
176
     1
  1
strokes_ogs.tif
176
     1
290
     0
176
     1
 40
1.0
176
     1
 40
1.0
176
     1
  0
VISUALSTYLE
  5
36
102
{ACAD_REACTORS
330
2A
102
}
330
2A
100
AcDbVisualStyle
  2
Brighten
 70
    12
177
     3
291
     1
 70
    58
 90
        2
176
     1
 90
        2
176
     1
 90
        0
176
     1
 90
        0
176
     1
 40
0.6
176
     1
 40
30.0
176
     1
 62
     7
420
 16777215
176
     1
 90
        1
176
     1
 90
        4
176
     1
 62
     7
176
     1
 62
   257
176
     1
 90
        1
176
     1
 90
        1
176
     1
 40
1.0
176
     1
 90
        8
176
     1
 62
     7
176
     1
 40
1.0
176
     1
 90
        1
176
     1
 90
        6
176
     1
 90
        2
176
     1
 62
     7
176
     1
 90
        5
176
     1
 90
        0
176
     1
 90
        0
176
     1
290
     0
176
     1
 90
        1
176
     1
 40
50.0
176
     1
 90
        0
176
     1
290
     0
176
     1
290
     1
176
     1
290
     1
176
     1
290
     0
176
     1
290
     0
176
     1
290
     0
176
     1
290
     0
176
     1
290
     0
176
     1
290
     0
176
     1
 90
       50
176
     1
 40
0.0
176
     1
 40
1.0
176
     1
 90
        0
176
     1
 62
    18
420
        0
176
     1
 90
       50
176
     1
 90
        3
176
     1
 62
     5
420
      255
176
     1
290
     0
176
     1
 90
       50
176
     1
 90
       50
176
     1
 90
       50
176
     1
290
     0
176
     1
 90
       50
176
     1
 62
   256
176
     0
 40
1.0
176
     0
 90
        2
176
     1
  1
strokes_ogs.tif
176
     1
290
     0
176
     1
 40
1.0
176
     1
 40
1.0
176
     1
  0
VISUALSTYLE
  5
3A
102
{ACAD_REACTORS
330
2A
102
}
330
2A
100
AcDbVisualStyle
  2
ColorChange
 70
    16
177
     3
291
     1
 70
    58
 90
        2
176
     1
 90
        2
176
     1
 90
        3
176
     1
 90
        0
176
     1
 40
0.6
176
     1
 40
30.0
176
     1
 62
     8
420
  8421504
176
     1
 90
        1
176
     1
 90
        4
176
     1
 62
     7
176
     1
 62
   257
176
     1
 90
        1
176
     1
 90
        1
176
     1
 40
1.0
176
     1
 90
        8
176
     1
 62
     8
420
  8421504
176
     1
 40
1.0
176
     1
 90
        1
176
     1
 90
        6
176
     1
 90
        2
176
     1
 62
     7
176
     1
 90
        5
176
     1
 90
        0
176
     1
 90
        0
176
     1
290
     0
176
     1
 90
        1
176
     1
 40
0.0
176
     1
 90
        0
176
     1
290
     0
176
     1
290
     1
176
     1
290
     1
176
     1
290
     0
176
     1
290
     0
176
     1
290
     0
176
     1
290
     0
176
     1
290
     0
176
     1
290
     0
176
     1
 90
       50
176
     1
 40
0.0
176
     1
 40
1.0
176
     1
 90
        0
176
     1
 62
    18
420
        0
176
     1
 90
       50
176
     1
 90
        3
176
     1
 62
     5
420
      255
176
     1
290
     0
176
     1
 90
       50
176
     1
 90
       50
176
     1
 90
       50
176
     1
290
     0
176
     1
 90
       50
176
     1
 62
   256
176
     0
 40
1.0
176
     0
 90
        2
176
     1
  1
strokes_ogs.tif
176
     1
290
     0
176
     1
 40
1.0
176
     1
 40
1.0
176
     1
  0
VISUALSTYLE
  5
34
102
{ACAD_REACTORS
330
2A
102
}
330
2A
100
AcDbVisualStyle
  2
Conceptual
 70
     9
177
     3
291
     0
 70
    58
 90
        3
176
     1
 90
        2
176
     1
 90
        0
176
     1
 90
        0
176
     1
 40
0.6
176
     1
 40
30.0
176
     1
 62
     7
420
 16777215
176
     1
 90
        2
176
     1
 90
        2
176
     1
 62
     7
176
     1
 62
   257
176
     1
 90
        1
176
     1
 90
        1
176
     1
 40
179.0
176
     1
 90
        8
176
     1
 62
     7
176
     1
 40
1.0
176
     1
 90
        1
176
     1
 90
        6
176
     1
 90
        2
176
     1
 62
     7
176
     1
 90
        3
176
     1
 90
        0
176
     1
 90
        0
176
     1
290
     0
176
     1
 90
        1
176
     1
 40
0.0
176
     1
 90
        0
176
     1
290
     0
176
     1
290
     1
176
     1
290
     1
176
     1
290
     0
176
     1
290
     0
176
     1
290
     0
176
     1
290
     0
176
     1
290
     0
176
     1
290
     0
176
     1
 90
       50
176
     1
 40
0.0
176
     1
 40
1.0
176
     1
 90
        0
176
     1
 62
    18
420
        0
176
     1
 90
       50
176
     1
 90
        3
176
     1
 62
     5
420
      255
176
     1
290
     0
176
     1
 90
       50
176
     1
 90
       50
176
     1
 90
       50
176
     1
290
     0
176
     1
 90
       50
176
     1
 62
   256
176
     0
 40
1.0
176
     0
 90
        2
176
     1
  1
strokes_ogs.tif
176
     1
290
     0
176
     1
 40
1.0
176
     1
 40
1.0
176
     1
  0
VISUALSTYLE
  5
35
102
{ACAD_REACTORS
330
2A
102
}
330
2A
100
AcDbVisualStyle
  2
Dim
 70
    11
177
     3
291
     1
 70
    58
 90
        2
176
     1
 90
        2
176
     1
 90
        0
176
     1
 90
        0
176
     1
 40
0.6
176
     1
 40
30.0
176
     1
 62
     7
420
 16777215
176
     1
 90
        1
176
     1
 90
        4
176
     1
 62
     7
176
     1
 62
   257
176
     1
 90
        1
176
     1
 90
        1
176
     1
 40
1.0
176
     1
 90
        8
176
     1
 62
     7
176
     1
 40
1.0
176
     1
 90
        1
176
     1
 90
        6
176
     1
 90
        2
176
     1
 62
     7
176
     1
 90
        5
176
     1
 90
        0
176
     1
 90
        0
176
     1
290
     0
176
     1
 90
        1
176
     1
 40
-50.0
176
     1
 90
        0
176
     1
290
     0
176
     1
290
     1
176
     1
290
     1
176
     1
290
     0
176
     1
290
     0
176
     1
290
     0
176
     1
290
     0
176
     1
290
     0
176
     1
290
     0
176
     1
 90
       50
176
     1
 40
0.0
176
     1
 40
1.0
176
     1
 90
        0
176
     1
 62
    18
420
        0
176
     1
 90
       50
176
     1
 90
        3
176
     1
 62
     5
420
      255
176
     1
290
     0
176
     1
 90
       50
176
     1
 90
       50
176
     1
 90
       50
176
     1
290
     0
176
     1
 90
       50
176
     1
 62
   256
176
     0
 40
1.0
176
     0
 90
        2
176
     1
  1
strokes_ogs.tif
176
     1
290
     0
176
     1
 40
1.0
176
     1
 40
1.0
176
     1
  0
VISUALSTYLE
  5
3D
102
{ACAD_REACTORS
330
2A
102
}
330
2A
100
AcDbVisualStyle
  2
EdgeColorOff
 70
    22
177
     3
291
     1
 70
    58
 90
        2
176
     0
 90
        2
176
     0
 90
        0
176
     0
 90
        0
176
     0
 40
0.6
176
     0
 40
30.0
176
     0
 62
     7
420
 16777215
176
     0
 90
        1
176
     0
 90
        4
176
     0
 62
     7
176
     0
 62
   257
176
     0
 90
        1
176
     0
 90
        1
176
     0
 40
1.0
176
     0
 90
        8
176
     2
 62
     7
176
     0
 40
1.0
176
     0
 90
        1
176
     0
 90
        6
176
     0
 90
        2
176
     0
 62
     7
176
     0
 90
        5
176
     0
 90
        0
176
     0
 90
        0
176
     0
290
     0
176
     0
 90
        1
176
     0
 40
0.0
176
     0
 90
        0
176
     0
290
     0
176
     0
290
     1
176
     0
290
     1
176
     0
290
     0
176
     0
290
     0
176
     0
290
     0
176
     0
290
     0
176
     0
290
     0
176
     0
290
     0
176
     0
 90
       50
176
     0
 40
0.0
176
     0
 40
1.0
176
     0
 90
        0
176
     0
 62
    18
420
        0
176
     0
 90
       50
176
     0
 90
        3
176
     0
 62
     5
420
      255
176
     0
290
     0
176
     0
 90
       50
176
     0
 90
       50
176
     0
 90
       50
176
     0
290
     0
176
     0
 90
       50
176
     0
 62
   256
176
     0
 40
1.0
176
     0
 90
        2
176
     0
  1
strokes_ogs.tif
176
     0
290
     0
176
     0
 40
1.0
176
     0
 40
1.0
176
     0
  0
VISUALSTYLE
  5
39
102
{ACAD_REACTORS
330
2A
102
}
330
2A
100
AcDbVisualStyle
  2
Facepattern
 70
    15
177
     3
291
     1
 70
    58
 90
        2
176
     1
 90
        2
176
     1
 90
        0
176
     1
 90
        0
176
     1
 40
0.6
176
     1
 40
30.0
176
     1
 62
     7
420
 16777215
176
     1
 90
        1
176
     1
 90
        4
176
     1
 62
     7
176
     1
 62
   257
176
     1
 90
        1
176
     1
 90
        1
176
     1
 40
1.0
176
     1
 90
        8
176
     1
 62
     7
176
     1
 40
1.0
176
     1
 90
        1
176
     1
 90
        6
176
     1
 90
        2
176
     1
 62
     7
176
     1
 90
        5
176
     1
 90
        0
176
     1
 90
        0
176
     1
290
     0
176
     1
 90
        1
176
     1
 40
0.0
176
     1
 90
        0
176
     1
290
     0
176
     1
290
     1
176
     1
290
     1
176
     1
290
     0
176
     1
290
     0
176
     1
290
     0
176
     1
290
     0
176
     1
290
     0
176
     1
290
     0
176
     1
 90
       50
176
     1
 40
0.0
176
     1
 40
1.0
176
     1
 90
        0
176
     1
 62
    18
420
        0
176
     1
 90
       50
176
     1
 90
        3
176
     1
 62
     5
420
      255
176
     1
290
     0
176
     1
 90
       50
176
     1
 90
       50
176
     1
 90
       50
176
     1
290
     0
176
     1
 90
       50
176
     1
 62
   256
176
     0
 40
1.0
176
     0
 90
        2
176
     1
  1
strokes_ogs.tif
176
     1
290
     0
176
     1
 40
1.0
176
     1
 40
1.0
176
     1
  0
VISUALSTYLE
  5
2B
102
{ACAD_REACTORS
330
2A
102
}
330
2A
100
AcDbVisualStyle
  2
Flat
 70
     0
177
     3
291
     1
 70
    58
 90
        2
176
     1
 90
        1
176
     1
 90
        1
176
     1
 90
        2
176
     1
 40
0.6
176
     1
 40
30.0
176
     1
 62
     7
420
 16777215
176
     1
 90
        0
176
     1
 90
        0
176
     1
 62
     7
176
     1
 62
   257
176
     1
 90
        1
176
     1
 90
        1
176
     1
 40
1.0
176
     1
 90
        8
176
     1
 62
     7
176
     1
 40
1.0
176
     1
 90
        1
176
     1
 90
        6
176
     1
 90
        2
176
     1
 62
     7
176
     1
 90
        5
176
     1
 90
        0
176
     1
 90
        0
176
     1
290
     0
176
     1
 90
       13
176
     1
 40
0.0
176
     1
 90
        0
176
     1
290
     0
176
     1
290
     1
176
     1
290
     1
176
     1
290
     0
176
     1
290
     0
176
     1
290
     0
176
     1
290
     0
176
     1
290
     0
176
     1
290
     0
176
     1
 90
       50
176
     1
 40
0.0
176
     1
 40
1.0
176
     1
 90
        0
176
     1
 62
    18
420
        0
176
     1
 90
       50
176
     1
 90
        3
176
     1
 62
     5
420
      255
176
     1
290
     0
176
     1
 90
       50
176
     1
 90
       50
176
     1
 90
       50
176
     1
290
     0
176
     1
 90
       50
176
     1
 62
   256
176
     0
 40
1.0
176
     0
 90
        2
176
     1
  1
strokes_ogs.tif
176
     1
290
     0
176
     1
 40
1.0
176
     1
 40
1.0
176
     1
  0
VISUALSTYLE
  5
2C
102
{ACAD_REACTORS
330
2A
102
}
330
2A
100
AcDbVisualStyle
  2
FlatWithEdges
 70
     1
177
     3
291
     1
 70
    58
 90
        2
176
     1
 90
        1
176
     1
 90
        1
176
     1
 90
        2
176
     1
 40
0.6
176
     1
 40
30.0
176
     1
 62
     7
420
 16777215
176
     1
 90
        1
176
     1
 90
        0
176
     1
 62
     7
176
     1
 62
   257
176
     1
 90
        1
176
     1
 90
        1
176
     1
 40
1.0
176
     1
 90
        0
176
     1
 62
   257
176
     1
 40
1.0
176
     1
 90
        1
176
     1
 90
        6
176
     1
 90
        2
176
     1
 62
     7
176
     1
 90
        5
176
     1
 90
        0
176
     1
 90
        0
176
     1
290
     0
176
     1
 90
       13
176
     1
 40
0.0
176
     1
 90
        0
176
     1
290
     0
176
     1
290
     1
176
     1
290
     1
176
     1
290
     0
176
     1
290
     0
176
     1
290
     0
176
     1
290
     0
176
     1
290
     0
176
     1
290
     0
176
     1
 90
       50
176
     1
 40
0.0
176
     1
 40
1.0
176
     1
 90
        0
176
     1
 62
    18
420
        0
176
     1
 90
       50
176
     1
 90
        3
176
     1
 62
     5
420
      255
176
     1
290
     0
176
     1
 90
       50
176
     1
 90
       50
176
     1
 90
       50
176
     1
290
     0
176
     1
 90
       50
176
     1
 62
   256
176
     0
 40
1.0
176
     0
 90
        2
176
     1
  1
strokes_ogs.tif
176
     1
290
     0
176
     1
 40
1.0
176
     1
 40
1.0
176
     1
  0
VISUALSTYLE
  5
2D
102
{ACAD_REACTORS
330
2A
102
}
330
2A
100
AcDbVisualStyle
  2
Gouraud
 70
     2
177
     3
291
     1
 70
    58
 90
        2
176
     1
 90
        2
176
     1
 90
        1
176
     1
 90
        2
176
     1
 40
0.6
176
     1
 40
30.0
176
     1
 62
     7
420
 16777215
176
     1
 90
        0
176
     1
 90
        0
176
     1
 62
     7
176
     1
 62
   257
176
     1
 90
        1
176
     1
 90
        1
176
     1
 40
1.0
176
     1
 90
        0
176
     1
 62
     7
176
     1
 40
1.0
176
     1
 90
        1
176
     1
 90
        6
176
     1
 90
        2
176
     1
 62
     7
176
     1
 90
        5
176
     1
 90
        0
176
     1
 90
        0
176
     1
290
     0
176
     1
 90
       13
176
     1
 40
0.0
176
     1
 90
        0
176
     1
290
     0
176
     1
290
     1
176
     1
290
     1
176
     1
290
     0
176
     1
290
     0
176
     1
290
     0
176
     1
290
     0
176
     1
290
     0
176
     1
290
     0
176
     1
 90
       50
176
     1
 40
0.0
176
     1
 40
1.0
176
     1
 90
        0
176
     1
 62
    18
420
        0
176
     1
 90
       50
176
     1
 90
        3
176
     1
 62
     5
420
      255
176
     1
290
     0
176
     1
 90
       50
176
     1
 90
       50
176
     1
 90
       50
176
     1
290
     0
176
     1
 90
       50
176
     1
 62
   256
176
     0
 40
1.0
176
     0
 90
        2
176
     1
  1
strokes_ogs.tif
176
     1
290
     0
176
     1
 40
1.0
176
     1
 40
1.0
176
     1
  0
VISUALSTYLE
  5
2E
102
{ACAD_REACTORS
330
2A
102
}
330
2A
100
AcDbVisualStyle
  2
GouraudWithEdges
 70
     3
177
     3
291
     1
 70
    58
 90
        2
176
     1
 90
        2
176
     1
 90
        1
176
     1
 90
        2
176
     1
 40
0.6
176
     1
 40
30.0
176
     1
 62
     7
420
 16777215
176
     1
 90
        1
176
     1
 90
        0
176
     1
 62
     7
176
     1
 62
   257
176
     1
 90
        1
176
     1
 90
        1
176
     1
 40
1.0
176
     1
 90
        0
176
     1
 62
   257
176
     1
 40
1.0
176
     1
 90
        1
176
     1
 90
        6
176
     1
 90
        2
176
     1
 62
     7
176
     1
 90
        5
176
     1
 90
        0
176
     1
 90
        0
176
     1
290
     0
176
     1
 90
       13
176
     1
 40
0.0
176
     1
 90
        0
176
     1
290
     0
176
     1
290
     1
176
     1
290
     1
176
     1
290
     0
176
     1
290
     0
176
     1
290
     0
176
     1
290
     0
176
     1
290
     0
176
     1
290
     0
176
     1
 90
       50
176
     1
 40
0.0
176
     1
 40
1.0
176
     1
 90
        0
176
     1
 62
    18
420
        0
176
     1
 90
       50
176
     1
 90
        3
176
     1
 62
     5
420
      255
176
     1
290
     0
176
     1
 90
       50
176
     1
 90
       50
176
     1
 90
       50
176
     1
290
     0
176
     1
 90
       50
176
     1
 62
   256
176
     0
 40
1.0
176
     0
 90
        2
176
     1
  1
strokes_ogs.tif
176
     1
290
     0
176
     1
 40
1.0
176
     1
 40
1.0
176
     1
  0
VISUALSTYLE
  5
31
102
{ACAD_REACTORS
330
2A
102
}
330
2A
100
AcDbVisualStyle
  2
Hidden
 70
     6
177
     3
291
     0
 70
    58
 90
        1
176
     1
 90
        2
176
     1
 90
        2
176
     1
 90
        0
176
     1
 40
0.6
176
     1
 40
30.0
176
     1
 62
     7
420
 16777215
176
     1
 90
        2
176
     1
 90
        2
176
     1
 62
     7
176
     1
 62
   257
176
     1
 90
        2
176
     1
 90
        1
176
     1
 40
40.0
176
     1
 90
        0
176
     1
 62
   257
176
     1
 40
1.0
176
     1
 90
        1
176
     1
 90
        6
176
     1
 90
        2
176
     1
 62
     7
176
     1
 90
        3
176
     1
 90
        0
176
     1
 90
        0
176
     1
290
     0
176
     1
 90
        1
176
     1
 40
0.0
176
     1
 90
        0
176
     1
290
     0
176
     1
290
     1
176
     1
290
     1
176
     1
290
     0
176
     1
290
     0
176
     1
290
     0
176
     1
290
     0
176
     1
290
     0
176
     1
290
     0
176
     1
 90
       50
176
     1
 40
0.0
176
     1
 40
1.0
176
     1
 90
        0
176
     1
 62
    18
420
        0
176
     1
 90
       50
176
     1
 90
        3
176
     1
 62
     5
420
      255
176
     1
290
     0
176
     1
 90
       50
176
     1
 90
       50
176
     1
 90
       50
176
     1
290
     0
176
     1
 90
       50
176
     1
 62
   256
176
     0
 40
1.0
176
     0
 90
        2
176
     1
  1
strokes_ogs.tif
176
     1
290
     0
176
     1
 40
1.0
176
     1
 40
1.0
176
     1
  0
VISUALSTYLE
  5
3B
102
{ACAD_REACTORS
330
2A
102
}
330
2A
100
AcDbVisualStyle
  2
JitterOff
 70
    20
177
     3
291
     1
 70
    58
 90
        2
176
     0
 90
        2
176
     0
 90
        0
176
     0
 90
        0
176
     0
 40
0.6
176
     0
 40
30.0
176
     0
 62
     7
420
 16777215
176
     0
 90
        1
176
     0
 90
        4
176
     0
 62
     7
176
     0
 62
   257
176
     0
 90
        1
176
     0
 90
        1
176
     0
 40
1.0
176
     0
 90
       10
176
     2
 62
     7
176
     0
 40
1.0
176
     0
 90
        1
176
     0
 90
        6
176
     0
 90
        2
176
     0
 62
     7
176
     0
 90
        5
176
     0
 90
        0
176
     0
 90
        0
176
     0
290
     0
176
     0
 90
        1
176
     0
 40
0.0
176
     0
 90
        0
176
     0
290
     0
176
     0
290
     1
176
     0
290
     1
176
     0
290
     0
176
     0
290
     0
176
     0
290
     0
176
     0
290
     0
176
     0
290
     0
176
     0
290
     0
176
     0
 90
       50
176
     0
 40
0.0
176
     0
 40
1.0
176
     0
 90
        0
176
     0
 62
    18
420
        0
176
     0
 90
       50
176
     0
 90
        3
176
     0
 62
     5
420
      255
176
     0
290
     0
176
     0
 90
       50
176
     0
 90
       50
176
     0
 90
       50
176
     0
290
     0
176
     0
 90
       50
176
     0
 62
   256
176
     0
 40
1.0
176
     0
 90
        2
176
     0
  1
strokes_ogs.tif
176
     0
290
     0
176
     0
 40
1.0
176
     0
 40
1.0
176
     0
  0
VISUALSTYLE
  5
38
102
{ACAD_REACTORS
330
2A
102
}
330
2A
100
AcDbVisualStyle
  2
Linepattern
 70
    14
177
     3
291
     1
 70
    58
 90
        2
176
     1
 90
        2
176
     1
 90
        0
176
     1
 90
        0
176
     1
 40
0.6
176
     1
 40
30.0
176
     1
 62
     7
420
 16777215
176
     1
 90
        1
176
     1
 90
        4
176
     1
 62
     7
176
     1
 62
   257
176
     1
 90
        7
176
     1
 90
        7
176
     1
 40
1.0
176
     1
 90
        8
176
     1
 62
     7
176
     1
 40
1.0
176
     1
 90
        1
176
     1
 90
        6
176
     1
 90
        2
176
     1
 62
     7
176
     1
 90
        5
176
     1
 90
        0
176
     1
 90
        0
176
     1
290
     0
176
     1
 90
        1
176
     1
 40
0.0
176
     1
 90
        0
176
     1
290
     0
176
     1
290
     1
176
     1
290
     1
176
     1
290
     0
176
     1
290
     0
176
     1
290
     0
176
     1
290
     0
176
     1
290
     0
176
     1
290
     0
176
     1
 90
       50
176
     1
 40
0.0
176
     1
 40
1.0
176
     1
 90
        0
176
     1
 62
    18
420
        0
176
     1
 90
       50
176
     1
 90
        3
176
     1
 62
     5
420
      255
176
     1
290
     0
176
     1
 90
       50
176
     1
 90
       50
176
     1
 90
       50
176
     1
290
     0
176
     1
 90
       50
176
     1
 62
   256
176
     0
 40
1.0
176
     0
 90
        2
176
     1
  1
strokes_ogs.tif
176
     1
290
     0
176
     1
 40
1.0
176
     1
 40
1.0
176
     1
  0
VISUALSTYLE
  5
3C
102
{ACAD_REACTORS
330
2A
102
}
330
2A
100
AcDbVisualStyle
  2
OverhangOff
 70
    21
177
     3
291
     1
 70
    58
 90
        2
176
     0
 90
        2
176
     0
 90
        0
176
     0
 90
        0
176
     0
 40
0.6
176
     0
 40
30.0
176
     0
 62
     7
420
 16777215
176
     0
 90
        1
176
     0
 90
        4
176
     0
 62
     7
176
     0
 62
   257
176
     0
 90
        1
176
     0
 90
        1
176
     0
 40
1.0
176
     0
 90
        9
176
     2
 62
     7
176
     0
 40
1.0
176
     0
 90
        1
176
     0
 90
        6
176
     0
 90
        2
176
     0
 62
     7
176
     0
 90
        5
176
     0
 90
        0
176
     0
 90
        0
176
     0
290
     0
176
     0
 90
        1
176
     0
 40
0.0
176
     0
 90
        0
176
     0
290
     0
176
     0
290
     1
176
     0
290
     1
176
     0
290
     0
176
     0
290
     0
176
     0
290
     0
176
     0
290
     0
176
     0
290
     0
176
     0
290
     0
176
     0
 90
       50
176
     0
 40
0.0
176
     0
 40
1.0
176
     0
 90
        0
176
     0
 62
    18
420
        0
176
     0
 90
       50
176
     0
 90
        3
176
     0
 62
     5
420
      255
176
     0
290
     0
176
     0
 90
       50
176
     0
 90
       50
176
     0
 90
       50
176
     0
290
     0
176
     0
 90
       50
176
     0
 62
   256
176
     0
 40
1.0
176
     0
 90
        2
176
     0
  1
strokes_ogs.tif
176
     0
290
     0
176
     0
 40
1.0
176
     0
 40
1.0
176
     0
  0
VISUALSTYLE
  5
33
102
{ACAD_REACTORS
330
2A
102
}
330
2A
100
AcDbVisualStyle
  2
Realistic
 70
     8
177
     3
291
     0
 70
    58
 90
        2
176
     1
 90
        3
176
     1
 90
        0
176
     1
 90
        2
176
     1
 40
0.6
176
     1
 40
30.0
176
     1
 62
     7
420
 16777215
176
     1
 90
        0
176
     1
 90
        0
176
     1
 62
     7
176
     1
 62
   257
176
     1
 90
        1
176
     1
 90
        1
176
     1
 40
1.0
176
     1
 90
        8
176
     1
 62
   257
176
     1
 40
1.0
176
     1
 90
        1
176
     1
 90
        6
176
     1
 90
        2
176
     1
 62
     7
176
     1
 90
        3
176
     1
 90
        0
176
     1
 90
        0
176
     1
290
     0
176
     1
 90
       13
176
     1
 40
0.0
176
     1
 90
        0
176
     1
290
     0
176
     1
290
     1
176
     1
290
     1
176
     1
290
     0
176
     1
290
     0
176
     1
290
     0
176
     1
290
     0
176
     1
290
     0
176
     1
290
     0
176
     1
 90
       50
176
     1
 40
0.0
176
     1
 40
1.0
176
     1
 90
        0
176
     1
 62
    18
420
        0
176
     1
 90
       50
176
     1
 90
        3
176
     1
 62
     5
420
      255
176
     1
290
     0
176
     1
 90
       50
176
     1
 90
       50
176
     1
 90
       50
176
     1
290
     0
176
     1
 90
       50
176
     1
 62
   256
176
     0
 40
1.0
176
     0
 90
        2
176
     1
  1
strokes_ogs.tif
176
     1
290
     0
176
     1
 40
1.0
176
     1
 40
1.0
176
     1
  0
VISUALSTYLE
  5
42
102
{ACAD_REACTORS
330
2A
102
}
330
2A
100
AcDbVisualStyle
  2
Shaded
 70
    27
177
     3
291
     0
 70
    58
 90
        2
176
     1
 90
        2
176
     1
 90
        1
176
     1
 90
        2
176
     1
 40
0.6
176
     1
 40
30.0
176
     1
 62
     7
420
 16777215
176
     1
 90
        0
176
     1
 90
        4
176
     1
 62
     7
176
     1
 62
   257
176
     1
 90
        1
176
     1
 90
        1
176
     1
 40
1.0
176
     1
 90
        8
176
     1
 62
   257
176
     1
 40
1.0
176
     1
 90
        1
176
     1
 90
        6
176
     1
 90
        2
176
     1
 62
     8
420
  7895160
176
     1
 90
        3
176
     1
 90
        0
176
     1
 90
        0
176
     1
290
     0
176
     1
 90
        5
176
     1
 40
0.0
176
     1
 90
        0
176
     1
290
     0
176
     1
290
     1
176
     1
290
     1
176
     1
290
     0
176
     1
290
     0
176
     1
290
     0
176
     1
290
     0
176
     1
290
     0
176
     1
290
     0
176
     1
 90
       50
176
     1
 40
0.0
176
     1
 40
1.0
176
     1
 90
        0
176
     1
 62
    18
420
        0
176
     1
 90
       50
176
     1
 90
        3
176
     1
 62
     5
420
      255
176
     1
290
     0
176
     1
 90
       50
176
     1
 90
       50
176
     1
 90
       50
176
     1
290
     0
176
     1
 90
       50
176
     1
 62
   256
176
     0
 40
1.0
176
     0
 90
        2
176
     1
  1
strokes_ogs.tif
176
     1
290
     0
176
     1
 40
1.0
176
     1
 40
1.0
176
     1
  0
VISUALSTYLE
  5
41
102
{ACAD_REACTORS
330
2A
102
}
330
2A
100
AcDbVisualStyle
  2
Shaded with edges
 70
    26
177
     3
291
     0
 70
    58
 90
        2
176
     1
 90
        2
176
     1
 90
        1
176
     1
 90
        2
176
     1
 40
0.6
176
     1
 40
30.0
176
     1
 62
     7
420
 16777215
176
     1
 90
        1
176
     1
 90
       10
176
     1
 62
     7
176
     1
 62
   257
176
     1
 90
        2
176
     1
 90
        1
176
     1
 40
1.0
176
     1
 90
        8
176
     1
 62
   257
176
     1
 40
1.0
176
     1
 90
        1
176
     1
 90
        6
176
     1
 90
        2
176
     1
 62
     7
176
     1
 90
        3
176
     1
 90
        0
176
     1
 90
        0
176
     1
290
     0
176
     1
 90
        5
176
     1
 40
0.0
176
     1
 90
        0
176
     1
290
     0
176
     1
290
     1
176
     1
290
     1
176
     1
290
     0
176
     1
290
     0
176
     1
290
     0
176
     1
290
     0
176
     1
290
     0
176
     1
290
     0
176
     1
 90
       50
176
     1
 40
0.0
176
     1
 40
1.0
176
     1
 90
        0
176
     1
 62
    18
420
        0
176
     1
 90
       50
176
     1
 90
        3
176
     1
 62
     5
420
      255
176
     1
290
     0
176
     1
 90
       50
176
     1
 90
       50
176
     1
 90
       50
176
     1
290
     0
176
     1
 90
       50
176
     1
 62
   256
176
     0
 40
1.0
176
     0
 90
        2
176
     1
  1
strokes_ogs.tif
176
     1
290
     0
176
     1
 40
1.0
176
     1
 40
1.0
176
     1
  0
VISUALSTYLE
  5
3E
102
{ACAD_REACTORS
330
2A
102
}
330
2A
100
AcDbVisualStyle
  2
Shades of Gray
 70
    23
177
     3
291
     0
 70
    58
 90
        2
176
     1
 90
        2
176
     1
 90
        3
176
     1
 90
        0
176
     1
 40
0.6
176
     1
 40
30.0
176
     1
 62
     7
420
 16777215
176
     1
 90
        2
176
     1
 90
        2
176
     1
 62
     7
176
     1
 62
     7
176
     1
 90
        1
176
     1
 90
        1
176
     1
 40
40.0
176
     1
 90
        8
176
     1
 62
     7
176
     1
 40
1.0
176
     1
 90
        1
176
     1
 90
        6
176
     1
 90
        2
176
     1
 62
     7
176
     1
 90
        3
176
     1
 90
        0
176
     1
 90
        0
176
     1
290
     0
176
     1
 90
        1
176
     1
 40
0.0
176
     1
 90
        0
176
     1
290
     0
176
     1
290
     1
176
     1
290
     1
176
     1
290
     0
176
     1
290
     0
176
     1
290
     0
176
     1
290
     0
176
     1
290
     0
176
     1
290
     0
176
     1
 90
       50
176
     1
 40
0.0
176
     1
 40
1.0
176
     1
 90
        0
176
     1
 62
    18
420
        0
176
     1
 90
       50
176
     1
 90
        3
176
     1
 62
     5
420
      255
176
     1
290
     0
176
     1
 90
       50
176
     1
 90
       50
176
     1
 90
       50
176
     1
290
     0
176
     1
 90
       50
176
     1
 62
   256
176
     0
 40
1.0
176
     0
 90
        2
176
     1
  1
strokes_ogs.tif
176
     1
290
     0
176
     1
 40
1.0
176
     1
 40
1.0
176
     1
  0
VISUALSTYLE
  5
3F
102
{ACAD_REACTORS
330
2A
102
}
330
2A
100
AcDbVisualStyle
  2
Sketchy
 70
    24
177
     3
291
     0
 70
    58
 90
        1
176
     1
 90
        2
176
     1
 90
        2
176
     1
 90
        0
176
     1
 40
0.6
176
     1
 40
30.0
176
     1
 62
     7
420
 16777215
176
     1
 90
        2
176
     1
 90
        2
176
     1
 62
     7
176
     1
 62
     7
176
     1
 90
        1
176
     1
 90
        1
176
     1
 40
40.0
176
     1
 90
       11
176
     1
 62
     7
176
     1
 40
1.0
176
     1
 90
        1
176
     1
 90
        6
176
     1
 90
        2
176
     1
 62
     7
176
     1
 90
        6
176
     1
 90
        0
176
     1
 90
        0
176
     1
290
     0
176
     1
 90
        1
176
     1
 40
0.0
176
     1
 90
        0
176
     1
290
     0
176
     1
290
     1
176
     1
290
     1
176
     1
290
     0
176
     1
290
     0
176
     1
290
     0
176
     1
290
     0
176
     1
290
     0
176
     1
290
     0
176
     1
 90
       50
176
     1
 40
0.0
176
     1
 40
1.0
176
     1
 90
        0
176
     1
 62
    18
420
        0
176
     1
 90
       50
176
     1
 90
        3
176
     1
 62
     5
420
      255
176
     1
290
     0
176
     1
 90
       50
176
     1
 90
       50
176
     1
 90
       50
176
     1
290
     0
176
     1
 90
       50
176
     1
 62
   256
176
     0
 40
1.0
176
     0
 90
        2
176
     1
  1
strokes_ogs.tif
176
     1
290
     0
176
     1
 40
1.0
176
     1
 40
1.0
176
     1
  0
VISUALSTYLE
  5
37
102
{ACAD_REACTORS
330
2A
102
}
330
2A
100
AcDbVisualStyle
  2
Thicken
 70
    13
177
     3
291
     1
 70
    58
 90
        2
176
     1
 90
        2
176
     1
 90
        0
176
     1
 90
        0
176
     1
 40
0.6
176
     1
 40
30.0
176
     1
 62
     7
420
 16777215
176
     1
 90
        1
176
     1
 90
        4
176
     1
 62
     7
176
     1
 62
   257
176
     1
 90
        1
176
     1
 90
        1
176
     1
 40
1.0
176
     1
 90
       12
176
     1
 62
     7
176
     1
 40
1.0
176
     1
 90
        1
176
     1
 90
        6
176
     1
 90
        2
176
     1
 62
     7
176
     1
 90
        5
176
     1
 90
        0
176
     1
 90
        0
176
     1
290
     0
176
     1
 90
        1
176
     1
 40
0.0
176
     1
 90
        0
176
     1
290
     0
176
     1
290
     1
176
     1
290
     1
176
     1
290
     0
176
     1
290
     0
176
     1
290
     0
176
     1
290
     0
176
     1
290
     0
176
     1
290
     0
176
     1
 90
       50
176
     1
 40
0.0
176
     1
 40
1.0
176
     1
 90
        0
176
     1
 62
    18
420
        0
176
     1
 90
       50
176
     1
 90
        3
176
     1
 62
     5
420
      255
176
     1
290
     0
176
     1
 90
       50
176
     1
 90
       50
176
     1
 90
       50
176
     1
290
     0
176
     1
 90
       50
176
     1
 62
   256
176
     0
 40
1.0
176
     0
 90
        2
176
     1
  1
strokes_ogs.tif
176
     1
290
     0
176
     1
 40
1.0
176
     1
 40
1.0
176
     1
  0
VISUALSTYLE
  5
30
102
{ACAD_REACTORS
330
2A
102
}
330
2A
100
AcDbVisualStyle
  2
Wireframe
 70
     5
177
     3
291
     0
 70
    58
 90
        0
176
     1
 90
        2
176
     1
 90
        0
176
     1
 90
        0
176
     1
 40
0.6
176
     1
 40
30.0
176
     1
 62
     7
420
 16777215
176
     1
 90
        1
176
     1
 90
        4
176
     1
 62
     7
176
     1
 62
   257
176
     1
 90
        1
176
     1
 90
        1
176
     1
 40
1.0
176
     1
 90
        0
176
     1
 62
   257
176
     1
 40
1.0
176
     1
 90
        1
176
     1
 90
        6
176
     1
 90
        2
176
     1
 62
     7
176
     1
 90
        3
176
     1
 90
        0
176
     1
 90
        0
176
     1
290
     0
176
     1
 90
        1
176
     1
 40
0.0
176
     1
 90
        0
176
     1
290
     0
176
     1
290
     1
176
     1
290
     1
176
     1
290
     0
176
     1
290
     0
176
     1
290
     0
176
     1
290
     0
176
     1
290
     0
176
     1
290
     0
176
     1
 90
       50
176
     1
 40
0.0
176
     1
 40
1.0
176
     1
 90
        0
176
     1
 62
    18
420
        0
176
     1
 90
       50
176
     1
 90
        3
176
     1
 62
     5
420
      255
176
     1
290
     0
176
     1
 90
       50
176
     1
 90
       50
176
     1
 90
       50
176
     1
290
     0
176
     1
 90
       50
176
     1
 62
   256
176
     0
 40
1.0
176
     0
 90
        2
176
     1
  1
strokes_ogs.tif
176
     1
290
     0
176
     1
 40
1.0
176
     1
 40
1.0
176
     1
  0
VISUALSTYLE
  5
40
102
{ACAD_REACTORS
330
2A
102
}
330
2A
100
AcDbVisualStyle
  2
X-Ray
 70
    25
177
     3
291
     0
 70
    58
 90
        2
176
     1
 90
        2
176
     1
 90
        1
176
     1
 90
        1
176
     1
 40
0.5
176
     1
 40
30.0
176
     1
 62
     7
420
 16777215
176
     1
 90
        1
176
     1
 90
        0
176
     1
 62
     7
176
     1
 62
   257
176
     1
 90
        1
176
     1
 90
        1
176
     1
 40
1.0
176
     1
 90
        8
176
     1
 62
     7
176
     1
 40
1.0
176
     1
 90
        1
176
     1
 90
        6
176
     1
 90
        2
176
     1
 62
     7
176
     1
 90
        3
176
     1
 90
        0
176
     1
 90
        0
176
     1
290
     0
176
     1
 90
       13
176
     1
 40
0.0
176
     1
 90
        0
176
     1
290
     0
176
     1
290
     1
176
     1
290
     1
176
     1
290
     0
176
     1
290
     0
176
     1
290
     0
176
     1
290
     0
176
     1
290
     0
176
     1
290
     0
176
     1
 90
       50
176
     1
 40
0.0
176
     1
 40
1.0
176
     1
 90
        0
176
     1
 62
    18
420
        0
176
     1
 90
       50
176
     1
 90
        3
176
     1
 62
     5
420
      255
176
     1
290
     0
176
     1
 90
       50
176
     1
 90
       50
176
     1
 90
       50
176
     1
290
     0
176
     1
 90
       50
176
     1
 62
   256
176
     0
 40
1.0
176
     0
 90
        2
176
     1
  1
strokes_ogs.tif
176
     1
290
     0
176
     1
 40
1.0
176
     1
 40
1.0
176
     1
  0
DICTIONARYVAR
  5
B3
102
{ACAD_REACTORS
330
B2
102
}
330
B2
100
DictionaryVariables
280
     0
  1
1:1
  0
DICTIONARYVAR
  5
BB
102
{ACAD_REACTORS
330
B2
102
}
330
B2
100
DictionaryVariables
280
     0
  1
3.500000
  0
DICTIONARYVAR
  5
BC
102
{ACAD_REACTORS
330
B2
102
}
330
B2
100
DictionaryVariables
280
     0
  1
acadiso.lin
  0
DICTIONARYVAR
  5
B8
102
{ACAD_REACTORS
330
B2
102
}
330
B2
100
DictionaryVariables
280
     0
  1
Standard
  0
DICTIONARYVAR
  5
B7
102
{ACAD_REACTORS
330
B2
102
}
330
B2
100
DictionaryVariables
280
     0
  1
Standard
  0
DICTIONARY
  5
B4
330
5A
100
AcDbDictionary
280
     1
281
     1
  3
ACAD_ROUNDTRIP_2008_TABLESTYLE_CELLSTYLEMAP
360
B5
  0
CELLSTYLEMAP
  5
B5
102
{ACAD_REACTORS
330
B4
102
}
330
B4
100
AcDbCellStyleMap
 90
        3
300
CELLSTYLE
  1
TABLEFORMAT_BEGIN
 90
        5
170
     1
 91
        0
 92
    32768
 62
   257
 93
        1
300
CONTENTFORMAT
  1
CONTENTFORMAT_BEGIN
 90
        0
 91
        0
 92
        4
 93
        0
300

 40
0.0
140
1.0
 94
        5
 62
     0
340
11
144
6.0
309
CONTENTFORMAT_END
171
     1
301
MARGIN
  1
CELLMARGIN_BEGIN
 40
1.5
 40
1.5
 40
1.5
 40
1.5
 40
1.5
 40
1.5
309
CELLMARGIN_END
 94
        6
 95
        1
302
GRIDFORMAT
  1
GRIDFORMAT_BEGIN
 90
        0
 91
        1
 62
     0
 92
       -2
340
14
 93
        0
 40
0.045
309
GRIDFORMAT_END
 95
        2
302
GRIDFORMAT
  1
GRIDFORMAT_BEGIN
 90
        0
 91
        1
 62
     0
 92
       -2
340
14
 93
        0
 40
0.045
309
GRIDFORMAT_END
 95
        4
302
GRIDFORMAT
  1
GRIDFORMAT_BEGIN
 90
        0
 91
        1
 62
     0
 92
       -2
340
14
 93
        0
 40
0.045
309
GRIDFORMAT_END
 95
        8
302
GRIDFORMAT
  1
GRIDFORMAT_BEGIN
 90
        0
 91
        1
 62
     0
 92
       -2
340
14
 93
        0
 40
0.045
309
GRIDFORMAT_END
 95
       16
302
GRIDFORMAT
  1
GRIDFORMAT_BEGIN
 90
        0
 91
        1
 62
     0
 92
       -2
340
14
 93
        0
 40
0.045
309
GRIDFORMAT_END
 95
       32
302
GRIDFORMAT
  1
GRIDFORMAT_BEGIN
 90
        0
 91
        1
 62
     0
 92
       -2
340
14
 93
        0
 40
0.045
309
GRIDFORMAT_END
309
TABLEFORMAT_END
  1
CELLSTYLE_BEGIN
 90
        1
 91
        1
300
_TITLE
309
CELLSTYLE_END
300
CELLSTYLE
  1
TABLEFORMAT_BEGIN
 90
        5
170
     1
 91
        0
 92
        0
 62
   257
 93
        1
300
CONTENTFORMAT
  1
CONTENTFORMAT_BEGIN
 90
        0
 91
        0
 92
        4
 93
        0
300

 40
0.0
140
1.0
 94
        5
 62
     0
340
11
144
4.5
309
CONTENTFORMAT_END
171
     1
301
MARGIN
  1
CELLMARGIN_BEGIN
 40
1.5
 40
1.5
 40
1.5
 40
1.5
 40
1.5
 40
1.5
309
CELLMARGIN_END
 94
        6
 95
        1
302
GRIDFORMAT
  1
GRIDFORMAT_BEGIN
 90
        0
 91
        1
 62
     0
 92
       -2
340
14
 93
        0
 40
0.045
309
GRIDFORMAT_END
 95
        2
302
GRIDFORMAT
  1
GRIDFORMAT_BEGIN
 90
        0
 91
        1
 62
     0
 92
       -2
340
14
 93
        0
 40
0.045
309
GRIDFORMAT_END
 95
        4
302
GRIDFORMAT
  1
GRIDFORMAT_BEGIN
 90
        0
 91
        1
 62
     0
 92
       -2
340
14
 93
        0
 40
0.045
309
GRIDFORMAT_END
 95
        8
302
GRIDFORMAT
  1
GRIDFORMAT_BEGIN
 90
        0
 91
        1
 62
     0
 92
       -2
340
14
 93
        0
 40
0.045
309
GRIDFORMAT_END
 95
       16
302
GRIDFORMAT
  1
GRIDFORMAT_BEGIN
 90
        0
 91
        1
 62
     0
 92
       -2
340
14
 93
        0
 40
0.045
309
GRIDFORMAT_END
 95
       32
302
GRIDFORMAT
  1
GRIDFORMAT_BEGIN
 90
        0
 91
        1
 62
     0
 92
       -2
340
14
 93
        0
 40
0.045
309
GRIDFORMAT_END
309
TABLEFORMAT_END
  1
CELLSTYLE_BEGIN
 90
        2
 91
        1
300
_HEADER
309
CELLSTYLE_END
300
CELLSTYLE
  1
TABLEFORMAT_BEGIN
 90
        5
170
     1
 91
        0
 92
        0
 62
   257
 93
        1
300
CONTENTFORMAT
  1
CONTENTFORMAT_BEGIN
 90
        0
 91
        0
 92
        4
 93
        0
300

 40
0.0
140
1.0
 94
        2
 62
     0
340
11
144
4.5
309
CONTENTFORMAT_END
171
     1
301
MARGIN
  1
CELLMARGIN_BEGIN
 40
1.5
 40
1.5
 40
1.5
 40
1.5
 40
1.5
 40
1.5
309
CELLMARGIN_END
 94
        6
 95
        1
302
GRIDFORMAT
  1
GRIDFORMAT_BEGIN
 90
        0
 91
        1
 62
     0
 92
       -2
340
14
 93
        0
 40
0.045
309
GRIDFORMAT_END
 95
        2
302
GRIDFORMAT
  1
GRIDFORMAT_BEGIN
 90
        0
 91
        1
 62
     0
 92
       -2
340
14
 93
        0
 40
0.045
309
GRIDFORMAT_END
 95
        4
302
GRIDFORMAT
  1
GRIDFORMAT_BEGIN
 90
        0
 91
        1
 62
     0
 92
       -2
340
14
 93
        0
 40
0.045
309
GRIDFORMAT_END
 95
        8
302
GRIDFORMAT
  1
GRIDFORMAT_BEGIN
 90
        0
 91
        1
 62
     0
 92
       -2
340
14
 93
        0
 40
0.045
309
GRIDFORMAT_END
 95
       16
302
GRIDFORMAT
  1
GRIDFORMAT_BEGIN
 90
        0
 91
        1
 62
     0
 92
       -2
340
14
 93
        0
 40
0.045
309
GRIDFORMAT_END
 95
       32
302
GRIDFORMAT
  1
GRIDFORMAT_BEGIN
 90
        0
 91
        1
 62
     0
 92
       -2
340
14
 93
        0
 40
0.045
309
GRIDFORMAT_END
309
TABLEFORMAT_END
  1
CELLSTYLE_BEGIN
 90
        3
 91
        2
300
_DATA
309
CELLSTYLE_END
  0
ENDSEC
  0
EOF
