ISO-10303-21;
HEADER;
/* Generated by software containing ST-Developer
 * from STEP Tools, Inc. (www.steptools.com) 
 */
/* OPTION: using custom renumber hook */

FILE_DESCRIPTION(
/* description */ ('STEP AP214'),
/* implementation_level */ '2;1');

FILE_NAME(
/* name */ 'SY5120-5LOZ-01_V2',
/* time_stamp */ '2026-09-07T10:39:11+02:00',
/* author */ ('License CC BY-ND 4.0'),
/* organization */ ('CADENAS'),
/* preprocessor_version */ 'ST-DEVELOPER v20',
/* originating_system */ 'PARTsolutions',
/* authorisation */ '  ');

FILE_SCHEMA (('AUTOMOTIVE_DESIGN {1 0 10303 214 3 1 1}'));
ENDSEC;

DATA;
#10=PROPERTY_DEFINITION_REPRESENTATION(#14,#12);
#11=PROPERTY_DEFINITION_REPRESENTATION(#15,#13);
#12=REPRESENTATION('',(#16),#2457);
#13=REPRESENTATION('',(#17),#2457);
#14=PROPERTY_DEFINITION('pmi validation property','',#2462);
#15=PROPERTY_DEFINITION('pmi validation property','',#2462);
#16=VALUE_REPRESENTATION_ITEM('number of annotations',COUNT_MEASURE(0.));
#17=VALUE_REPRESENTATION_ITEM('number of views',COUNT_MEASURE(0.));
#18=SHAPE_REPRESENTATION_RELATIONSHIP('','',#1489,#19);
#19=ADVANCED_BREP_SHAPE_REPRESENTATION('',(#1487),#2457);
#20=VERTEX_LOOP('',#796);
#21=VERTEX_LOOP('',#799);
#22=CONICAL_SURFACE('',#1548,2.67587532756317,0.0872664625997148);
#23=CONICAL_SURFACE('',#1557,2.67587532756318,0.0872664625997148);
#24=CONICAL_SURFACE('',#1571,4.86399999999999,0.785398163397448);
#25=CONICAL_SURFACE('',#1575,4.283,1.0471975511966);
#26=CONICAL_SURFACE('',#1576,4.864,0.785398163397448);
#27=CONICAL_SURFACE('',#1580,4.283,1.0471975511966);
#28=CONICAL_SURFACE('',#1584,2.67587532756316,0.0872664625997157);
#29=CONICAL_SURFACE('',#1591,2.67587532756316,0.0872664625997137);
#30=TOROIDAL_SURFACE('',#1546,1.67968062947143,0.999999999999999);
#31=TOROIDAL_SURFACE('',#1555,1.67968062947142,1.00000000000001);
#32=TOROIDAL_SURFACE('',#1581,1.6796806294714,1.00000000000002);
#33=TOROIDAL_SURFACE('',#1588,1.67968062947143,0.999999999999988);
#34=SPHERICAL_SURFACE('',#1544,7.00000000000001);
#35=SPHERICAL_SURFACE('',#1553,6.99999999999998);
#36=SPHERICAL_SURFACE('',#1587,6.99999999999936);
#37=SPHERICAL_SURFACE('',#1594,6.99999999999933);
#38=B_SPLINE_CURVE_WITH_KNOTS('',3,(#2039,#2040,#2041,#2042),
 .UNSPECIFIED.,.F.,.F.,(4,4),(2.01860370539617E-7,0.000854918412072827),
 .UNSPECIFIED.);
#39=B_SPLINE_CURVE_WITH_KNOTS('',3,(#2044,#2045,#2046,#2047,#2048,#2049,
#2050),.UNSPECIFIED.,.F.,.F.,(4,1,1,1,4),(1.98337692595742E-7,0.000830367234083878,
0.00166053613047516,0.00249070502686644,0.00332087392325772),
 .UNSPECIFIED.);
#40=B_SPLINE_CURVE_WITH_KNOTS('',3,(#2052,#2053,#2054,#2055),
 .UNSPECIFIED.,.F.,.F.,(4,4),(2.01672805386473E-7,0.000854918224507673),
 .UNSPECIFIED.);
#41=B_SPLINE_CURVE_WITH_KNOTS('',3,(#2066,#2067,#2068,#2069),
 .UNSPECIFIED.,.F.,.F.,(4,4),(2.01860370539617E-7,0.000854918412072827),
 .UNSPECIFIED.);
#42=B_SPLINE_CURVE_WITH_KNOTS('',3,(#2071,#2072,#2073,#2074,#2075,#2076,
#2077),.UNSPECIFIED.,.F.,.F.,(4,1,1,1,4),(1.98337692595742E-7,0.00083036723408387,
0.00166053613047514,0.00249070502686642,0.00332087392325769),
 .UNSPECIFIED.);
#43=B_SPLINE_CURVE_WITH_KNOTS('',3,(#2079,#2080,#2081,#2082),
 .UNSPECIFIED.,.F.,.F.,(4,4),(2.01672805386473E-7,0.000854918224507674),
 .UNSPECIFIED.);
#44=CIRCLE('',#1494,7.4);
#45=CIRCLE('',#1495,7.4);
#46=CIRCLE('',#1497,7.4);
#47=CIRCLE('',#1498,7.4);
#48=CIRCLE('',#1500,2.9);
#49=CIRCLE('',#1504,2.9);
#50=CIRCLE('',#1528,2.75);
#51=CIRCLE('',#1529,2.9);
#52=CIRCLE('',#1533,2.9);
#53=CIRCLE('',#1535,2.75);
#54=CIRCLE('',#1536,2.9);
#55=CIRCLE('',#1540,2.9);
#56=CIRCLE('',#1543,2.75);
#57=CIRCLE('',#1545,1.95962740105);
#58=CIRCLE('',#1547,2.67587532756317);
#59=CIRCLE('',#1549,2.75);
#60=CIRCLE('',#1552,2.75);
#61=CIRCLE('',#1554,1.95962740105);
#62=CIRCLE('',#1556,2.67587532756318);
#63=CIRCLE('',#1558,2.75);
#64=CIRCLE('',#1565,2.75);
#65=CIRCLE('',#1566,2.75);
#66=CIRCLE('',#1568,4.86399999999999);
#67=CIRCLE('',#1570,4.864);
#68=CIRCLE('',#1572,4.28299999999999);
#69=CIRCLE('',#1574,4.283);
#70=CIRCLE('',#1577,4.28300000000001);
#71=CIRCLE('',#1579,4.283);
#72=CIRCLE('',#1582,1.95962740104998);
#73=CIRCLE('',#1583,2.67587532756316);
#74=CIRCLE('',#1585,2.75);
#75=CIRCLE('',#1589,1.95962740104998);
#76=CIRCLE('',#1590,2.67587532756316);
#77=CIRCLE('',#1592,2.75);
#78=CIRCLE('',#1597,1.00000000000001);
#79=CIRCLE('',#1598,1.00000000000001);
#80=CIRCLE('',#1604,2.075);
#81=CIRCLE('',#1612,2.075);
#82=CYLINDRICAL_SURFACE('',#1493,7.4);
#83=CYLINDRICAL_SURFACE('',#1496,7.4);
#84=CYLINDRICAL_SURFACE('',#1532,2.9);
#85=CYLINDRICAL_SURFACE('',#1539,2.9);
#86=CYLINDRICAL_SURFACE('',#1550,2.75);
#87=CYLINDRICAL_SURFACE('',#1559,2.75);
#88=CYLINDRICAL_SURFACE('',#1573,4.283);
#89=CYLINDRICAL_SURFACE('',#1578,4.28300000000001);
#90=CYLINDRICAL_SURFACE('',#1586,2.75);
#91=CYLINDRICAL_SURFACE('',#1593,2.75);
#92=CYLINDRICAL_SURFACE('',#1596,1.00000000000001);
#93=CYLINDRICAL_SURFACE('',#1611,2.075);
#94=ORIENTED_EDGE('',*,*,#486,.T.);
#95=ORIENTED_EDGE('',*,*,#487,.T.);
#96=ORIENTED_EDGE('',*,*,#488,.F.);
#97=ORIENTED_EDGE('',*,*,#489,.T.);
#98=ORIENTED_EDGE('',*,*,#490,.F.);
#99=ORIENTED_EDGE('',*,*,#491,.F.);
#100=ORIENTED_EDGE('',*,*,#492,.T.);
#101=ORIENTED_EDGE('',*,*,#493,.F.);
#102=ORIENTED_EDGE('',*,*,#494,.F.);
#103=ORIENTED_EDGE('',*,*,#495,.F.);
#104=ORIENTED_EDGE('',*,*,#496,.F.);
#105=ORIENTED_EDGE('',*,*,#497,.T.);
#106=ORIENTED_EDGE('',*,*,#498,.F.);
#107=ORIENTED_EDGE('',*,*,#499,.F.);
#108=ORIENTED_EDGE('',*,*,#500,.T.);
#109=ORIENTED_EDGE('',*,*,#501,.F.);
#110=ORIENTED_EDGE('',*,*,#502,.F.);
#111=ORIENTED_EDGE('',*,*,#503,.F.);
#112=ORIENTED_EDGE('',*,*,#504,.T.);
#113=ORIENTED_EDGE('',*,*,#505,.F.);
#114=ORIENTED_EDGE('',*,*,#506,.F.);
#115=ORIENTED_EDGE('',*,*,#507,.T.);
#116=ORIENTED_EDGE('',*,*,#508,.F.);
#117=ORIENTED_EDGE('',*,*,#509,.F.);
#118=ORIENTED_EDGE('',*,*,#510,.F.);
#119=ORIENTED_EDGE('',*,*,#511,.F.);
#120=ORIENTED_EDGE('',*,*,#512,.T.);
#121=ORIENTED_EDGE('',*,*,#513,.T.);
#122=ORIENTED_EDGE('',*,*,#514,.T.);
#123=ORIENTED_EDGE('',*,*,#515,.T.);
#124=ORIENTED_EDGE('',*,*,#516,.T.);
#125=ORIENTED_EDGE('',*,*,#517,.F.);
#126=ORIENTED_EDGE('',*,*,#512,.F.);
#127=ORIENTED_EDGE('',*,*,#518,.T.);
#128=ORIENTED_EDGE('',*,*,#519,.T.);
#129=ORIENTED_EDGE('',*,*,#520,.T.);
#130=ORIENTED_EDGE('',*,*,#521,.T.);
#131=ORIENTED_EDGE('',*,*,#522,.T.);
#132=ORIENTED_EDGE('',*,*,#523,.T.);
#133=ORIENTED_EDGE('',*,*,#524,.T.);
#134=ORIENTED_EDGE('',*,*,#525,.F.);
#135=ORIENTED_EDGE('',*,*,#526,.T.);
#136=ORIENTED_EDGE('',*,*,#527,.F.);
#137=ORIENTED_EDGE('',*,*,#514,.F.);
#138=ORIENTED_EDGE('',*,*,#528,.F.);
#139=ORIENTED_EDGE('',*,*,#529,.T.);
#140=ORIENTED_EDGE('',*,*,#530,.T.);
#141=ORIENTED_EDGE('',*,*,#531,.T.);
#142=ORIENTED_EDGE('',*,*,#532,.T.);
#143=ORIENTED_EDGE('',*,*,#533,.F.);
#144=ORIENTED_EDGE('',*,*,#534,.F.);
#145=ORIENTED_EDGE('',*,*,#535,.F.);
#146=ORIENTED_EDGE('',*,*,#536,.F.);
#147=ORIENTED_EDGE('',*,*,#537,.T.);
#148=ORIENTED_EDGE('',*,*,#538,.T.);
#149=ORIENTED_EDGE('',*,*,#539,.T.);
#150=ORIENTED_EDGE('',*,*,#540,.F.);
#151=ORIENTED_EDGE('',*,*,#541,.F.);
#152=ORIENTED_EDGE('',*,*,#522,.F.);
#153=ORIENTED_EDGE('',*,*,#542,.T.);
#154=ORIENTED_EDGE('',*,*,#524,.F.);
#155=ORIENTED_EDGE('',*,*,#543,.F.);
#156=ORIENTED_EDGE('',*,*,#544,.T.);
#157=ORIENTED_EDGE('',*,*,#545,.T.);
#158=ORIENTED_EDGE('',*,*,#546,.F.);
#159=ORIENTED_EDGE('',*,*,#547,.F.);
#160=ORIENTED_EDGE('',*,*,#546,.T.);
#161=ORIENTED_EDGE('',*,*,#548,.T.);
#162=ORIENTED_EDGE('',*,*,#549,.F.);
#163=ORIENTED_EDGE('',*,*,#550,.F.);
#164=ORIENTED_EDGE('',*,*,#551,.F.);
#165=ORIENTED_EDGE('',*,*,#552,.F.);
#166=ORIENTED_EDGE('',*,*,#549,.T.);
#167=ORIENTED_EDGE('',*,*,#553,.T.);
#168=ORIENTED_EDGE('',*,*,#554,.F.);
#169=ORIENTED_EDGE('',*,*,#555,.F.);
#170=ORIENTED_EDGE('',*,*,#556,.T.);
#171=ORIENTED_EDGE('',*,*,#557,.T.);
#172=ORIENTED_EDGE('',*,*,#558,.F.);
#173=ORIENTED_EDGE('',*,*,#559,.F.);
#174=ORIENTED_EDGE('',*,*,#558,.T.);
#175=ORIENTED_EDGE('',*,*,#560,.T.);
#176=ORIENTED_EDGE('',*,*,#561,.F.);
#177=ORIENTED_EDGE('',*,*,#562,.F.);
#178=ORIENTED_EDGE('',*,*,#563,.F.);
#179=ORIENTED_EDGE('',*,*,#564,.F.);
#180=ORIENTED_EDGE('',*,*,#561,.T.);
#181=ORIENTED_EDGE('',*,*,#565,.T.);
#182=ORIENTED_EDGE('',*,*,#519,.F.);
#183=ORIENTED_EDGE('',*,*,#566,.F.);
#184=ORIENTED_EDGE('',*,*,#567,.T.);
#185=ORIENTED_EDGE('',*,*,#568,.F.);
#186=ORIENTED_EDGE('',*,*,#569,.F.);
#187=ORIENTED_EDGE('',*,*,#570,.T.);
#188=ORIENTED_EDGE('',*,*,#554,.T.);
#189=ORIENTED_EDGE('',*,*,#571,.T.);
#190=ORIENTED_EDGE('',*,*,#572,.T.);
#191=ORIENTED_EDGE('',*,*,#566,.T.);
#192=ORIENTED_EDGE('',*,*,#573,.F.);
#193=ORIENTED_EDGE('',*,*,#537,.F.);
#194=ORIENTED_EDGE('',*,*,#529,.F.);
#195=ORIENTED_EDGE('',*,*,#574,.T.);
#196=ORIENTED_EDGE('',*,*,#575,.F.);
#197=ORIENTED_EDGE('',*,*,#576,.F.);
#198=ORIENTED_EDGE('',*,*,#538,.F.);
#199=ORIENTED_EDGE('',*,*,#573,.T.);
#200=ORIENTED_EDGE('',*,*,#569,.T.);
#201=ORIENTED_EDGE('',*,*,#577,.F.);
#202=ORIENTED_EDGE('',*,*,#568,.T.);
#203=ORIENTED_EDGE('',*,*,#578,.F.);
#204=ORIENTED_EDGE('',*,*,#579,.T.);
#205=ORIENTED_EDGE('',*,*,#580,.F.);
#206=ORIENTED_EDGE('',*,*,#530,.F.);
#207=ORIENTED_EDGE('',*,*,#577,.T.);
#208=ORIENTED_EDGE('',*,*,#580,.T.);
#209=ORIENTED_EDGE('',*,*,#581,.T.);
#210=ORIENTED_EDGE('',*,*,#582,.F.);
#211=ORIENTED_EDGE('',*,*,#531,.F.);
#212=ORIENTED_EDGE('',*,*,#582,.T.);
#213=ORIENTED_EDGE('',*,*,#583,.T.);
#214=ORIENTED_EDGE('',*,*,#584,.F.);
#215=ORIENTED_EDGE('',*,*,#585,.F.);
#216=ORIENTED_EDGE('',*,*,#586,.T.);
#217=ORIENTED_EDGE('',*,*,#532,.F.);
#218=ORIENTED_EDGE('',*,*,#584,.T.);
#219=ORIENTED_EDGE('',*,*,#587,.T.);
#220=ORIENTED_EDGE('',*,*,#588,.F.);
#221=ORIENTED_EDGE('',*,*,#589,.F.);
#222=ORIENTED_EDGE('',*,*,#588,.T.);
#223=ORIENTED_EDGE('',*,*,#590,.T.);
#224=ORIENTED_EDGE('',*,*,#556,.F.);
#225=ORIENTED_EDGE('',*,*,#591,.F.);
#226=ORIENTED_EDGE('',*,*,#592,.F.);
#227=ORIENTED_EDGE('',*,*,#527,.T.);
#228=ORIENTED_EDGE('',*,*,#593,.T.);
#229=ORIENTED_EDGE('',*,*,#594,.F.);
#230=ORIENTED_EDGE('',*,*,#515,.F.);
#231=ORIENTED_EDGE('',*,*,#594,.T.);
#232=ORIENTED_EDGE('',*,*,#595,.T.);
#233=ORIENTED_EDGE('',*,*,#596,.F.);
#234=ORIENTED_EDGE('',*,*,#597,.F.);
#235=ORIENTED_EDGE('',*,*,#598,.T.);
#236=ORIENTED_EDGE('',*,*,#516,.F.);
#237=ORIENTED_EDGE('',*,*,#596,.T.);
#238=ORIENTED_EDGE('',*,*,#599,.T.);
#239=ORIENTED_EDGE('',*,*,#600,.F.);
#240=ORIENTED_EDGE('',*,*,#601,.F.);
#241=ORIENTED_EDGE('',*,*,#600,.T.);
#242=ORIENTED_EDGE('',*,*,#602,.T.);
#243=ORIENTED_EDGE('',*,*,#544,.F.);
#244=ORIENTED_EDGE('',*,*,#603,.F.);
#245=ORIENTED_EDGE('',*,*,#604,.F.);
#246=ORIENTED_EDGE('',*,*,#567,.F.);
#247=ORIENTED_EDGE('',*,*,#572,.F.);
#248=ORIENTED_EDGE('',*,*,#605,.T.);
#249=ORIENTED_EDGE('',*,*,#578,.T.);
#250=ORIENTED_EDGE('',*,*,#542,.F.);
#251=ORIENTED_EDGE('',*,*,#521,.F.);
#252=ORIENTED_EDGE('',*,*,#606,.T.);
#253=ORIENTED_EDGE('',*,*,#525,.T.);
#254=ORIENTED_EDGE('',*,*,#571,.F.);
#255=ORIENTED_EDGE('',*,*,#553,.F.);
#256=ORIENTED_EDGE('',*,*,#548,.F.);
#257=ORIENTED_EDGE('',*,*,#545,.F.);
#258=ORIENTED_EDGE('',*,*,#602,.F.);
#259=ORIENTED_EDGE('',*,*,#599,.F.);
#260=ORIENTED_EDGE('',*,*,#595,.F.);
#261=ORIENTED_EDGE('',*,*,#593,.F.);
#262=ORIENTED_EDGE('',*,*,#526,.F.);
#263=ORIENTED_EDGE('',*,*,#606,.F.);
#264=ORIENTED_EDGE('',*,*,#520,.F.);
#265=ORIENTED_EDGE('',*,*,#565,.F.);
#266=ORIENTED_EDGE('',*,*,#560,.F.);
#267=ORIENTED_EDGE('',*,*,#557,.F.);
#268=ORIENTED_EDGE('',*,*,#590,.F.);
#269=ORIENTED_EDGE('',*,*,#587,.F.);
#270=ORIENTED_EDGE('',*,*,#583,.F.);
#271=ORIENTED_EDGE('',*,*,#581,.F.);
#272=ORIENTED_EDGE('',*,*,#579,.F.);
#273=ORIENTED_EDGE('',*,*,#605,.F.);
#274=ORIENTED_EDGE('',*,*,#559,.T.);
#275=ORIENTED_EDGE('',*,*,#607,.T.);
#276=ORIENTED_EDGE('',*,*,#562,.T.);
#277=ORIENTED_EDGE('',*,*,#564,.T.);
#278=ORIENTED_EDGE('',*,*,#608,.T.);
#279=ORIENTED_EDGE('',*,*,#609,.T.);
#280=ORIENTED_EDGE('',*,*,#610,.T.);
#281=ORIENTED_EDGE('',*,*,#555,.T.);
#282=ORIENTED_EDGE('',*,*,#610,.F.);
#283=ORIENTED_EDGE('',*,*,#611,.T.);
#284=ORIENTED_EDGE('',*,*,#612,.F.);
#285=ORIENTED_EDGE('',*,*,#591,.T.);
#286=ORIENTED_EDGE('',*,*,#511,.T.);
#287=ORIENTED_EDGE('',*,*,#613,.F.);
#288=ORIENTED_EDGE('',*,*,#608,.F.);
#289=ORIENTED_EDGE('',*,*,#518,.F.);
#290=ORIENTED_EDGE('',*,*,#510,.T.);
#291=ORIENTED_EDGE('',*,*,#614,.F.);
#292=ORIENTED_EDGE('',*,*,#615,.T.);
#293=ORIENTED_EDGE('',*,*,#611,.F.);
#294=ORIENTED_EDGE('',*,*,#609,.F.);
#295=ORIENTED_EDGE('',*,*,#613,.T.);
#296=ORIENTED_EDGE('',*,*,#547,.T.);
#297=ORIENTED_EDGE('',*,*,#616,.T.);
#298=ORIENTED_EDGE('',*,*,#550,.T.);
#299=ORIENTED_EDGE('',*,*,#552,.T.);
#300=ORIENTED_EDGE('',*,*,#617,.T.);
#301=ORIENTED_EDGE('',*,*,#618,.T.);
#302=ORIENTED_EDGE('',*,*,#619,.T.);
#303=ORIENTED_EDGE('',*,*,#543,.T.);
#304=ORIENTED_EDGE('',*,*,#536,.T.);
#305=ORIENTED_EDGE('',*,*,#620,.F.);
#306=ORIENTED_EDGE('',*,*,#617,.F.);
#307=ORIENTED_EDGE('',*,*,#570,.F.);
#308=ORIENTED_EDGE('',*,*,#619,.F.);
#309=ORIENTED_EDGE('',*,*,#621,.T.);
#310=ORIENTED_EDGE('',*,*,#622,.F.);
#311=ORIENTED_EDGE('',*,*,#603,.T.);
#312=ORIENTED_EDGE('',*,*,#535,.T.);
#313=ORIENTED_EDGE('',*,*,#623,.F.);
#314=ORIENTED_EDGE('',*,*,#624,.T.);
#315=ORIENTED_EDGE('',*,*,#621,.F.);
#316=ORIENTED_EDGE('',*,*,#618,.F.);
#317=ORIENTED_EDGE('',*,*,#620,.T.);
#318=ORIENTED_EDGE('',*,*,#523,.F.);
#319=ORIENTED_EDGE('',*,*,#513,.F.);
#320=ORIENTED_EDGE('',*,*,#517,.T.);
#321=ORIENTED_EDGE('',*,*,#541,.T.);
#322=ORIENTED_EDGE('',*,*,#625,.T.);
#323=ORIENTED_EDGE('',*,*,#563,.T.);
#324=ORIENTED_EDGE('',*,*,#626,.F.);
#325=ORIENTED_EDGE('',*,*,#626,.T.);
#326=ORIENTED_EDGE('',*,*,#627,.F.);
#327=ORIENTED_EDGE('',*,*,#628,.F.);
#328=ORIENTED_EDGE('',*,*,#627,.T.);
#329=ORIENTED_EDGE('',*,*,#625,.F.);
#330=ORIENTED_EDGE('',*,*,#607,.F.);
#331=ORIENTED_EDGE('',*,*,#628,.T.);
#332=ORIENTED_EDGE('',*,*,#629,.T.);
#333=ORIENTED_EDGE('',*,*,#551,.T.);
#334=ORIENTED_EDGE('',*,*,#630,.F.);
#335=ORIENTED_EDGE('',*,*,#630,.T.);
#336=ORIENTED_EDGE('',*,*,#631,.F.);
#337=ORIENTED_EDGE('',*,*,#632,.F.);
#338=ORIENTED_EDGE('',*,*,#631,.T.);
#339=ORIENTED_EDGE('',*,*,#616,.F.);
#340=ORIENTED_EDGE('',*,*,#629,.F.);
#341=ORIENTED_EDGE('',*,*,#632,.T.);
#342=ORIENTED_EDGE('',*,*,#534,.T.);
#343=ORIENTED_EDGE('',*,*,#633,.F.);
#344=ORIENTED_EDGE('',*,*,#634,.F.);
#345=ORIENTED_EDGE('',*,*,#623,.T.);
#346=ORIENTED_EDGE('',*,*,#533,.T.);
#347=ORIENTED_EDGE('',*,*,#586,.F.);
#348=ORIENTED_EDGE('',*,*,#635,.F.);
#349=ORIENTED_EDGE('',*,*,#633,.T.);
#350=ORIENTED_EDGE('',*,*,#509,.T.);
#351=ORIENTED_EDGE('',*,*,#636,.F.);
#352=ORIENTED_EDGE('',*,*,#637,.F.);
#353=ORIENTED_EDGE('',*,*,#614,.T.);
#354=ORIENTED_EDGE('',*,*,#508,.T.);
#355=ORIENTED_EDGE('',*,*,#598,.F.);
#356=ORIENTED_EDGE('',*,*,#638,.F.);
#357=ORIENTED_EDGE('',*,*,#636,.T.);
#358=ORIENTED_EDGE('',*,*,#507,.F.);
#359=ORIENTED_EDGE('',*,*,#639,.T.);
#360=ORIENTED_EDGE('',*,*,#500,.F.);
#361=ORIENTED_EDGE('',*,*,#640,.T.);
#362=ORIENTED_EDGE('',*,*,#634,.T.);
#363=ORIENTED_EDGE('',*,*,#635,.T.);
#364=ORIENTED_EDGE('',*,*,#585,.T.);
#365=ORIENTED_EDGE('',*,*,#589,.T.);
#366=ORIENTED_EDGE('',*,*,#592,.T.);
#367=ORIENTED_EDGE('',*,*,#612,.T.);
#368=ORIENTED_EDGE('',*,*,#615,.F.);
#369=ORIENTED_EDGE('',*,*,#637,.T.);
#370=ORIENTED_EDGE('',*,*,#638,.T.);
#371=ORIENTED_EDGE('',*,*,#597,.T.);
#372=ORIENTED_EDGE('',*,*,#601,.T.);
#373=ORIENTED_EDGE('',*,*,#604,.T.);
#374=ORIENTED_EDGE('',*,*,#622,.T.);
#375=ORIENTED_EDGE('',*,*,#624,.F.);
#376=ORIENTED_EDGE('',*,*,#641,.T.);
#377=ORIENTED_EDGE('',*,*,#494,.T.);
#378=ORIENTED_EDGE('',*,*,#642,.T.);
#379=ORIENTED_EDGE('',*,*,#501,.T.);
#380=ORIENTED_EDGE('',*,*,#643,.T.);
#381=ORIENTED_EDGE('',*,*,#641,.F.);
#382=ORIENTED_EDGE('',*,*,#644,.T.);
#383=ORIENTED_EDGE('',*,*,#643,.F.);
#384=ORIENTED_EDGE('',*,*,#644,.F.);
#385=ORIENTED_EDGE('',*,*,#645,.T.);
#386=ORIENTED_EDGE('',*,*,#642,.F.);
#387=ORIENTED_EDGE('',*,*,#646,.T.);
#388=ORIENTED_EDGE('',*,*,#645,.F.);
#389=ORIENTED_EDGE('',*,*,#646,.F.);
#390=ORIENTED_EDGE('',*,*,#647,.T.);
#391=ORIENTED_EDGE('',*,*,#504,.F.);
#392=ORIENTED_EDGE('',*,*,#648,.F.);
#393=ORIENTED_EDGE('',*,*,#648,.T.);
#394=ORIENTED_EDGE('',*,*,#503,.T.);
#395=ORIENTED_EDGE('',*,*,#649,.F.);
#396=ORIENTED_EDGE('',*,*,#505,.T.);
#397=ORIENTED_EDGE('',*,*,#649,.T.);
#398=ORIENTED_EDGE('',*,*,#502,.T.);
#399=ORIENTED_EDGE('',*,*,#639,.F.);
#400=ORIENTED_EDGE('',*,*,#506,.T.);
#401=ORIENTED_EDGE('',*,*,#647,.F.);
#402=ORIENTED_EDGE('',*,*,#650,.T.);
#403=ORIENTED_EDGE('',*,*,#497,.F.);
#404=ORIENTED_EDGE('',*,*,#651,.F.);
#405=ORIENTED_EDGE('',*,*,#651,.T.);
#406=ORIENTED_EDGE('',*,*,#496,.T.);
#407=ORIENTED_EDGE('',*,*,#652,.F.);
#408=ORIENTED_EDGE('',*,*,#498,.T.);
#409=ORIENTED_EDGE('',*,*,#652,.T.);
#410=ORIENTED_EDGE('',*,*,#495,.T.);
#411=ORIENTED_EDGE('',*,*,#640,.F.);
#412=ORIENTED_EDGE('',*,*,#499,.T.);
#413=ORIENTED_EDGE('',*,*,#650,.F.);
#414=ORIENTED_EDGE('',*,*,#653,.T.);
#415=ORIENTED_EDGE('',*,*,#575,.T.);
#416=ORIENTED_EDGE('',*,*,#654,.F.);
#417=ORIENTED_EDGE('',*,*,#655,.T.);
#418=ORIENTED_EDGE('',*,*,#656,.T.);
#419=ORIENTED_EDGE('',*,*,#657,.F.);
#420=ORIENTED_EDGE('',*,*,#658,.F.);
#421=ORIENTED_EDGE('',*,*,#659,.T.);
#422=ORIENTED_EDGE('',*,*,#660,.F.);
#423=ORIENTED_EDGE('',*,*,#488,.T.);
#424=ORIENTED_EDGE('',*,*,#661,.F.);
#425=ORIENTED_EDGE('',*,*,#492,.F.);
#426=ORIENTED_EDGE('',*,*,#662,.T.);
#427=ORIENTED_EDGE('',*,*,#663,.F.);
#428=ORIENTED_EDGE('',*,*,#664,.F.);
#429=ORIENTED_EDGE('',*,*,#657,.T.);
#430=ORIENTED_EDGE('',*,*,#665,.T.);
#431=ORIENTED_EDGE('',*,*,#666,.F.);
#432=ORIENTED_EDGE('',*,*,#667,.F.);
#433=ORIENTED_EDGE('',*,*,#663,.T.);
#434=ORIENTED_EDGE('',*,*,#668,.T.);
#435=ORIENTED_EDGE('',*,*,#655,.F.);
#436=ORIENTED_EDGE('',*,*,#669,.F.);
#437=ORIENTED_EDGE('',*,*,#666,.T.);
#438=ORIENTED_EDGE('',*,*,#670,.T.);
#439=ORIENTED_EDGE('',*,*,#671,.F.);
#440=ORIENTED_EDGE('',*,*,#672,.F.);
#441=ORIENTED_EDGE('',*,*,#540,.T.);
#442=ORIENTED_EDGE('',*,*,#673,.F.);
#443=ORIENTED_EDGE('',*,*,#674,.T.);
#444=ORIENTED_EDGE('',*,*,#675,.F.);
#445=ORIENTED_EDGE('',*,*,#676,.F.);
#446=ORIENTED_EDGE('',*,*,#671,.T.);
#447=ORIENTED_EDGE('',*,*,#677,.T.);
#448=ORIENTED_EDGE('',*,*,#659,.F.);
#449=ORIENTED_EDGE('',*,*,#678,.F.);
#450=ORIENTED_EDGE('',*,*,#675,.T.);
#451=ORIENTED_EDGE('',*,*,#574,.F.);
#452=ORIENTED_EDGE('',*,*,#528,.T.);
#453=ORIENTED_EDGE('',*,*,#672,.T.);
#454=ORIENTED_EDGE('',*,*,#676,.T.);
#455=ORIENTED_EDGE('',*,*,#678,.T.);
#456=ORIENTED_EDGE('',*,*,#658,.T.);
#457=ORIENTED_EDGE('',*,*,#664,.T.);
#458=ORIENTED_EDGE('',*,*,#667,.T.);
#459=ORIENTED_EDGE('',*,*,#669,.T.);
#460=ORIENTED_EDGE('',*,*,#654,.T.);
#461=ORIENTED_EDGE('',*,*,#539,.F.);
#462=ORIENTED_EDGE('',*,*,#576,.T.);
#463=ORIENTED_EDGE('',*,*,#653,.F.);
#464=ORIENTED_EDGE('',*,*,#668,.F.);
#465=ORIENTED_EDGE('',*,*,#665,.F.);
#466=ORIENTED_EDGE('',*,*,#662,.F.);
#467=ORIENTED_EDGE('',*,*,#656,.F.);
#468=ORIENTED_EDGE('',*,*,#677,.F.);
#469=ORIENTED_EDGE('',*,*,#674,.F.);
#470=ORIENTED_EDGE('',*,*,#670,.F.);
#471=ORIENTED_EDGE('',*,*,#493,.T.);
#472=ORIENTED_EDGE('',*,*,#661,.T.);
#473=ORIENTED_EDGE('',*,*,#487,.F.);
#474=ORIENTED_EDGE('',*,*,#679,.T.);
#475=ORIENTED_EDGE('',*,*,#489,.F.);
#476=ORIENTED_EDGE('',*,*,#660,.T.);
#477=ORIENTED_EDGE('',*,*,#491,.T.);
#478=ORIENTED_EDGE('',*,*,#680,.F.);
#479=ORIENTED_EDGE('',*,*,#490,.T.);
#480=ORIENTED_EDGE('',*,*,#679,.F.);
#481=ORIENTED_EDGE('',*,*,#486,.F.);
#482=ORIENTED_EDGE('',*,*,#680,.T.);
#483=ORIENTED_EDGE('',*,*,#681,.F.);
#484=ORIENTED_EDGE('',*,*,#673,.T.);
#485=ORIENTED_EDGE('',*,*,#681,.T.);
#486=EDGE_CURVE('',#682,#683,#818,.T.);
#487=EDGE_CURVE('',#683,#684,#819,.T.);
#488=EDGE_CURVE('',#685,#684,#820,.T.);
#489=EDGE_CURVE('',#685,#682,#821,.T.);
#490=EDGE_CURVE('',#686,#687,#822,.T.);
#491=EDGE_CURVE('',#688,#686,#823,.T.);
#492=EDGE_CURVE('',#688,#689,#824,.T.);
#493=EDGE_CURVE('',#687,#689,#825,.T.);
#494=EDGE_CURVE('',#690,#690,#44,.T.);
#495=EDGE_CURVE('',#691,#692,#826,.T.);
#496=EDGE_CURVE('',#693,#691,#38,.T.);
#497=EDGE_CURVE('',#693,#694,#39,.T.);
#498=EDGE_CURVE('',#695,#694,#40,.T.);
#499=EDGE_CURVE('',#696,#695,#827,.F.);
#500=EDGE_CURVE('',#696,#692,#45,.T.);
#501=EDGE_CURVE('',#697,#697,#46,.T.);
#502=EDGE_CURVE('',#698,#699,#828,.T.);
#503=EDGE_CURVE('',#700,#698,#41,.T.);
#504=EDGE_CURVE('',#700,#701,#42,.T.);
#505=EDGE_CURVE('',#702,#701,#43,.T.);
#506=EDGE_CURVE('',#703,#702,#829,.F.);
#507=EDGE_CURVE('',#703,#699,#47,.T.);
#508=EDGE_CURVE('',#704,#705,#830,.T.);
#509=EDGE_CURVE('',#706,#704,#831,.T.);
#510=EDGE_CURVE('',#707,#706,#48,.T.);
#511=EDGE_CURVE('',#708,#707,#832,.T.);
#512=EDGE_CURVE('',#708,#709,#833,.T.);
#513=EDGE_CURVE('',#709,#710,#834,.T.);
#514=EDGE_CURVE('',#710,#711,#835,.T.);
#515=EDGE_CURVE('',#711,#712,#836,.T.);
#516=EDGE_CURVE('',#712,#705,#837,.T.);
#517=EDGE_CURVE('',#709,#713,#838,.T.);
#518=EDGE_CURVE('',#708,#714,#839,.T.);
#519=EDGE_CURVE('',#714,#715,#840,.T.);
#520=EDGE_CURVE('',#715,#716,#841,.T.);
#521=EDGE_CURVE('',#716,#717,#842,.T.);
#522=EDGE_CURVE('',#717,#713,#843,.T.);
#523=EDGE_CURVE('',#710,#718,#844,.T.);
#524=EDGE_CURVE('',#718,#719,#845,.T.);
#525=EDGE_CURVE('',#720,#719,#846,.T.);
#526=EDGE_CURVE('',#720,#721,#847,.T.);
#527=EDGE_CURVE('',#711,#721,#848,.T.);
#528=EDGE_CURVE('',#722,#723,#849,.T.);
#529=EDGE_CURVE('',#722,#724,#850,.T.);
#530=EDGE_CURVE('',#724,#725,#851,.T.);
#531=EDGE_CURVE('',#725,#726,#852,.T.);
#532=EDGE_CURVE('',#726,#727,#853,.T.);
#533=EDGE_CURVE('',#728,#727,#854,.T.);
#534=EDGE_CURVE('',#729,#728,#855,.T.);
#535=EDGE_CURVE('',#730,#729,#49,.T.);
#536=EDGE_CURVE('',#731,#730,#856,.T.);
#537=EDGE_CURVE('',#731,#732,#857,.T.);
#538=EDGE_CURVE('',#732,#733,#858,.T.);
#539=EDGE_CURVE('',#733,#734,#859,.T.);
#540=EDGE_CURVE('',#723,#734,#860,.T.);
#541=EDGE_CURVE('',#713,#718,#861,.T.);
#542=EDGE_CURVE('',#717,#719,#862,.T.);
#543=EDGE_CURVE('',#735,#736,#863,.T.);
#544=EDGE_CURVE('',#735,#737,#864,.T.);
#545=EDGE_CURVE('',#737,#738,#865,.T.);
#546=EDGE_CURVE('',#736,#738,#866,.T.);
#547=EDGE_CURVE('',#736,#739,#867,.T.);
#548=EDGE_CURVE('',#738,#740,#868,.T.);
#549=EDGE_CURVE('',#741,#740,#869,.T.);
#550=EDGE_CURVE('',#742,#741,#870,.T.);
#551=EDGE_CURVE('',#739,#742,#871,.T.);
#552=EDGE_CURVE('',#741,#743,#872,.T.);
#553=EDGE_CURVE('',#740,#744,#873,.T.);
#554=EDGE_CURVE('',#743,#744,#874,.T.);
#555=EDGE_CURVE('',#745,#746,#875,.T.);
#556=EDGE_CURVE('',#745,#747,#876,.T.);
#557=EDGE_CURVE('',#747,#748,#877,.T.);
#558=EDGE_CURVE('',#746,#748,#878,.T.);
#559=EDGE_CURVE('',#746,#749,#879,.T.);
#560=EDGE_CURVE('',#748,#750,#880,.T.);
#561=EDGE_CURVE('',#751,#750,#881,.T.);
#562=EDGE_CURVE('',#752,#751,#882,.T.);
#563=EDGE_CURVE('',#749,#752,#883,.T.);
#564=EDGE_CURVE('',#751,#714,#884,.T.);
#565=EDGE_CURVE('',#750,#715,#885,.T.);
#566=EDGE_CURVE('',#753,#754,#886,.T.);
#567=EDGE_CURVE('',#753,#755,#887,.T.);
#568=EDGE_CURVE('',#756,#755,#888,.T.);
#569=EDGE_CURVE('',#754,#756,#889,.T.);
#570=EDGE_CURVE('',#731,#743,#890,.T.);
#571=EDGE_CURVE('',#744,#757,#891,.T.);
#572=EDGE_CURVE('',#757,#753,#892,.T.);
#573=EDGE_CURVE('',#732,#754,#893,.T.);
#574=EDGE_CURVE('',#722,#758,#894,.T.);
#575=EDGE_CURVE('',#759,#758,#895,.T.);
#576=EDGE_CURVE('',#733,#759,#896,.T.);
#577=EDGE_CURVE('',#724,#756,#897,.T.);
#578=EDGE_CURVE('',#760,#755,#898,.T.);
#579=EDGE_CURVE('',#760,#761,#899,.T.);
#580=EDGE_CURVE('',#725,#761,#900,.T.);
#581=EDGE_CURVE('',#761,#762,#901,.T.);
#582=EDGE_CURVE('',#726,#762,#902,.T.);
#583=EDGE_CURVE('',#762,#763,#903,.T.);
#584=EDGE_CURVE('',#764,#763,#904,.T.);
#585=EDGE_CURVE('',#765,#764,#905,.T.);
#586=EDGE_CURVE('',#765,#727,#906,.T.);
#587=EDGE_CURVE('',#763,#766,#907,.T.);
#588=EDGE_CURVE('',#767,#766,#908,.T.);
#589=EDGE_CURVE('',#764,#767,#909,.T.);
#590=EDGE_CURVE('',#766,#747,#910,.T.);
#591=EDGE_CURVE('',#768,#745,#911,.T.);
#592=EDGE_CURVE('',#767,#768,#912,.T.);
#593=EDGE_CURVE('',#721,#769,#913,.T.);
#594=EDGE_CURVE('',#712,#769,#914,.T.);
#595=EDGE_CURVE('',#769,#770,#915,.T.);
#596=EDGE_CURVE('',#771,#770,#916,.T.);
#597=EDGE_CURVE('',#772,#771,#917,.T.);
#598=EDGE_CURVE('',#772,#705,#918,.T.);
#599=EDGE_CURVE('',#770,#773,#919,.T.);
#600=EDGE_CURVE('',#774,#773,#920,.T.);
#601=EDGE_CURVE('',#771,#774,#921,.T.);
#602=EDGE_CURVE('',#773,#737,#922,.T.);
#603=EDGE_CURVE('',#775,#735,#923,.T.);
#604=EDGE_CURVE('',#774,#775,#924,.T.);
#605=EDGE_CURVE('',#757,#760,#925,.T.);
#606=EDGE_CURVE('',#716,#720,#926,.T.);
#607=EDGE_CURVE('',#749,#752,#50,.F.);
#608=EDGE_CURVE('',#714,#776,#927,.T.);
#609=EDGE_CURVE('',#776,#777,#51,.T.);
#610=EDGE_CURVE('',#777,#745,#928,.T.);
#611=EDGE_CURVE('',#777,#778,#929,.T.);
#612=EDGE_CURVE('',#768,#778,#930,.T.);
#613=EDGE_CURVE('',#776,#707,#931,.T.);
#614=EDGE_CURVE('',#779,#706,#932,.T.);
#615=EDGE_CURVE('',#779,#778,#52,.T.);
#616=EDGE_CURVE('',#739,#742,#53,.T.);
#617=EDGE_CURVE('',#743,#780,#933,.T.);
#618=EDGE_CURVE('',#780,#781,#54,.T.);
#619=EDGE_CURVE('',#781,#735,#934,.T.);
#620=EDGE_CURVE('',#780,#730,#935,.T.);
#621=EDGE_CURVE('',#781,#782,#936,.T.);
#622=EDGE_CURVE('',#775,#782,#937,.T.);
#623=EDGE_CURVE('',#783,#729,#938,.T.);
#624=EDGE_CURVE('',#783,#782,#55,.T.);
#625=EDGE_CURVE('',#752,#749,#56,.T.);
#626=EDGE_CURVE('',#784,#784,#57,.T.);
#627=EDGE_CURVE('',#785,#785,#58,.T.);
#628=EDGE_CURVE('',#786,#786,#59,.T.);
#629=EDGE_CURVE('',#742,#739,#60,.T.);
#630=EDGE_CURVE('',#787,#787,#61,.T.);
#631=EDGE_CURVE('',#788,#788,#62,.T.);
#632=EDGE_CURVE('',#789,#789,#63,.T.);
#633=EDGE_CURVE('',#790,#728,#939,.T.);
#634=EDGE_CURVE('',#783,#790,#940,.T.);
#635=EDGE_CURVE('',#790,#765,#941,.T.);
#636=EDGE_CURVE('',#791,#704,#942,.T.);
#637=EDGE_CURVE('',#779,#791,#943,.T.);
#638=EDGE_CURVE('',#791,#772,#944,.T.);
#639=EDGE_CURVE('',#703,#699,#64,.T.);
#640=EDGE_CURVE('',#696,#692,#65,.T.);
#641=EDGE_CURVE('',#792,#792,#66,.T.);
#642=EDGE_CURVE('',#793,#793,#67,.T.);
#643=EDGE_CURVE('',#794,#794,#68,.T.);
#644=EDGE_CURVE('',#795,#795,#69,.T.);
#645=EDGE_CURVE('',#797,#797,#70,.T.);
#646=EDGE_CURVE('',#798,#798,#71,.T.);
#647=EDGE_CURVE('',#800,#800,#72,.T.);
#648=EDGE_CURVE('',#701,#700,#73,.T.);
#649=EDGE_CURVE('',#702,#698,#74,.T.);
#650=EDGE_CURVE('',#801,#801,#75,.T.);
#651=EDGE_CURVE('',#694,#693,#76,.T.);
#652=EDGE_CURVE('',#695,#691,#77,.T.);
#653=EDGE_CURVE('',#802,#759,#945,.T.);
#654=EDGE_CURVE('',#803,#758,#946,.T.);
#655=EDGE_CURVE('',#803,#802,#947,.T.);
#656=EDGE_CURVE('',#804,#805,#78,.T.);
#657=EDGE_CURVE('',#806,#805,#948,.T.);
#658=EDGE_CURVE('',#807,#806,#79,.T.);
#659=EDGE_CURVE('',#807,#804,#949,.T.);
#660=EDGE_CURVE('',#685,#688,#950,.T.);
#661=EDGE_CURVE('',#689,#684,#951,.T.);
#662=EDGE_CURVE('',#805,#808,#952,.T.);
#663=EDGE_CURVE('',#809,#808,#953,.T.);
#664=EDGE_CURVE('',#806,#809,#954,.T.);
#665=EDGE_CURVE('',#808,#810,#955,.T.);
#666=EDGE_CURVE('',#811,#810,#956,.T.);
#667=EDGE_CURVE('',#809,#811,#957,.T.);
#668=EDGE_CURVE('',#810,#802,#958,.T.);
#669=EDGE_CURVE('',#811,#803,#959,.T.);
#670=EDGE_CURVE('',#734,#812,#960,.T.);
#671=EDGE_CURVE('',#813,#812,#961,.T.);
#672=EDGE_CURVE('',#723,#813,#962,.T.);
#673=EDGE_CURVE('',#814,#814,#80,.T.);
#674=EDGE_CURVE('',#812,#815,#963,.T.);
#675=EDGE_CURVE('',#816,#815,#964,.T.);
#676=EDGE_CURVE('',#813,#816,#965,.T.);
#677=EDGE_CURVE('',#815,#804,#966,.T.);
#678=EDGE_CURVE('',#816,#807,#967,.T.);
#679=EDGE_CURVE('',#683,#687,#968,.T.);
#680=EDGE_CURVE('',#682,#686,#969,.T.);
#681=EDGE_CURVE('',#817,#817,#81,.T.);
#682=VERTEX_POINT('',#2017);
#683=VERTEX_POINT('',#2018);
#684=VERTEX_POINT('',#2020);
#685=VERTEX_POINT('',#2022);
#686=VERTEX_POINT('',#2026);
#687=VERTEX_POINT('',#2027);
#688=VERTEX_POINT('',#2029);
#689=VERTEX_POINT('',#2031);
#690=VERTEX_POINT('',#2035);
#691=VERTEX_POINT('',#2037);
#692=VERTEX_POINT('',#2038);
#693=VERTEX_POINT('',#2043);
#694=VERTEX_POINT('',#2051);
#695=VERTEX_POINT('',#2056);
#696=VERTEX_POINT('',#2058);
#697=VERTEX_POINT('',#2062);
#698=VERTEX_POINT('',#2064);
#699=VERTEX_POINT('',#2065);
#700=VERTEX_POINT('',#2070);
#701=VERTEX_POINT('',#2078);
#702=VERTEX_POINT('',#2083);
#703=VERTEX_POINT('',#2085);
#704=VERTEX_POINT('',#2089);
#705=VERTEX_POINT('',#2090);
#706=VERTEX_POINT('',#2092);
#707=VERTEX_POINT('',#2094);
#708=VERTEX_POINT('',#2096);
#709=VERTEX_POINT('',#2098);
#710=VERTEX_POINT('',#2100);
#711=VERTEX_POINT('',#2102);
#712=VERTEX_POINT('',#2104);
#713=VERTEX_POINT('',#2108);
#714=VERTEX_POINT('',#2110);
#715=VERTEX_POINT('',#2112);
#716=VERTEX_POINT('',#2114);
#717=VERTEX_POINT('',#2116);
#718=VERTEX_POINT('',#2120);
#719=VERTEX_POINT('',#2122);
#720=VERTEX_POINT('',#2124);
#721=VERTEX_POINT('',#2126);
#722=VERTEX_POINT('',#2130);
#723=VERTEX_POINT('',#2131);
#724=VERTEX_POINT('',#2133);
#725=VERTEX_POINT('',#2135);
#726=VERTEX_POINT('',#2137);
#727=VERTEX_POINT('',#2139);
#728=VERTEX_POINT('',#2141);
#729=VERTEX_POINT('',#2143);
#730=VERTEX_POINT('',#2145);
#731=VERTEX_POINT('',#2147);
#732=VERTEX_POINT('',#2149);
#733=VERTEX_POINT('',#2151);
#734=VERTEX_POINT('',#2153);
#735=VERTEX_POINT('',#2160);
#736=VERTEX_POINT('',#2161);
#737=VERTEX_POINT('',#2163);
#738=VERTEX_POINT('',#2165);
#739=VERTEX_POINT('',#2169);
#740=VERTEX_POINT('',#2171);
#741=VERTEX_POINT('',#2173);
#742=VERTEX_POINT('',#2175);
#743=VERTEX_POINT('',#2179);
#744=VERTEX_POINT('',#2181);
#745=VERTEX_POINT('',#2185);
#746=VERTEX_POINT('',#2186);
#747=VERTEX_POINT('',#2188);
#748=VERTEX_POINT('',#2190);
#749=VERTEX_POINT('',#2194);
#750=VERTEX_POINT('',#2196);
#751=VERTEX_POINT('',#2198);
#752=VERTEX_POINT('',#2200);
#753=VERTEX_POINT('',#2207);
#754=VERTEX_POINT('',#2208);
#755=VERTEX_POINT('',#2210);
#756=VERTEX_POINT('',#2212);
#757=VERTEX_POINT('',#2217);
#758=VERTEX_POINT('',#2222);
#759=VERTEX_POINT('',#2224);
#760=VERTEX_POINT('',#2229);
#761=VERTEX_POINT('',#2231);
#762=VERTEX_POINT('',#2235);
#763=VERTEX_POINT('',#2239);
#764=VERTEX_POINT('',#2241);
#765=VERTEX_POINT('',#2243);
#766=VERTEX_POINT('',#2247);
#767=VERTEX_POINT('',#2249);
#768=VERTEX_POINT('',#2254);
#769=VERTEX_POINT('',#2258);
#770=VERTEX_POINT('',#2262);
#771=VERTEX_POINT('',#2264);
#772=VERTEX_POINT('',#2266);
#773=VERTEX_POINT('',#2270);
#774=VERTEX_POINT('',#2272);
#775=VERTEX_POINT('',#2277);
#776=VERTEX_POINT('',#2287);
#777=VERTEX_POINT('',#2289);
#778=VERTEX_POINT('',#2293);
#779=VERTEX_POINT('',#2299);
#780=VERTEX_POINT('',#2304);
#781=VERTEX_POINT('',#2306);
#782=VERTEX_POINT('',#2312);
#783=VERTEX_POINT('',#2316);
#784=VERTEX_POINT('',#2323);
#785=VERTEX_POINT('',#2326);
#786=VERTEX_POINT('',#2329);
#787=VERTEX_POINT('',#2335);
#788=VERTEX_POINT('',#2338);
#789=VERTEX_POINT('',#2341);
#790=VERTEX_POINT('',#2345);
#791=VERTEX_POINT('',#2351);
#792=VERTEX_POINT('',#2360);
#793=VERTEX_POINT('',#2363);
#794=VERTEX_POINT('',#2366);
#795=VERTEX_POINT('',#2369);
#796=VERTEX_POINT('',#2371);
#797=VERTEX_POINT('',#2374);
#798=VERTEX_POINT('',#2377);
#799=VERTEX_POINT('',#2379);
#800=VERTEX_POINT('',#2382);
#801=VERTEX_POINT('',#2390);
#802=VERTEX_POINT('',#2398);
#803=VERTEX_POINT('',#2400);
#804=VERTEX_POINT('',#2404);
#805=VERTEX_POINT('',#2405);
#806=VERTEX_POINT('',#2407);
#807=VERTEX_POINT('',#2409);
#808=VERTEX_POINT('',#2415);
#809=VERTEX_POINT('',#2417);
#810=VERTEX_POINT('',#2421);
#811=VERTEX_POINT('',#2423);
#812=VERTEX_POINT('',#2430);
#813=VERTEX_POINT('',#2432);
#814=VERTEX_POINT('',#2436);
#815=VERTEX_POINT('',#2438);
#816=VERTEX_POINT('',#2440);
#817=VERTEX_POINT('',#2454);
#818=LINE('',#2016,#970);
#819=LINE('',#2019,#971);
#820=LINE('',#2021,#972);
#821=LINE('',#2023,#973);
#822=LINE('',#2025,#974);
#823=LINE('',#2028,#975);
#824=LINE('',#2030,#976);
#825=LINE('',#2032,#977);
#826=LINE('',#2036,#978);
#827=LINE('',#2057,#979);
#828=LINE('',#2063,#980);
#829=LINE('',#2084,#981);
#830=LINE('',#2088,#982);
#831=LINE('',#2091,#983);
#832=LINE('',#2095,#984);
#833=LINE('',#2097,#985);
#834=LINE('',#2099,#986);
#835=LINE('',#2101,#987);
#836=LINE('',#2103,#988);
#837=LINE('',#2105,#989);
#838=LINE('',#2107,#990);
#839=LINE('',#2109,#991);
#840=LINE('',#2111,#992);
#841=LINE('',#2113,#993);
#842=LINE('',#2115,#994);
#843=LINE('',#2117,#995);
#844=LINE('',#2119,#996);
#845=LINE('',#2121,#997);
#846=LINE('',#2123,#998);
#847=LINE('',#2125,#999);
#848=LINE('',#2127,#1000);
#849=LINE('',#2129,#1001);
#850=LINE('',#2132,#1002);
#851=LINE('',#2134,#1003);
#852=LINE('',#2136,#1004);
#853=LINE('',#2138,#1005);
#854=LINE('',#2140,#1006);
#855=LINE('',#2142,#1007);
#856=LINE('',#2146,#1008);
#857=LINE('',#2148,#1009);
#858=LINE('',#2150,#1010);
#859=LINE('',#2152,#1011);
#860=LINE('',#2154,#1012);
#861=LINE('',#2156,#1013);
#862=LINE('',#2157,#1014);
#863=LINE('',#2159,#1015);
#864=LINE('',#2162,#1016);
#865=LINE('',#2164,#1017);
#866=LINE('',#2166,#1018);
#867=LINE('',#2168,#1019);
#868=LINE('',#2170,#1020);
#869=LINE('',#2172,#1021);
#870=LINE('',#2174,#1022);
#871=LINE('',#2176,#1023);
#872=LINE('',#2178,#1024);
#873=LINE('',#2180,#1025);
#874=LINE('',#2182,#1026);
#875=LINE('',#2184,#1027);
#876=LINE('',#2187,#1028);
#877=LINE('',#2189,#1029);
#878=LINE('',#2191,#1030);
#879=LINE('',#2193,#1031);
#880=LINE('',#2195,#1032);
#881=LINE('',#2197,#1033);
#882=LINE('',#2199,#1034);
#883=LINE('',#2201,#1035);
#884=LINE('',#2203,#1036);
#885=LINE('',#2204,#1037);
#886=LINE('',#2206,#1038);
#887=LINE('',#2209,#1039);
#888=LINE('',#2211,#1040);
#889=LINE('',#2213,#1041);
#890=LINE('',#2215,#1042);
#891=LINE('',#2216,#1043);
#892=LINE('',#2218,#1044);
#893=LINE('',#2219,#1045);
#894=LINE('',#2221,#1046);
#895=LINE('',#2223,#1047);
#896=LINE('',#2225,#1048);
#897=LINE('',#2226,#1049);
#898=LINE('',#2228,#1050);
#899=LINE('',#2230,#1051);
#900=LINE('',#2232,#1052);
#901=LINE('',#2234,#1053);
#902=LINE('',#2236,#1054);
#903=LINE('',#2238,#1055);
#904=LINE('',#2240,#1056);
#905=LINE('',#2242,#1057);
#906=LINE('',#2244,#1058);
#907=LINE('',#2246,#1059);
#908=LINE('',#2248,#1060);
#909=LINE('',#2250,#1061);
#910=LINE('',#2252,#1062);
#911=LINE('',#2253,#1063);
#912=LINE('',#2255,#1064);
#913=LINE('',#2257,#1065);
#914=LINE('',#2259,#1066);
#915=LINE('',#2261,#1067);
#916=LINE('',#2263,#1068);
#917=LINE('',#2265,#1069);
#918=LINE('',#2267,#1070);
#919=LINE('',#2269,#1071);
#920=LINE('',#2271,#1072);
#921=LINE('',#2273,#1073);
#922=LINE('',#2275,#1074);
#923=LINE('',#2276,#1075);
#924=LINE('',#2278,#1076);
#925=LINE('',#2280,#1077);
#926=LINE('',#2282,#1078);
#927=LINE('',#2286,#1079);
#928=LINE('',#2290,#1080);
#929=LINE('',#2292,#1081);
#930=LINE('',#2294,#1082);
#931=LINE('',#2296,#1083);
#932=LINE('',#2298,#1084);
#933=LINE('',#2303,#1085);
#934=LINE('',#2307,#1086);
#935=LINE('',#2309,#1087);
#936=LINE('',#2311,#1088);
#937=LINE('',#2313,#1089);
#938=LINE('',#2315,#1090);
#939=LINE('',#2344,#1091);
#940=LINE('',#2346,#1092);
#941=LINE('',#2348,#1093);
#942=LINE('',#2350,#1094);
#943=LINE('',#2352,#1095);
#944=LINE('',#2354,#1096);
#945=LINE('',#2397,#1097);
#946=LINE('',#2399,#1098);
#947=LINE('',#2401,#1099);
#948=LINE('',#2406,#1100);
#949=LINE('',#2410,#1101);
#950=LINE('',#2412,#1102);
#951=LINE('',#2413,#1103);
#952=LINE('',#2414,#1104);
#953=LINE('',#2416,#1105);
#954=LINE('',#2418,#1106);
#955=LINE('',#2420,#1107);
#956=LINE('',#2422,#1108);
#957=LINE('',#2424,#1109);
#958=LINE('',#2426,#1110);
#959=LINE('',#2427,#1111);
#960=LINE('',#2429,#1112);
#961=LINE('',#2431,#1113);
#962=LINE('',#2433,#1114);
#963=LINE('',#2437,#1115);
#964=LINE('',#2439,#1116);
#965=LINE('',#2441,#1117);
#966=LINE('',#2443,#1118);
#967=LINE('',#2444,#1119);
#968=LINE('',#2448,#1120);
#969=LINE('',#2450,#1121);
#970=VECTOR('',#1618,1000.);
#971=VECTOR('',#1619,1000.);
#972=VECTOR('',#1620,1000.);
#973=VECTOR('',#1621,1000.);
#974=VECTOR('',#1624,1000.);
#975=VECTOR('',#1625,1000.);
#976=VECTOR('',#1626,1000.);
#977=VECTOR('',#1627,1000.);
#978=VECTOR('',#1632,1000.);
#979=VECTOR('',#1633,1000.);
#980=VECTOR('',#1640,1000.);
#981=VECTOR('',#1641,1000.);
#982=VECTOR('',#1646,1000.);
#983=VECTOR('',#1647,1000.);
#984=VECTOR('',#1650,1000.);
#985=VECTOR('',#1651,1000.);
#986=VECTOR('',#1652,1000.);
#987=VECTOR('',#1653,1000.);
#988=VECTOR('',#1654,1000.);
#989=VECTOR('',#1655,1000.);
#990=VECTOR('',#1658,1000.);
#991=VECTOR('',#1659,1000.);
#992=VECTOR('',#1660,1000.);
#993=VECTOR('',#1661,1000.);
#994=VECTOR('',#1662,1000.);
#995=VECTOR('',#1663,1000.);
#996=VECTOR('',#1666,1000.);
#997=VECTOR('',#1667,1000.);
#998=VECTOR('',#1668,1000.);
#999=VECTOR('',#1669,1000.);
#1000=VECTOR('',#1670,1000.);
#1001=VECTOR('',#1673,1000.);
#1002=VECTOR('',#1674,1000.);
#1003=VECTOR('',#1675,1000.);
#1004=VECTOR('',#1676,1000.);
#1005=VECTOR('',#1677,1000.);
#1006=VECTOR('',#1678,1000.);
#1007=VECTOR('',#1679,1000.);
#1008=VECTOR('',#1682,1000.);
#1009=VECTOR('',#1683,1000.);
#1010=VECTOR('',#1684,1000.);
#1011=VECTOR('',#1685,1000.);
#1012=VECTOR('',#1686,1000.);
#1013=VECTOR('',#1689,1000.);
#1014=VECTOR('',#1690,1000.);
#1015=VECTOR('',#1693,1000.);
#1016=VECTOR('',#1694,1000.);
#1017=VECTOR('',#1695,1000.);
#1018=VECTOR('',#1696,1000.);
#1019=VECTOR('',#1699,1000.);
#1020=VECTOR('',#1700,1000.);
#1021=VECTOR('',#1701,1000.);
#1022=VECTOR('',#1702,1000.);
#1023=VECTOR('',#1703,1000.);
#1024=VECTOR('',#1706,1000.);
#1025=VECTOR('',#1707,1000.);
#1026=VECTOR('',#1708,1000.);
#1027=VECTOR('',#1711,1000.);
#1028=VECTOR('',#1712,1000.);
#1029=VECTOR('',#1713,1000.);
#1030=VECTOR('',#1714,1000.);
#1031=VECTOR('',#1717,1000.);
#1032=VECTOR('',#1718,1000.);
#1033=VECTOR('',#1719,1000.);
#1034=VECTOR('',#1720,1000.);
#1035=VECTOR('',#1721,1000.);
#1036=VECTOR('',#1724,1000.);
#1037=VECTOR('',#1725,1000.);
#1038=VECTOR('',#1728,1000.);
#1039=VECTOR('',#1729,1000.);
#1040=VECTOR('',#1730,1000.);
#1041=VECTOR('',#1731,1000.);
#1042=VECTOR('',#1734,1000.);
#1043=VECTOR('',#1735,1000.);
#1044=VECTOR('',#1736,1000.);
#1045=VECTOR('',#1737,1000.);
#1046=VECTOR('',#1740,1000.);
#1047=VECTOR('',#1741,1000.);
#1048=VECTOR('',#1742,1000.);
#1049=VECTOR('',#1743,1000.);
#1050=VECTOR('',#1746,1000.);
#1051=VECTOR('',#1747,1000.);
#1052=VECTOR('',#1748,1000.);
#1053=VECTOR('',#1751,1000.);
#1054=VECTOR('',#1752,1000.);
#1055=VECTOR('',#1755,1000.);
#1056=VECTOR('',#1756,1000.);
#1057=VECTOR('',#1757,1000.);
#1058=VECTOR('',#1758,1000.);
#1059=VECTOR('',#1761,1000.);
#1060=VECTOR('',#1762,1000.);
#1061=VECTOR('',#1763,1000.);
#1062=VECTOR('',#1766,1000.);
#1063=VECTOR('',#1767,1000.);
#1064=VECTOR('',#1768,1000.);
#1065=VECTOR('',#1771,1000.);
#1066=VECTOR('',#1772,1000.);
#1067=VECTOR('',#1775,1000.);
#1068=VECTOR('',#1776,1000.);
#1069=VECTOR('',#1777,1000.);
#1070=VECTOR('',#1778,1000.);
#1071=VECTOR('',#1781,1000.);
#1072=VECTOR('',#1782,1000.);
#1073=VECTOR('',#1783,1000.);
#1074=VECTOR('',#1786,1000.);
#1075=VECTOR('',#1787,1000.);
#1076=VECTOR('',#1788,1000.);
#1077=VECTOR('',#1791,1000.);
#1078=VECTOR('',#1794,1000.);
#1079=VECTOR('',#1801,1000.);
#1080=VECTOR('',#1804,1000.);
#1081=VECTOR('',#1807,1000.);
#1082=VECTOR('',#1808,1000.);
#1083=VECTOR('',#1811,1000.);
#1084=VECTOR('',#1814,1000.);
#1085=VECTOR('',#1821,1000.);
#1086=VECTOR('',#1824,1000.);
#1087=VECTOR('',#1827,1000.);
#1088=VECTOR('',#1830,1000.);
#1089=VECTOR('',#1831,1000.);
#1090=VECTOR('',#1834,1000.);
#1091=VECTOR('',#1877,1000.);
#1092=VECTOR('',#1878,1000.);
#1093=VECTOR('',#1881,1000.);
#1094=VECTOR('',#1884,1000.);
#1095=VECTOR('',#1885,1000.);
#1096=VECTOR('',#1888,1000.);
#1097=VECTOR('',#1953,1000.);
#1098=VECTOR('',#1954,1000.);
#1099=VECTOR('',#1955,1000.);
#1100=VECTOR('',#1960,1000.);
#1101=VECTOR('',#1963,1000.);
#1102=VECTOR('',#1966,1000.);
#1103=VECTOR('',#1967,1000.);
#1104=VECTOR('',#1968,1000.);
#1105=VECTOR('',#1969,1000.);
#1106=VECTOR('',#1970,1000.);
#1107=VECTOR('',#1973,1000.);
#1108=VECTOR('',#1974,1000.);
#1109=VECTOR('',#1975,1000.);
#1110=VECTOR('',#1978,1000.);
#1111=VECTOR('',#1979,1000.);
#1112=VECTOR('',#1982,1000.);
#1113=VECTOR('',#1983,1000.);
#1114=VECTOR('',#1984,1000.);
#1115=VECTOR('',#1989,1000.);
#1116=VECTOR('',#1990,1000.);
#1117=VECTOR('',#1991,1000.);
#1118=VECTOR('',#1994,1000.);
#1119=VECTOR('',#1995,1000.);
#1120=VECTOR('',#2002,1000.);
#1121=VECTOR('',#2005,1000.);
#1122=EDGE_LOOP('',(#94,#95,#96,#97));
#1123=EDGE_LOOP('',(#98,#99,#100,#101));
#1124=EDGE_LOOP('',(#102));
#1125=EDGE_LOOP('',(#103,#104,#105,#106,#107,#108));
#1126=EDGE_LOOP('',(#109));
#1127=EDGE_LOOP('',(#110,#111,#112,#113,#114,#115));
#1128=EDGE_LOOP('',(#116,#117,#118,#119,#120,#121,#122,#123,#124));
#1129=EDGE_LOOP('',(#125,#126,#127,#128,#129,#130,#131));
#1130=EDGE_LOOP('',(#132,#133,#134,#135,#136,#137));
#1131=EDGE_LOOP('',(#138,#139,#140,#141,#142,#143,#144,#145,#146,#147,#148,
#149,#150));
#1132=EDGE_LOOP('',(#151,#152,#153,#154));
#1133=EDGE_LOOP('',(#155,#156,#157,#158));
#1134=EDGE_LOOP('',(#159,#160,#161,#162,#163,#164));
#1135=EDGE_LOOP('',(#165,#166,#167,#168));
#1136=EDGE_LOOP('',(#169,#170,#171,#172));
#1137=EDGE_LOOP('',(#173,#174,#175,#176,#177,#178));
#1138=EDGE_LOOP('',(#179,#180,#181,#182));
#1139=EDGE_LOOP('',(#183,#184,#185,#186));
#1140=EDGE_LOOP('',(#187,#188,#189,#190,#191,#192,#193));
#1141=EDGE_LOOP('',(#194,#195,#196,#197,#198,#199,#200,#201));
#1142=EDGE_LOOP('',(#202,#203,#204,#205,#206,#207));
#1143=EDGE_LOOP('',(#208,#209,#210,#211));
#1144=EDGE_LOOP('',(#212,#213,#214,#215,#216,#217));
#1145=EDGE_LOOP('',(#218,#219,#220,#221));
#1146=EDGE_LOOP('',(#222,#223,#224,#225,#226));
#1147=EDGE_LOOP('',(#227,#228,#229,#230));
#1148=EDGE_LOOP('',(#231,#232,#233,#234,#235,#236));
#1149=EDGE_LOOP('',(#237,#238,#239,#240));
#1150=EDGE_LOOP('',(#241,#242,#243,#244,#245));
#1151=EDGE_LOOP('',(#246,#247,#248,#249));
#1152=EDGE_LOOP('',(#250,#251,#252,#253));
#1153=EDGE_LOOP('',(#254,#255,#256,#257,#258,#259,#260,#261,#262,#263,#264,
#265,#266,#267,#268,#269,#270,#271,#272,#273));
#1154=EDGE_LOOP('',(#274,#275,#276,#277,#278,#279,#280,#281));
#1155=EDGE_LOOP('',(#282,#283,#284,#285));
#1156=EDGE_LOOP('',(#286,#287,#288,#289));
#1157=EDGE_LOOP('',(#290,#291,#292,#293,#294,#295));
#1158=EDGE_LOOP('',(#296,#297,#298,#299,#300,#301,#302,#303));
#1159=EDGE_LOOP('',(#304,#305,#306,#307));
#1160=EDGE_LOOP('',(#308,#309,#310,#311));
#1161=EDGE_LOOP('',(#312,#313,#314,#315,#316,#317));
#1162=EDGE_LOOP('',(#318,#319,#320,#321));
#1163=EDGE_LOOP('',(#322,#323));
#1164=EDGE_LOOP('',(#324));
#1165=EDGE_LOOP('',(#325));
#1166=EDGE_LOOP('',(#326));
#1167=EDGE_LOOP('',(#327));
#1168=EDGE_LOOP('',(#328));
#1169=EDGE_LOOP('',(#329,#330));
#1170=EDGE_LOOP('',(#331));
#1171=EDGE_LOOP('',(#332,#333));
#1172=EDGE_LOOP('',(#334));
#1173=EDGE_LOOP('',(#335));
#1174=EDGE_LOOP('',(#336));
#1175=EDGE_LOOP('',(#337));
#1176=EDGE_LOOP('',(#338));
#1177=EDGE_LOOP('',(#339,#340));
#1178=EDGE_LOOP('',(#341));
#1179=EDGE_LOOP('',(#342,#343,#344,#345));
#1180=EDGE_LOOP('',(#346,#347,#348,#349));
#1181=EDGE_LOOP('',(#350,#351,#352,#353));
#1182=EDGE_LOOP('',(#354,#355,#356,#357));
#1183=EDGE_LOOP('',(#358,#359));
#1184=EDGE_LOOP('',(#360,#361));
#1185=EDGE_LOOP('',(#362,#363,#364,#365,#366,#367,#368,#369,#370,#371,#372,
#373,#374,#375));
#1186=EDGE_LOOP('',(#376));
#1187=EDGE_LOOP('',(#377));
#1188=EDGE_LOOP('',(#378));
#1189=EDGE_LOOP('',(#379));
#1190=EDGE_LOOP('',(#380));
#1191=EDGE_LOOP('',(#381));
#1192=EDGE_LOOP('',(#382));
#1193=EDGE_LOOP('',(#383));
#1194=EDGE_LOOP('',(#384));
#1195=EDGE_LOOP('',(#385));
#1196=EDGE_LOOP('',(#386));
#1197=EDGE_LOOP('',(#387));
#1198=EDGE_LOOP('',(#388));
#1199=EDGE_LOOP('',(#389));
#1200=EDGE_LOOP('',(#390));
#1201=EDGE_LOOP('',(#391,#392));
#1202=EDGE_LOOP('',(#393,#394,#395,#396));
#1203=EDGE_LOOP('',(#397,#398,#399,#400));
#1204=EDGE_LOOP('',(#401));
#1205=EDGE_LOOP('',(#402));
#1206=EDGE_LOOP('',(#403,#404));
#1207=EDGE_LOOP('',(#405,#406,#407,#408));
#1208=EDGE_LOOP('',(#409,#410,#411,#412));
#1209=EDGE_LOOP('',(#413));
#1210=EDGE_LOOP('',(#414,#415,#416,#417));
#1211=EDGE_LOOP('',(#418,#419,#420,#421));
#1212=EDGE_LOOP('',(#422,#423,#424,#425));
#1213=EDGE_LOOP('',(#426,#427,#428,#429));
#1214=EDGE_LOOP('',(#430,#431,#432,#433));
#1215=EDGE_LOOP('',(#434,#435,#436,#437));
#1216=EDGE_LOOP('',(#438,#439,#440,#441));
#1217=EDGE_LOOP('',(#442));
#1218=EDGE_LOOP('',(#443,#444,#445,#446));
#1219=EDGE_LOOP('',(#447,#448,#449,#450));
#1220=EDGE_LOOP('',(#451,#452,#453,#454,#455,#456,#457,#458,#459,#460));
#1221=EDGE_LOOP('',(#461,#462,#463,#464,#465,#466,#467,#468,#469,#470));
#1222=EDGE_LOOP('',(#471,#472,#473,#474));
#1223=EDGE_LOOP('',(#475,#476,#477,#478));
#1224=EDGE_LOOP('',(#479,#480,#481,#482));
#1225=EDGE_LOOP('',(#483));
#1226=EDGE_LOOP('',(#484));
#1227=EDGE_LOOP('',(#485));
#1228=FACE_BOUND('',#1122,.T.);
#1229=FACE_BOUND('',#1123,.T.);
#1230=FACE_BOUND('',#1124,.T.);
#1231=FACE_BOUND('',#1125,.T.);
#1232=FACE_BOUND('',#1126,.T.);
#1233=FACE_BOUND('',#1127,.T.);
#1234=FACE_BOUND('',#1128,.T.);
#1235=FACE_BOUND('',#1129,.T.);
#1236=FACE_BOUND('',#1130,.T.);
#1237=FACE_BOUND('',#1131,.T.);
#1238=FACE_BOUND('',#1132,.T.);
#1239=FACE_BOUND('',#1133,.T.);
#1240=FACE_BOUND('',#1134,.T.);
#1241=FACE_BOUND('',#1135,.T.);
#1242=FACE_BOUND('',#1136,.T.);
#1243=FACE_BOUND('',#1137,.T.);
#1244=FACE_BOUND('',#1138,.T.);
#1245=FACE_BOUND('',#1139,.T.);
#1246=FACE_BOUND('',#1140,.T.);
#1247=FACE_BOUND('',#1141,.T.);
#1248=FACE_BOUND('',#1142,.T.);
#1249=FACE_BOUND('',#1143,.T.);
#1250=FACE_BOUND('',#1144,.T.);
#1251=FACE_BOUND('',#1145,.T.);
#1252=FACE_BOUND('',#1146,.T.);
#1253=FACE_BOUND('',#1147,.T.);
#1254=FACE_BOUND('',#1148,.T.);
#1255=FACE_BOUND('',#1149,.T.);
#1256=FACE_BOUND('',#1150,.T.);
#1257=FACE_BOUND('',#1151,.T.);
#1258=FACE_BOUND('',#1152,.T.);
#1259=FACE_BOUND('',#1153,.T.);
#1260=FACE_BOUND('',#1154,.T.);
#1261=FACE_BOUND('',#1155,.T.);
#1262=FACE_BOUND('',#1156,.T.);
#1263=FACE_BOUND('',#1157,.T.);
#1264=FACE_BOUND('',#1158,.T.);
#1265=FACE_BOUND('',#1159,.T.);
#1266=FACE_BOUND('',#1160,.T.);
#1267=FACE_BOUND('',#1161,.T.);
#1268=FACE_BOUND('',#1162,.T.);
#1269=FACE_BOUND('',#1163,.T.);
#1270=FACE_BOUND('',#1164,.T.);
#1271=FACE_BOUND('',#1165,.T.);
#1272=FACE_BOUND('',#1166,.T.);
#1273=FACE_BOUND('',#1167,.T.);
#1274=FACE_BOUND('',#1168,.T.);
#1275=FACE_BOUND('',#1169,.T.);
#1276=FACE_BOUND('',#1170,.T.);
#1277=FACE_BOUND('',#1171,.T.);
#1278=FACE_BOUND('',#1172,.T.);
#1279=FACE_BOUND('',#1173,.T.);
#1280=FACE_BOUND('',#1174,.T.);
#1281=FACE_BOUND('',#1175,.T.);
#1282=FACE_BOUND('',#1176,.T.);
#1283=FACE_BOUND('',#1177,.T.);
#1284=FACE_BOUND('',#1178,.T.);
#1285=FACE_BOUND('',#1179,.T.);
#1286=FACE_BOUND('',#1180,.T.);
#1287=FACE_BOUND('',#1181,.T.);
#1288=FACE_BOUND('',#1182,.T.);
#1289=FACE_BOUND('',#1183,.T.);
#1290=FACE_BOUND('',#1184,.T.);
#1291=FACE_BOUND('',#1185,.T.);
#1292=FACE_BOUND('',#1186,.T.);
#1293=FACE_BOUND('',#1187,.T.);
#1294=FACE_BOUND('',#1188,.T.);
#1295=FACE_BOUND('',#1189,.T.);
#1296=FACE_BOUND('',#1190,.T.);
#1297=FACE_BOUND('',#1191,.T.);
#1298=FACE_BOUND('',#1192,.T.);
#1299=FACE_BOUND('',#1193,.T.);
#1300=FACE_BOUND('',#20,.T.);
#1301=FACE_BOUND('',#1194,.T.);
#1302=FACE_BOUND('',#1195,.T.);
#1303=FACE_BOUND('',#1196,.T.);
#1304=FACE_BOUND('',#1197,.T.);
#1305=FACE_BOUND('',#1198,.T.);
#1306=FACE_BOUND('',#21,.T.);
#1307=FACE_BOUND('',#1199,.T.);
#1308=FACE_BOUND('',#1200,.T.);
#1309=FACE_BOUND('',#1201,.T.);
#1310=FACE_BOUND('',#1202,.T.);
#1311=FACE_BOUND('',#1203,.T.);
#1312=FACE_BOUND('',#1204,.T.);
#1313=FACE_BOUND('',#1205,.T.);
#1314=FACE_BOUND('',#1206,.T.);
#1315=FACE_BOUND('',#1207,.T.);
#1316=FACE_BOUND('',#1208,.T.);
#1317=FACE_BOUND('',#1209,.T.);
#1318=FACE_BOUND('',#1210,.T.);
#1319=FACE_BOUND('',#1211,.T.);
#1320=FACE_BOUND('',#1212,.T.);
#1321=FACE_BOUND('',#1213,.T.);
#1322=FACE_BOUND('',#1214,.T.);
#1323=FACE_BOUND('',#1215,.T.);
#1324=FACE_BOUND('',#1216,.T.);
#1325=FACE_BOUND('',#1217,.T.);
#1326=FACE_BOUND('',#1218,.T.);
#1327=FACE_BOUND('',#1219,.T.);
#1328=FACE_BOUND('',#1220,.T.);
#1329=FACE_BOUND('',#1221,.T.);
#1330=FACE_BOUND('',#1222,.T.);
#1331=FACE_BOUND('',#1223,.T.);
#1332=FACE_BOUND('',#1224,.T.);
#1333=FACE_BOUND('',#1225,.T.);
#1334=FACE_BOUND('',#1226,.T.);
#1335=FACE_BOUND('',#1227,.T.);
#1336=PLANE('',#1491);
#1337=PLANE('',#1492);
#1338=PLANE('',#1499);
#1339=PLANE('',#1501);
#1340=PLANE('',#1502);
#1341=PLANE('',#1503);
#1342=PLANE('',#1505);
#1343=PLANE('',#1506);
#1344=PLANE('',#1507);
#1345=PLANE('',#1508);
#1346=PLANE('',#1509);
#1347=PLANE('',#1510);
#1348=PLANE('',#1511);
#1349=PLANE('',#1512);
#1350=PLANE('',#1513);
#1351=PLANE('',#1514);
#1352=PLANE('',#1515);
#1353=PLANE('',#1516);
#1354=PLANE('',#1517);
#1355=PLANE('',#1518);
#1356=PLANE('',#1519);
#1357=PLANE('',#1520);
#1358=PLANE('',#1521);
#1359=PLANE('',#1522);
#1360=PLANE('',#1523);
#1361=PLANE('',#1524);
#1362=PLANE('',#1525);
#1363=PLANE('',#1526);
#1364=PLANE('',#1527);
#1365=PLANE('',#1530);
#1366=PLANE('',#1531);
#1367=PLANE('',#1534);
#1368=PLANE('',#1537);
#1369=PLANE('',#1538);
#1370=PLANE('',#1541);
#1371=PLANE('',#1542);
#1372=PLANE('',#1551);
#1373=PLANE('',#1560);
#1374=PLANE('',#1561);
#1375=PLANE('',#1562);
#1376=PLANE('',#1563);
#1377=PLANE('',#1564);
#1378=PLANE('',#1567);
#1379=PLANE('',#1569);
#1380=PLANE('',#1595);
#1381=PLANE('',#1599);
#1382=PLANE('',#1600);
#1383=PLANE('',#1601);
#1384=PLANE('',#1602);
#1385=PLANE('',#1603);
#1386=PLANE('',#1605);
#1387=PLANE('',#1606);
#1388=PLANE('',#1607);
#1389=PLANE('',#1608);
#1390=PLANE('',#1609);
#1391=PLANE('',#1610);
#1392=PLANE('',#1613);
#1393=ADVANCED_FACE('',(#1228),#1336,.T.);
#1394=ADVANCED_FACE('',(#1229),#1337,.F.);
#1395=ADVANCED_FACE('',(#1230,#1231),#82,.T.);
#1396=ADVANCED_FACE('',(#1232,#1233),#83,.T.);
#1397=ADVANCED_FACE('',(#1234),#1338,.T.);
#1398=ADVANCED_FACE('',(#1235),#1339,.F.);
#1399=ADVANCED_FACE('',(#1236),#1340,.F.);
#1400=ADVANCED_FACE('',(#1237),#1341,.T.);
#1401=ADVANCED_FACE('',(#1238),#1342,.F.);
#1402=ADVANCED_FACE('',(#1239),#1343,.F.);
#1403=ADVANCED_FACE('',(#1240),#1344,.F.);
#1404=ADVANCED_FACE('',(#1241),#1345,.F.);
#1405=ADVANCED_FACE('',(#1242),#1346,.F.);
#1406=ADVANCED_FACE('',(#1243),#1347,.F.);
#1407=ADVANCED_FACE('',(#1244),#1348,.F.);
#1408=ADVANCED_FACE('',(#1245),#1349,.F.);
#1409=ADVANCED_FACE('',(#1246),#1350,.F.);
#1410=ADVANCED_FACE('',(#1247),#1351,.F.);
#1411=ADVANCED_FACE('',(#1248),#1352,.F.);
#1412=ADVANCED_FACE('',(#1249),#1353,.F.);
#1413=ADVANCED_FACE('',(#1250),#1354,.F.);
#1414=ADVANCED_FACE('',(#1251),#1355,.F.);
#1415=ADVANCED_FACE('',(#1252),#1356,.F.);
#1416=ADVANCED_FACE('',(#1253),#1357,.F.);
#1417=ADVANCED_FACE('',(#1254),#1358,.F.);
#1418=ADVANCED_FACE('',(#1255),#1359,.F.);
#1419=ADVANCED_FACE('',(#1256),#1360,.F.);
#1420=ADVANCED_FACE('',(#1257),#1361,.T.);
#1421=ADVANCED_FACE('',(#1258),#1362,.T.);
#1422=ADVANCED_FACE('',(#1259),#1363,.F.);
#1423=ADVANCED_FACE('',(#1260),#1364,.T.);
#1424=ADVANCED_FACE('',(#1261),#1365,.F.);
#1425=ADVANCED_FACE('',(#1262),#1366,.F.);
#1426=ADVANCED_FACE('',(#1263),#84,.F.);
#1427=ADVANCED_FACE('',(#1264),#1367,.T.);
#1428=ADVANCED_FACE('',(#1265),#1368,.F.);
#1429=ADVANCED_FACE('',(#1266),#1369,.F.);
#1430=ADVANCED_FACE('',(#1267),#85,.F.);
#1431=ADVANCED_FACE('',(#1268),#1370,.T.);
#1432=ADVANCED_FACE('',(#1269),#1371,.F.);
#1433=ADVANCED_FACE('',(#1270),#34,.T.);
#1434=ADVANCED_FACE('',(#1271,#1272),#30,.T.);
#1435=ADVANCED_FACE('',(#1273,#1274),#22,.T.);
#1436=ADVANCED_FACE('',(#1275,#1276),#86,.T.);
#1437=ADVANCED_FACE('',(#1277),#1372,.F.);
#1438=ADVANCED_FACE('',(#1278),#35,.T.);
#1439=ADVANCED_FACE('',(#1279,#1280),#31,.T.);
#1440=ADVANCED_FACE('',(#1281,#1282),#23,.T.);
#1441=ADVANCED_FACE('',(#1283,#1284),#87,.T.);
#1442=ADVANCED_FACE('',(#1285),#1373,.F.);
#1443=ADVANCED_FACE('',(#1286),#1374,.F.);
#1444=ADVANCED_FACE('',(#1287),#1375,.F.);
#1445=ADVANCED_FACE('',(#1288),#1376,.F.);
#1446=ADVANCED_FACE('',(#1289,#1290,#1291),#1377,.T.);
#1447=ADVANCED_FACE('',(#1292,#1293),#1378,.T.);
#1448=ADVANCED_FACE('',(#1294,#1295),#1379,.T.);
#1449=ADVANCED_FACE('',(#1296,#1297),#24,.F.);
#1450=ADVANCED_FACE('',(#1298,#1299),#88,.F.);
#1451=ADVANCED_FACE('',(#1300,#1301),#25,.F.);
#1452=ADVANCED_FACE('',(#1302,#1303),#26,.F.);
#1453=ADVANCED_FACE('',(#1304,#1305),#89,.F.);
#1454=ADVANCED_FACE('',(#1306,#1307),#27,.F.);
#1455=ADVANCED_FACE('',(#1308,#1309),#32,.T.);
#1456=ADVANCED_FACE('',(#1310),#28,.T.);
#1457=ADVANCED_FACE('',(#1311),#90,.T.);
#1458=ADVANCED_FACE('',(#1312),#36,.T.);
#1459=ADVANCED_FACE('',(#1313,#1314),#33,.T.);
#1460=ADVANCED_FACE('',(#1315),#29,.T.);
#1461=ADVANCED_FACE('',(#1316),#91,.T.);
#1462=ADVANCED_FACE('',(#1317),#37,.T.);
#1463=ADVANCED_FACE('',(#1318),#1380,.F.);
#1464=ADVANCED_FACE('',(#1319),#92,.T.);
#1465=ADVANCED_FACE('',(#1320,#1321),#1381,.F.);
#1466=ADVANCED_FACE('',(#1322),#1382,.F.);
#1467=ADVANCED_FACE('',(#1323),#1383,.F.);
#1468=ADVANCED_FACE('',(#1324),#1384,.F.);
#1469=ADVANCED_FACE('',(#1325,#1326),#1385,.F.);
#1470=ADVANCED_FACE('',(#1327),#1386,.F.);
#1471=ADVANCED_FACE('',(#1328),#1387,.T.);
#1472=ADVANCED_FACE('',(#1329),#1388,.F.);
#1473=ADVANCED_FACE('',(#1330),#1389,.F.);
#1474=ADVANCED_FACE('',(#1331),#1390,.F.);
#1475=ADVANCED_FACE('',(#1332),#1391,.F.);
#1476=ADVANCED_FACE('',(#1333,#1334),#93,.F.);
#1477=ADVANCED_FACE('',(#1335),#1392,.T.);
#1478=CLOSED_SHELL('',(#1393,#1394,#1395,#1396,#1397,#1398,#1399,#1400,
#1401,#1402,#1403,#1404,#1405,#1406,#1407,#1408,#1409,#1410,#1411,#1412,
#1413,#1414,#1415,#1416,#1417,#1418,#1419,#1420,#1421,#1422,#1423,#1424,
#1425,#1426,#1427,#1428,#1429,#1430,#1431,#1432,#1433,#1434,#1435,#1436,
#1437,#1438,#1439,#1440,#1441,#1442,#1443,#1444,#1445,#1446,#1447,#1448,
#1449,#1450,#1451,#1452,#1453,#1454,#1455,#1456,#1457,#1458,#1459,#1460,
#1461,#1462,#1463,#1464,#1465,#1466,#1467,#1468,#1469,#1470,#1471,#1472,
#1473,#1474,#1475,#1476,#1477));
#1479=STYLED_ITEM('',(#1480),#1487);
#1480=PRESENTATION_STYLE_ASSIGNMENT((#1481));
#1481=SURFACE_STYLE_USAGE(.BOTH.,#1482);
#1482=SURFACE_SIDE_STYLE('',(#1483));
#1483=SURFACE_STYLE_FILL_AREA(#1484);
#1484=FILL_AREA_STYLE('',(#1485));
#1485=FILL_AREA_STYLE_COLOUR('',#1486);
#1486=COLOUR_RGB('',0.689999997615814,0.689999997615814,0.689999997615814);
#1487=MANIFOLD_SOLID_BREP('SY5120-5LOZ-01_V2',#1478);
#1488=SHAPE_DEFINITION_REPRESENTATION(#2462,#1489);
#1489=SHAPE_REPRESENTATION('SY5120-5LOZ-01_V2',(#1490),#2457);
#1490=AXIS2_PLACEMENT_3D('',#2014,#1614,#1615);
#1491=AXIS2_PLACEMENT_3D('',#2015,#1616,#1617);
#1492=AXIS2_PLACEMENT_3D('',#2024,#1622,#1623);
#1493=AXIS2_PLACEMENT_3D('',#2033,#1628,#1629);
#1494=AXIS2_PLACEMENT_3D('',#2034,#1630,#1631);
#1495=AXIS2_PLACEMENT_3D('',#2059,#1634,#1635);
#1496=AXIS2_PLACEMENT_3D('',#2060,#1636,#1637);
#1497=AXIS2_PLACEMENT_3D('',#2061,#1638,#1639);
#1498=AXIS2_PLACEMENT_3D('',#2086,#1642,#1643);
#1499=AXIS2_PLACEMENT_3D('',#2087,#1644,#1645);
#1500=AXIS2_PLACEMENT_3D('',#2093,#1648,#1649);
#1501=AXIS2_PLACEMENT_3D('',#2106,#1656,#1657);
#1502=AXIS2_PLACEMENT_3D('',#2118,#1664,#1665);
#1503=AXIS2_PLACEMENT_3D('',#2128,#1671,#1672);
#1504=AXIS2_PLACEMENT_3D('',#2144,#1680,#1681);
#1505=AXIS2_PLACEMENT_3D('',#2155,#1687,#1688);
#1506=AXIS2_PLACEMENT_3D('',#2158,#1691,#1692);
#1507=AXIS2_PLACEMENT_3D('',#2167,#1697,#1698);
#1508=AXIS2_PLACEMENT_3D('',#2177,#1704,#1705);
#1509=AXIS2_PLACEMENT_3D('',#2183,#1709,#1710);
#1510=AXIS2_PLACEMENT_3D('',#2192,#1715,#1716);
#1511=AXIS2_PLACEMENT_3D('',#2202,#1722,#1723);
#1512=AXIS2_PLACEMENT_3D('',#2205,#1726,#1727);
#1513=AXIS2_PLACEMENT_3D('',#2214,#1732,#1733);
#1514=AXIS2_PLACEMENT_3D('',#2220,#1738,#1739);
#1515=AXIS2_PLACEMENT_3D('',#2227,#1744,#1745);
#1516=AXIS2_PLACEMENT_3D('',#2233,#1749,#1750);
#1517=AXIS2_PLACEMENT_3D('',#2237,#1753,#1754);
#1518=AXIS2_PLACEMENT_3D('',#2245,#1759,#1760);
#1519=AXIS2_PLACEMENT_3D('',#2251,#1764,#1765);
#1520=AXIS2_PLACEMENT_3D('',#2256,#1769,#1770);
#1521=AXIS2_PLACEMENT_3D('',#2260,#1773,#1774);
#1522=AXIS2_PLACEMENT_3D('',#2268,#1779,#1780);
#1523=AXIS2_PLACEMENT_3D('',#2274,#1784,#1785);
#1524=AXIS2_PLACEMENT_3D('',#2279,#1789,#1790);
#1525=AXIS2_PLACEMENT_3D('',#2281,#1792,#1793);
#1526=AXIS2_PLACEMENT_3D('',#2283,#1795,#1796);
#1527=AXIS2_PLACEMENT_3D('',#2284,#1797,#1798);
#1528=AXIS2_PLACEMENT_3D('',#2285,#1799,#1800);
#1529=AXIS2_PLACEMENT_3D('',#2288,#1802,#1803);
#1530=AXIS2_PLACEMENT_3D('',#2291,#1805,#1806);
#1531=AXIS2_PLACEMENT_3D('',#2295,#1809,#1810);
#1532=AXIS2_PLACEMENT_3D('',#2297,#1812,#1813);
#1533=AXIS2_PLACEMENT_3D('',#2300,#1815,#1816);
#1534=AXIS2_PLACEMENT_3D('',#2301,#1817,#1818);
#1535=AXIS2_PLACEMENT_3D('',#2302,#1819,#1820);
#1536=AXIS2_PLACEMENT_3D('',#2305,#1822,#1823);
#1537=AXIS2_PLACEMENT_3D('',#2308,#1825,#1826);
#1538=AXIS2_PLACEMENT_3D('',#2310,#1828,#1829);
#1539=AXIS2_PLACEMENT_3D('',#2314,#1832,#1833);
#1540=AXIS2_PLACEMENT_3D('',#2317,#1835,#1836);
#1541=AXIS2_PLACEMENT_3D('',#2318,#1837,#1838);
#1542=AXIS2_PLACEMENT_3D('',#2319,#1839,#1840);
#1543=AXIS2_PLACEMENT_3D('',#2320,#1841,#1842);
#1544=AXIS2_PLACEMENT_3D('',#2321,#1843,#1844);
#1545=AXIS2_PLACEMENT_3D('',#2322,#1845,#1846);
#1546=AXIS2_PLACEMENT_3D('',#2324,#1847,#1848);
#1547=AXIS2_PLACEMENT_3D('',#2325,#1849,#1850);
#1548=AXIS2_PLACEMENT_3D('',#2327,#1851,#1852);
#1549=AXIS2_PLACEMENT_3D('',#2328,#1853,#1854);
#1550=AXIS2_PLACEMENT_3D('',#2330,#1855,#1856);
#1551=AXIS2_PLACEMENT_3D('',#2331,#1857,#1858);
#1552=AXIS2_PLACEMENT_3D('',#2332,#1859,#1860);
#1553=AXIS2_PLACEMENT_3D('',#2333,#1861,#1862);
#1554=AXIS2_PLACEMENT_3D('',#2334,#1863,#1864);
#1555=AXIS2_PLACEMENT_3D('',#2336,#1865,#1866);
#1556=AXIS2_PLACEMENT_3D('',#2337,#1867,#1868);
#1557=AXIS2_PLACEMENT_3D('',#2339,#1869,#1870);
#1558=AXIS2_PLACEMENT_3D('',#2340,#1871,#1872);
#1559=AXIS2_PLACEMENT_3D('',#2342,#1873,#1874);
#1560=AXIS2_PLACEMENT_3D('',#2343,#1875,#1876);
#1561=AXIS2_PLACEMENT_3D('',#2347,#1879,#1880);
#1562=AXIS2_PLACEMENT_3D('',#2349,#1882,#1883);
#1563=AXIS2_PLACEMENT_3D('',#2353,#1886,#1887);
#1564=AXIS2_PLACEMENT_3D('',#2355,#1889,#1890);
#1565=AXIS2_PLACEMENT_3D('',#2356,#1891,#1892);
#1566=AXIS2_PLACEMENT_3D('',#2357,#1893,#1894);
#1567=AXIS2_PLACEMENT_3D('',#2358,#1895,#1896);
#1568=AXIS2_PLACEMENT_3D('',#2359,#1897,#1898);
#1569=AXIS2_PLACEMENT_3D('',#2361,#1899,#1900);
#1570=AXIS2_PLACEMENT_3D('',#2362,#1901,#1902);
#1571=AXIS2_PLACEMENT_3D('',#2364,#1903,#1904);
#1572=AXIS2_PLACEMENT_3D('',#2365,#1905,#1906);
#1573=AXIS2_PLACEMENT_3D('',#2367,#1907,#1908);
#1574=AXIS2_PLACEMENT_3D('',#2368,#1909,#1910);
#1575=AXIS2_PLACEMENT_3D('',#2370,#1911,#1912);
#1576=AXIS2_PLACEMENT_3D('',#2372,#1913,#1914);
#1577=AXIS2_PLACEMENT_3D('',#2373,#1915,#1916);
#1578=AXIS2_PLACEMENT_3D('',#2375,#1917,#1918);
#1579=AXIS2_PLACEMENT_3D('',#2376,#1919,#1920);
#1580=AXIS2_PLACEMENT_3D('',#2378,#1921,#1922);
#1581=AXIS2_PLACEMENT_3D('',#2380,#1923,#1924);
#1582=AXIS2_PLACEMENT_3D('',#2381,#1925,#1926);
#1583=AXIS2_PLACEMENT_3D('',#2383,#1927,#1928);
#1584=AXIS2_PLACEMENT_3D('',#2384,#1929,#1930);
#1585=AXIS2_PLACEMENT_3D('',#2385,#1931,#1932);
#1586=AXIS2_PLACEMENT_3D('',#2386,#1933,#1934);
#1587=AXIS2_PLACEMENT_3D('',#2387,#1935,#1936);
#1588=AXIS2_PLACEMENT_3D('',#2388,#1937,#1938);
#1589=AXIS2_PLACEMENT_3D('',#2389,#1939,#1940);
#1590=AXIS2_PLACEMENT_3D('',#2391,#1941,#1942);
#1591=AXIS2_PLACEMENT_3D('',#2392,#1943,#1944);
#1592=AXIS2_PLACEMENT_3D('',#2393,#1945,#1946);
#1593=AXIS2_PLACEMENT_3D('',#2394,#1947,#1948);
#1594=AXIS2_PLACEMENT_3D('',#2395,#1949,#1950);
#1595=AXIS2_PLACEMENT_3D('',#2396,#1951,#1952);
#1596=AXIS2_PLACEMENT_3D('',#2402,#1956,#1957);
#1597=AXIS2_PLACEMENT_3D('',#2403,#1958,#1959);
#1598=AXIS2_PLACEMENT_3D('',#2408,#1961,#1962);
#1599=AXIS2_PLACEMENT_3D('',#2411,#1964,#1965);
#1600=AXIS2_PLACEMENT_3D('',#2419,#1971,#1972);
#1601=AXIS2_PLACEMENT_3D('',#2425,#1976,#1977);
#1602=AXIS2_PLACEMENT_3D('',#2428,#1980,#1981);
#1603=AXIS2_PLACEMENT_3D('',#2434,#1985,#1986);
#1604=AXIS2_PLACEMENT_3D('',#2435,#1987,#1988);
#1605=AXIS2_PLACEMENT_3D('',#2442,#1992,#1993);
#1606=AXIS2_PLACEMENT_3D('',#2445,#1996,#1997);
#1607=AXIS2_PLACEMENT_3D('',#2446,#1998,#1999);
#1608=AXIS2_PLACEMENT_3D('',#2447,#2000,#2001);
#1609=AXIS2_PLACEMENT_3D('',#2449,#2003,#2004);
#1610=AXIS2_PLACEMENT_3D('',#2451,#2006,#2007);
#1611=AXIS2_PLACEMENT_3D('',#2452,#2008,#2009);
#1612=AXIS2_PLACEMENT_3D('',#2453,#2010,#2011);
#1613=AXIS2_PLACEMENT_3D('',#2455,#2012,#2013);
#1614=DIRECTION('',(0.,0.,1.));
#1615=DIRECTION('',(1.,0.,0.));
#1616=DIRECTION('',(0.,1.,0.));
#1617=DIRECTION('',(0.,0.,1.));
#1618=DIRECTION('',(0.,0.,1.));
#1619=DIRECTION('',(1.,0.,0.));
#1620=DIRECTION('',(0.,0.,1.));
#1621=DIRECTION('',(-1.,0.,0.));
#1622=DIRECTION('',(0.,1.,0.));
#1623=DIRECTION('',(0.,0.,1.));
#1624=DIRECTION('',(0.,0.,1.));
#1625=DIRECTION('',(-1.,0.,0.));
#1626=DIRECTION('',(0.,0.,1.));
#1627=DIRECTION('',(1.,0.,0.));
#1628=DIRECTION('',(0.,-1.,0.));
#1629=DIRECTION('',(0.,0.,-1.));
#1630=DIRECTION('',(0.,1.,0.));
#1631=DIRECTION('',(1.,0.,0.));
#1632=DIRECTION('',(0.,-1.,0.));
#1633=DIRECTION('',(0.,-1.,0.));
#1634=DIRECTION('',(0.,1.,0.));
#1635=DIRECTION('',(1.,0.,0.));
#1636=DIRECTION('',(0.,-1.,0.));
#1637=DIRECTION('',(0.,0.,-1.));
#1638=DIRECTION('',(0.,1.,0.));
#1639=DIRECTION('',(1.,0.,0.));
#1640=DIRECTION('',(0.,-1.,0.));
#1641=DIRECTION('',(0.,-1.,0.));
#1642=DIRECTION('',(0.,1.,0.));
#1643=DIRECTION('',(1.,0.,0.));
#1644=DIRECTION('',(0.,1.,0.));
#1645=DIRECTION('',(0.,0.,1.));
#1646=DIRECTION('',(0.,0.,-1.));
#1647=DIRECTION('',(1.,0.,0.));
#1648=DIRECTION('',(0.,1.,0.));
#1649=DIRECTION('',(1.,0.,0.));
#1650=DIRECTION('',(0.,0.,-1.));
#1651=DIRECTION('',(1.,0.,0.));
#1652=DIRECTION('',(0.,0.,-1.));
#1653=DIRECTION('',(-1.,0.,0.));
#1654=DIRECTION('',(-0.707106781186553,0.,0.707106781186542));
#1655=DIRECTION('',(-1.,0.,0.));
#1656=DIRECTION('',(0.,0.,-1.));
#1657=DIRECTION('',(-1.,0.,0.));
#1658=DIRECTION('',(0.,-1.,0.));
#1659=DIRECTION('',(0.,-1.,0.));
#1660=DIRECTION('',(0.,-1.,0.));
#1661=DIRECTION('',(1.,0.,0.));
#1662=DIRECTION('',(0.,1.,0.));
#1663=DIRECTION('',(1.,0.,0.));
#1664=DIRECTION('',(0.,0.,1.));
#1665=DIRECTION('',(1.,0.,0.));
#1666=DIRECTION('',(0.,-1.,0.));
#1667=DIRECTION('',(-1.,0.,0.));
#1668=DIRECTION('',(0.,1.,0.));
#1669=DIRECTION('',(-1.,0.,0.));
#1670=DIRECTION('',(0.,-1.,0.));
#1671=DIRECTION('',(0.,1.,0.));
#1672=DIRECTION('',(0.,0.,1.));
#1673=DIRECTION('',(1.,0.,0.));
#1674=DIRECTION('',(0.,0.,1.));
#1675=DIRECTION('',(1.,0.,0.));
#1676=DIRECTION('',(0.707106781186548,0.,-0.707106781186547));
#1677=DIRECTION('',(1.,0.,-1.95904116683597E-14));
#1678=DIRECTION('',(0.,0.,1.));
#1679=DIRECTION('',(-1.,0.,-1.73472347597681E-16));
#1680=DIRECTION('',(0.,1.,0.));
#1681=DIRECTION('',(1.,0.,0.));
#1682=DIRECTION('',(0.,0.,1.));
#1683=DIRECTION('',(-1.,0.,0.));
#1684=DIRECTION('',(0.,0.,1.));
#1685=DIRECTION('',(1.,0.,0.));
#1686=DIRECTION('',(0.,0.,-1.));
#1687=DIRECTION('',(0.,1.,0.));
#1688=DIRECTION('',(0.,0.,1.));
#1689=DIRECTION('',(0.,0.,-1.));
#1690=DIRECTION('',(0.,0.,-1.));
#1691=DIRECTION('',(-0.707106781186584,0.,0.707106781186511));
#1692=DIRECTION('',(0.707106781186511,0.,0.707106781186584));
#1693=DIRECTION('',(-0.707106781186511,0.,-0.707106781186584));
#1694=DIRECTION('',(0.,-1.,0.));
#1695=DIRECTION('',(-0.70710678118652,0.,-0.707106781186575));
#1696=DIRECTION('',(0.,-1.,0.));
#1697=DIRECTION('',(0.,0.,1.));
#1698=DIRECTION('',(1.,0.,0.));
#1699=DIRECTION('',(-1.,0.,0.));
#1700=DIRECTION('',(-1.,0.,0.));
#1701=DIRECTION('',(0.,-1.,0.));
#1702=DIRECTION('',(-1.,0.,0.));
#1703=DIRECTION('',(-1.,0.,0.));
#1704=DIRECTION('',(0.707106781186561,0.,0.707106781186534));
#1705=DIRECTION('',(0.707106781186534,0.,-0.707106781186561));
#1706=DIRECTION('',(-0.707106781186534,0.,0.707106781186561));
#1707=DIRECTION('',(-0.707106781186527,0.,0.707106781186568));
#1708=DIRECTION('',(0.,-1.,0.));
#1709=DIRECTION('',(0.707106781186551,0.,-0.707106781186544));
#1710=DIRECTION('',(-0.707106781186544,0.,-0.707106781186551));
#1711=DIRECTION('',(0.707106781186544,0.,0.707106781186551));
#1712=DIRECTION('',(0.,-1.,0.));
#1713=DIRECTION('',(0.707106781186547,0.,0.707106781186547));
#1714=DIRECTION('',(0.,-1.,0.));
#1715=DIRECTION('',(0.,0.,-1.));
#1716=DIRECTION('',(-1.,0.,0.));
#1717=DIRECTION('',(1.,0.,0.));
#1718=DIRECTION('',(1.,0.,0.));
#1719=DIRECTION('',(0.,-1.,0.));
#1720=DIRECTION('',(1.,0.,0.));
#1721=DIRECTION('',(1.,0.,0.));
#1722=DIRECTION('',(-0.707106781186551,0.,-0.707106781186544));
#1723=DIRECTION('',(-0.707106781186544,0.,0.707106781186551));
#1724=DIRECTION('',(0.707106781186544,0.,-0.707106781186551));
#1725=DIRECTION('',(0.707106781186551,0.,-0.707106781186544));
#1726=DIRECTION('',(0.,1.,0.));
#1727=DIRECTION('',(0.,0.,1.));
#1728=DIRECTION('',(-1.,0.,0.));
#1729=DIRECTION('',(0.,0.,1.));
#1730=DIRECTION('',(1.,0.,0.));
#1731=DIRECTION('',(0.,0.,1.));
#1732=DIRECTION('',(0.,0.,1.));
#1733=DIRECTION('',(1.,0.,0.));
#1734=DIRECTION('',(0.,-1.,0.));
#1735=DIRECTION('',(-1.,0.,0.));
#1736=DIRECTION('',(0.,1.,0.));
#1737=DIRECTION('',(0.,-1.,0.));
#1738=DIRECTION('',(1.,0.,0.));
#1739=DIRECTION('',(0.,0.,-1.));
#1740=DIRECTION('',(0.,-1.,0.));
#1741=DIRECTION('',(0.,0.,1.));
#1742=DIRECTION('',(0.,-1.,0.));
#1743=DIRECTION('',(0.,-1.,0.));
#1744=DIRECTION('',(0.,0.,-1.));
#1745=DIRECTION('',(-1.,0.,0.));
#1746=DIRECTION('',(0.,1.,0.));
#1747=DIRECTION('',(1.,0.,0.));
#1748=DIRECTION('',(0.,-1.,0.));
#1749=DIRECTION('',(-0.707106781186547,0.,-0.707106781186548));
#1750=DIRECTION('',(-0.707106781186548,0.,0.707106781186547));
#1751=DIRECTION('',(0.707106781186548,0.,-0.707106781186547));
#1752=DIRECTION('',(0.,-1.,0.));
#1753=DIRECTION('',(-1.95904116683597E-14,0.,-1.));
#1754=DIRECTION('',(-1.,0.,1.95904116683597E-14));
#1755=DIRECTION('',(1.,0.,-1.95904116683597E-14));
#1756=DIRECTION('',(0.,-1.,0.));
#1757=DIRECTION('',(1.,0.,3.21245088143855E-16));
#1758=DIRECTION('',(0.,-1.,0.));
#1759=DIRECTION('',(0.707106781186548,0.,-0.707106781186548));
#1760=DIRECTION('',(-0.707106781186548,0.,-0.707106781186548));
#1761=DIRECTION('',(0.707106781186547,0.,0.707106781186547));
#1762=DIRECTION('',(0.,-1.,0.));
#1763=DIRECTION('',(0.707106781186538,0.,0.707106781186557));
#1764=DIRECTION('',(0.,0.,-1.));
#1765=DIRECTION('',(-1.,0.,0.));
#1766=DIRECTION('',(1.,0.,0.));
#1767=DIRECTION('',(0.,-1.,0.));
#1768=DIRECTION('',(1.,0.,0.));
#1769=DIRECTION('',(0.707106781186542,0.,0.707106781186553));
#1770=DIRECTION('',(0.707106781186553,0.,-0.707106781186542));
#1771=DIRECTION('',(-0.707106781186548,0.,0.707106781186547));
#1772=DIRECTION('',(0.,-1.,0.));
#1773=DIRECTION('',(0.,0.,1.));
#1774=DIRECTION('',(1.,0.,0.));
#1775=DIRECTION('',(-1.,0.,0.));
#1776=DIRECTION('',(0.,-1.,0.));
#1777=DIRECTION('',(-1.,0.,-3.21245088143861E-16));
#1778=DIRECTION('',(0.,-1.,0.));
#1779=DIRECTION('',(-0.707106781186542,0.,0.707106781186553));
#1780=DIRECTION('',(0.707106781186553,0.,0.707106781186542));
#1781=DIRECTION('',(-0.707106781186543,0.,-0.707106781186552));
#1782=DIRECTION('',(0.,-1.,0.));
#1783=DIRECTION('',(-0.707106781186547,0.,-0.707106781186547));
#1784=DIRECTION('',(0.,0.,1.));
#1785=DIRECTION('',(1.,0.,0.));
#1786=DIRECTION('',(-1.,0.,0.));
#1787=DIRECTION('',(0.,-1.,0.));
#1788=DIRECTION('',(-1.,0.,1.16816395688674E-16));
#1789=DIRECTION('',(-1.,0.,0.));
#1790=DIRECTION('',(0.,0.,1.));
#1791=DIRECTION('',(0.,0.,1.));
#1792=DIRECTION('',(1.,0.,0.));
#1793=DIRECTION('',(0.,0.,-1.));
#1794=DIRECTION('',(0.,0.,-1.));
#1795=DIRECTION('',(0.,1.,0.));
#1796=DIRECTION('',(0.,0.,1.));
#1797=DIRECTION('',(0.,1.,0.));
#1798=DIRECTION('',(0.,0.,1.));
#1799=DIRECTION('',(0.,1.,0.));
#1800=DIRECTION('',(0.,0.,1.));
#1801=DIRECTION('',(0.,0.,-1.));
#1802=DIRECTION('',(0.,1.,0.));
#1803=DIRECTION('',(1.,0.,0.));
#1804=DIRECTION('',(0.,0.,1.));
#1805=DIRECTION('',(-1.,0.,0.));
#1806=DIRECTION('',(0.,0.,1.));
#1807=DIRECTION('',(0.,1.,0.));
#1808=DIRECTION('',(-1.02042557410401E-15,0.,-1.));
#1809=DIRECTION('',(1.,0.,0.));
#1810=DIRECTION('',(0.,0.,-1.));
#1811=DIRECTION('',(0.,1.,0.));
#1812=DIRECTION('',(0.,1.,0.));
#1813=DIRECTION('',(0.,0.,1.));
#1814=DIRECTION('',(0.,-1.,0.));
#1815=DIRECTION('',(0.,1.,0.));
#1816=DIRECTION('',(1.,0.,0.));
#1817=DIRECTION('',(0.,1.,0.));
#1818=DIRECTION('',(0.,0.,1.));
#1819=DIRECTION('',(0.,-1.,0.));
#1820=DIRECTION('',(0.,0.,-1.));
#1821=DIRECTION('',(0.,0.,1.));
#1822=DIRECTION('',(0.,1.,0.));
#1823=DIRECTION('',(1.,0.,0.));
#1824=DIRECTION('',(0.,0.,-1.));
#1825=DIRECTION('',(-1.,0.,0.));
#1826=DIRECTION('',(0.,0.,1.));
#1827=DIRECTION('',(0.,1.,0.));
#1828=DIRECTION('',(1.,0.,0.));
#1829=DIRECTION('',(0.,0.,-1.));
#1830=DIRECTION('',(0.,1.,0.));
#1831=DIRECTION('',(1.02042557410394E-15,0.,1.));
#1832=DIRECTION('',(0.,1.,0.));
#1833=DIRECTION('',(0.,0.,1.));
#1834=DIRECTION('',(0.,-1.,0.));
#1835=DIRECTION('',(0.,1.,0.));
#1836=DIRECTION('',(1.,0.,0.));
#1837=DIRECTION('',(1.,0.,0.));
#1838=DIRECTION('',(0.,0.,-1.));
#1839=DIRECTION('',(0.,1.,0.));
#1840=DIRECTION('',(0.,0.,1.));
#1841=DIRECTION('',(0.,-1.,0.));
#1842=DIRECTION('',(0.,0.,-1.));
#1843=DIRECTION('',(0.,-1.,0.));
#1844=DIRECTION('',(1.,0.,0.));
#1845=DIRECTION('',(0.,-1.,0.));
#1846=DIRECTION('',(0.,0.,-1.));
#1847=DIRECTION('',(0.,-1.,0.));
#1848=DIRECTION('',(0.,0.,-1.));
#1849=DIRECTION('',(0.,-1.,0.));
#1850=DIRECTION('',(0.,0.,-1.));
#1851=DIRECTION('',(0.,-1.,0.));
#1852=DIRECTION('',(0.,0.,-1.));
#1853=DIRECTION('',(0.,-1.,0.));
#1854=DIRECTION('',(0.,0.,-1.));
#1855=DIRECTION('',(0.,-1.,0.));
#1856=DIRECTION('',(0.,0.,-1.));
#1857=DIRECTION('',(0.,1.,0.));
#1858=DIRECTION('',(0.,0.,1.));
#1859=DIRECTION('',(0.,-1.,0.));
#1860=DIRECTION('',(0.,0.,-1.));
#1861=DIRECTION('',(0.,-1.,0.));
#1862=DIRECTION('',(1.,0.,0.));
#1863=DIRECTION('',(0.,-1.,0.));
#1864=DIRECTION('',(0.,0.,-1.));
#1865=DIRECTION('',(0.,-1.,0.));
#1866=DIRECTION('',(0.,0.,-1.));
#1867=DIRECTION('',(0.,-1.,0.));
#1868=DIRECTION('',(0.,0.,-1.));
#1869=DIRECTION('',(0.,-1.,0.));
#1870=DIRECTION('',(0.,0.,-1.));
#1871=DIRECTION('',(0.,-1.,0.));
#1872=DIRECTION('',(0.,0.,-1.));
#1873=DIRECTION('',(0.,-1.,0.));
#1874=DIRECTION('',(0.,0.,-1.));
#1875=DIRECTION('',(-1.73472347597681E-16,0.,1.));
#1876=DIRECTION('',(1.,0.,1.73472347597681E-16));
#1877=DIRECTION('',(0.,-1.,0.));
#1878=DIRECTION('',(-1.,0.,-1.73472347597681E-16));
#1879=DIRECTION('',(1.,0.,0.));
#1880=DIRECTION('',(0.,0.,-1.));
#1881=DIRECTION('',(0.,0.,1.));
#1882=DIRECTION('',(0.,0.,-1.));
#1883=DIRECTION('',(-1.,0.,0.));
#1884=DIRECTION('',(0.,-1.,0.));
#1885=DIRECTION('',(1.,0.,0.));
#1886=DIRECTION('',(-1.,0.,0.));
#1887=DIRECTION('',(0.,0.,1.));
#1888=DIRECTION('',(0.,0.,-1.));
#1889=DIRECTION('',(0.,1.,0.));
#1890=DIRECTION('',(0.,0.,1.));
#1891=DIRECTION('',(0.,-1.,0.));
#1892=DIRECTION('',(0.,0.,-1.));
#1893=DIRECTION('',(0.,-1.,0.));
#1894=DIRECTION('',(0.,0.,-1.));
#1895=DIRECTION('',(0.,1.,0.));
#1896=DIRECTION('',(0.,0.,1.));
#1897=DIRECTION('',(-8.12685005727032E-16,-1.,0.));
#1898=DIRECTION('',(1.,-8.12685005727032E-16,0.));
#1899=DIRECTION('',(0.,1.,0.));
#1900=DIRECTION('',(0.,0.,1.));
#1901=DIRECTION('',(1.62537001145406E-16,-1.,0.));
#1902=DIRECTION('',(1.,1.62537001145406E-16,0.));
#1903=DIRECTION('',(8.12685005727032E-16,1.,0.));
#1904=DIRECTION('',(-1.,8.12685005727032E-16,0.));
#1905=DIRECTION('',(-8.12685005727032E-16,-1.,0.));
#1906=DIRECTION('',(1.,-8.12685005727032E-16,0.));
#1907=DIRECTION('',(-8.12685005727032E-16,-1.,0.));
#1908=DIRECTION('',(1.,-8.12685005727032E-16,0.));
#1909=DIRECTION('',(-8.12685005727032E-16,-1.,0.));
#1910=DIRECTION('',(1.,-8.12685005727032E-16,0.));
#1911=DIRECTION('',(8.12685005727032E-16,1.,0.));
#1912=DIRECTION('',(-1.,8.12685005727032E-16,0.));
#1913=DIRECTION('',(-1.62537001145406E-16,1.,0.));
#1914=DIRECTION('',(-1.,-1.62537001145406E-16,0.));
#1915=DIRECTION('',(1.62537001145406E-16,-1.,0.));
#1916=DIRECTION('',(1.,1.62537001145406E-16,0.));
#1917=DIRECTION('',(1.62537001145406E-16,-1.,0.));
#1918=DIRECTION('',(1.,1.62537001145406E-16,0.));
#1919=DIRECTION('',(1.62537001145406E-16,-1.,0.));
#1920=DIRECTION('',(1.,1.62537001145406E-16,0.));
#1921=DIRECTION('',(-1.62537001145406E-16,1.,0.));
#1922=DIRECTION('',(-1.,-1.62537001145406E-16,0.));
#1923=DIRECTION('',(0.,-1.,0.));
#1924=DIRECTION('',(0.,0.,-1.));
#1925=DIRECTION('',(0.,-1.,0.));
#1926=DIRECTION('',(0.,0.,-1.));
#1927=DIRECTION('',(0.,-1.,0.));
#1928=DIRECTION('',(0.,0.,-1.));
#1929=DIRECTION('',(0.,-1.,0.));
#1930=DIRECTION('',(0.,0.,-1.));
#1931=DIRECTION('',(0.,-1.,0.));
#1932=DIRECTION('',(0.,0.,-1.));
#1933=DIRECTION('',(0.,-1.,0.));
#1934=DIRECTION('',(0.,0.,-1.));
#1935=DIRECTION('',(0.,-1.,0.));
#1936=DIRECTION('',(1.,0.,0.));
#1937=DIRECTION('',(0.,-1.,0.));
#1938=DIRECTION('',(0.,0.,-1.));
#1939=DIRECTION('',(0.,-1.,0.));
#1940=DIRECTION('',(0.,0.,-1.));
#1941=DIRECTION('',(0.,-1.,0.));
#1942=DIRECTION('',(0.,0.,-1.));
#1943=DIRECTION('',(0.,-1.,0.));
#1944=DIRECTION('',(0.,0.,-1.));
#1945=DIRECTION('',(0.,-1.,0.));
#1946=DIRECTION('',(0.,0.,-1.));
#1947=DIRECTION('',(0.,-1.,0.));
#1948=DIRECTION('',(0.,0.,-1.));
#1949=DIRECTION('',(0.,-1.,0.));
#1950=DIRECTION('',(1.,0.,0.));
#1951=DIRECTION('',(-1.96235687327693E-17,1.,0.));
#1952=DIRECTION('',(-1.,-1.96235687327693E-17,0.));
#1953=DIRECTION('',(1.,1.96235687327693E-17,0.));
#1954=DIRECTION('',(1.,1.96235687327693E-17,0.));
#1955=DIRECTION('',(0.,0.,-1.));
#1956=DIRECTION('',(0.,0.,-1.));
#1957=DIRECTION('',(-1.,0.,0.));
#1958=DIRECTION('',(0.,0.,1.));
#1959=DIRECTION('',(1.,0.,0.));
#1960=DIRECTION('',(0.,0.,-1.));
#1961=DIRECTION('',(0.,0.,1.));
#1962=DIRECTION('',(1.,0.,0.));
#1963=DIRECTION('',(0.,0.,-1.));
#1964=DIRECTION('',(1.,0.,0.));
#1965=DIRECTION('',(0.,0.,-1.));
#1966=DIRECTION('',(0.,-1.,0.));
#1967=DIRECTION('',(0.,1.,0.));
#1968=DIRECTION('',(0.,-1.,0.));
#1969=DIRECTION('',(0.,0.,-1.));
#1970=DIRECTION('',(0.,-1.,0.));
#1971=DIRECTION('',(0.,1.,0.));
#1972=DIRECTION('',(0.,0.,1.));
#1973=DIRECTION('',(1.,0.,0.));
#1974=DIRECTION('',(0.,0.,-1.));
#1975=DIRECTION('',(1.,0.,0.));
#1976=DIRECTION('',(1.,0.,0.));
#1977=DIRECTION('',(0.,0.,-1.));
#1978=DIRECTION('',(0.,-1.,0.));
#1979=DIRECTION('',(0.,-1.,0.));
#1980=DIRECTION('',(-0.965925826289068,-0.25881904510252,0.));
#1981=DIRECTION('',(0.25881904510252,-0.965925826289069,0.));
#1982=DIRECTION('',(-0.25881904510252,0.965925826289068,0.));
#1983=DIRECTION('',(0.,0.,-1.));
#1984=DIRECTION('',(-0.25881904510252,0.965925826289068,0.));
#1985=DIRECTION('',(0.,-1.,0.));
#1986=DIRECTION('',(0.,0.,-1.));
#1987=DIRECTION('',(0.,1.,0.));
#1988=DIRECTION('',(1.,0.,0.));
#1989=DIRECTION('',(-1.,0.,0.));
#1990=DIRECTION('',(0.,0.,-1.));
#1991=DIRECTION('',(-1.,0.,0.));
#1992=DIRECTION('',(0.173648177666931,-0.984807753012208,0.));
#1993=DIRECTION('',(0.984807753012208,0.173648177666931,0.));
#1994=DIRECTION('',(-0.984807753012208,-0.173648177666931,0.));
#1995=DIRECTION('',(-0.984807753012208,-0.173648177666931,0.));
#1996=DIRECTION('',(0.,0.,1.));
#1997=DIRECTION('',(1.,0.,0.));
#1998=DIRECTION('',(0.,0.,1.));
#1999=DIRECTION('',(1.,0.,0.));
#2000=DIRECTION('',(0.,0.,-1.));
#2001=DIRECTION('',(-1.,0.,0.));
#2002=DIRECTION('',(0.,-1.,0.));
#2003=DIRECTION('',(0.,0.,1.));
#2004=DIRECTION('',(1.,0.,0.));
#2005=DIRECTION('',(0.,-1.,0.));
#2006=DIRECTION('',(1.,0.,0.));
#2007=DIRECTION('',(0.,0.,-1.));
#2008=DIRECTION('',(0.,1.,0.));
#2009=DIRECTION('',(0.,0.,1.));
#2010=DIRECTION('',(0.,1.,0.));
#2011=DIRECTION('',(1.,0.,0.));
#2012=DIRECTION('',(0.,1.,0.));
#2013=DIRECTION('',(0.,0.,1.));
#2014=CARTESIAN_POINT('',(0.,0.,0.));
#2015=CARTESIAN_POINT('',(0.,15.95,0.));
#2016=CARTESIAN_POINT('',(-58.5,15.95,-4.14));
#2017=CARTESIAN_POINT('',(-58.5,15.95,-4.14));
#2018=CARTESIAN_POINT('',(-58.5,15.95,4.14));
#2019=CARTESIAN_POINT('',(-58.5,15.95,4.14));
#2020=CARTESIAN_POINT('',(-53.7,15.95,4.14));
#2021=CARTESIAN_POINT('',(-53.7,15.95,5.));
#2022=CARTESIAN_POINT('',(-53.7,15.95,-4.14));
#2023=CARTESIAN_POINT('',(-52.5,15.95,-4.14));
#2024=CARTESIAN_POINT('',(0.,10.15,0.));
#2025=CARTESIAN_POINT('',(-58.5,10.15,3.5));
#2026=CARTESIAN_POINT('',(-58.5,10.15,-4.14));
#2027=CARTESIAN_POINT('',(-58.5,10.15,4.14));
#2028=CARTESIAN_POINT('',(-52.5,10.15,-4.14));
#2029=CARTESIAN_POINT('',(-53.7,10.15,-4.14));
#2030=CARTESIAN_POINT('',(-53.7,10.15,5.));
#2031=CARTESIAN_POINT('',(-53.7,10.15,4.14));
#2032=CARTESIAN_POINT('',(-58.5,10.15,4.14));
#2033=CARTESIAN_POINT('',(8.1,32.5,0.));
#2034=CARTESIAN_POINT('',(8.1,32.5,0.));
#2035=CARTESIAN_POINT('',(15.5,32.5,0.));
#2036=CARTESIAN_POINT('',(15.4991300847531,30.15,-0.113463601660493));
#2037=CARTESIAN_POINT('',(15.4991300847531,30.5,-0.113463601660493));
#2038=CARTESIAN_POINT('',(15.4991300847531,29.8,-0.113463601660492));
#2039=CARTESIAN_POINT('',(15.4965428784305,31.3472488828782,-0.226171279211551));
#2040=CARTESIAN_POINT('',(15.4977228147998,31.0649690557469,-0.187583488664586));
#2041=CARTESIAN_POINT('',(15.4985683903005,30.7825422981314,-0.15009253166061));
#2042=CARTESIAN_POINT('',(15.4991300847531,30.5,-0.113463601660355));
#2043=CARTESIAN_POINT('',(15.4965428784304,31.3472488828782,-0.226171279211727));
#2044=CARTESIAN_POINT('',(15.4965428784304,31.3472488828782,-0.226171279211726));
#2045=CARTESIAN_POINT('',(15.4953765346096,31.6262769225652,-0.264314548823279));
#2046=CARTESIAN_POINT('',(15.48018277957,32.0498581020311,-0.713437902849127));
#2047=CARTESIAN_POINT('',(15.3540275330059,32.1364267396088,-1.54361054044069));
#2048=CARTESIAN_POINT('',(15.1316153202671,32.0502380261041,-2.35207592040682));
#2049=CARTESIAN_POINT('',(14.9624016401852,31.6261148257591,-2.7692775784774));
#2050=CARTESIAN_POINT('',(14.947947134287,31.3472488828782,-2.8045712766856));
#2051=CARTESIAN_POINT('',(14.947947134287,31.3472488828782,-2.8045712766856));
#2052=CARTESIAN_POINT('',(14.904426649764,30.5,-2.90856974610924));
#2053=CARTESIAN_POINT('',(14.9188253420982,30.7825422981314,-2.87488485821145));
#2054=CARTESIAN_POINT('',(14.9333156759452,31.0649690557469,-2.84029704128118));
#2055=CARTESIAN_POINT('',(14.947947134287,31.3472488828782,-2.80457127668578));
#2056=CARTESIAN_POINT('',(14.904426649764,30.5,-2.9085697461091));
#2057=CARTESIAN_POINT('',(14.904426649764,30.15,-2.9085697461091));
#2058=CARTESIAN_POINT('',(14.904426649764,29.8,-2.9085697461091));
#2059=CARTESIAN_POINT('',(8.1,29.8,0.));
#2060=CARTESIAN_POINT('',(-8.1,32.5,0.));
#2061=CARTESIAN_POINT('',(-8.1,32.5,0.));
#2062=CARTESIAN_POINT('',(-0.699999999999999,32.5,0.));
#2063=CARTESIAN_POINT('',(-15.4991300847531,30.15,0.113463601660492));
#2064=CARTESIAN_POINT('',(-15.4991300847531,30.5,0.11346360166049));
#2065=CARTESIAN_POINT('',(-15.4991300847531,29.8,0.11346360166049));
#2066=CARTESIAN_POINT('',(-15.4965428784305,31.3472488828782,0.22617127921155));
#2067=CARTESIAN_POINT('',(-15.4977228147998,31.0649690557469,0.187583488664584));
#2068=CARTESIAN_POINT('',(-15.4985683903005,30.7825422981314,0.150092531660608));
#2069=CARTESIAN_POINT('',(-15.4991300847531,30.5,0.113463601660353));
#2070=CARTESIAN_POINT('',(-15.4965428784304,31.3472488828782,0.226171279211728));
#2071=CARTESIAN_POINT('',(-15.4965428784304,31.3472488828782,0.226171279211727));
#2072=CARTESIAN_POINT('',(-15.4953765346096,31.6262769225652,0.264314548823288));
#2073=CARTESIAN_POINT('',(-15.48018277957,32.0498581020311,0.713437902849128));
#2074=CARTESIAN_POINT('',(-15.3540275330059,32.1364267396087,1.54361054044069));
#2075=CARTESIAN_POINT('',(-15.1316153202671,32.0502380261041,2.35207592040681));
#2076=CARTESIAN_POINT('',(-14.9624016401852,31.6261148257591,2.76927757847739));
#2077=CARTESIAN_POINT('',(-14.947947134287,31.3472488828782,2.8045712766856));
#2078=CARTESIAN_POINT('',(-14.947947134287,31.3472488828782,2.8045712766856));
#2079=CARTESIAN_POINT('',(-14.904426649764,30.5,2.90856974610925));
#2080=CARTESIAN_POINT('',(-14.9188253420982,30.7825422981314,2.87488485821146));
#2081=CARTESIAN_POINT('',(-14.9333156759452,31.0649690557469,2.84029704128118));
#2082=CARTESIAN_POINT('',(-14.947947134287,31.3472488828782,2.80457127668578));
#2083=CARTESIAN_POINT('',(-14.904426649764,30.5,2.9085697461091));
#2084=CARTESIAN_POINT('',(-14.904426649764,30.15,2.90856974610911));
#2085=CARTESIAN_POINT('',(-14.904426649764,29.8,2.90856974610911));
#2086=CARTESIAN_POINT('',(-8.1,29.8,0.));
#2087=CARTESIAN_POINT('',(0.,23.,0.));
#2088=CARTESIAN_POINT('',(20.5,23.,2.9));
#2089=CARTESIAN_POINT('',(20.5,23.,2.9));
#2090=CARTESIAN_POINT('',(20.5,23.,-7.));
#2091=CARTESIAN_POINT('',(18.,23.,2.9));
#2092=CARTESIAN_POINT('',(18.,23.,2.9));
#2093=CARTESIAN_POINT('',(18.,23.,5.8));
#2094=CARTESIAN_POINT('',(20.9,23.,5.8));
#2095=CARTESIAN_POINT('',(20.9,23.,0.));
#2096=CARTESIAN_POINT('',(20.9000000000001,23.,7.5));
#2097=CARTESIAN_POINT('',(20.9000000000001,23.,7.5));
#2098=CARTESIAN_POINT('',(32.3,23.,7.5));
#2099=CARTESIAN_POINT('',(32.3,23.,7.5));
#2100=CARTESIAN_POINT('',(32.3,23.,-7.5));
#2101=CARTESIAN_POINT('',(36.,23.,-7.5));
#2102=CARTESIAN_POINT('',(21.3999999999999,23.,-7.5));
#2103=CARTESIAN_POINT('',(21.3999999999999,23.,-7.5));
#2104=CARTESIAN_POINT('',(20.8999999999999,23.,-7.));
#2105=CARTESIAN_POINT('',(20.8999999999999,23.,-7.));
#2106=CARTESIAN_POINT('',(20.9000000000001,23.,7.5));
#2107=CARTESIAN_POINT('',(32.3,23.,7.5));
#2108=CARTESIAN_POINT('',(32.3,0.,7.5));
#2109=CARTESIAN_POINT('',(20.9000000000001,23.,7.5));
#2110=CARTESIAN_POINT('',(20.9,20.5,7.5));
#2111=CARTESIAN_POINT('',(20.9000000000001,23.,7.5));
#2112=CARTESIAN_POINT('',(20.9000000000001,-0.5,7.5));
#2113=CARTESIAN_POINT('',(20.9000000000001,-0.5,7.5));
#2114=CARTESIAN_POINT('',(23.3,-0.5,7.5));
#2115=CARTESIAN_POINT('',(23.3,-0.5,7.5));
#2116=CARTESIAN_POINT('',(23.3,0.,7.5));
#2117=CARTESIAN_POINT('',(20.9000000000001,0.,7.5));
#2118=CARTESIAN_POINT('',(36.,23.,-7.5));
#2119=CARTESIAN_POINT('',(32.3,23.,-7.5));
#2120=CARTESIAN_POINT('',(32.3,0.,-7.5));
#2121=CARTESIAN_POINT('',(36.,0.,-7.5));
#2122=CARTESIAN_POINT('',(23.3,0.,-7.5));
#2123=CARTESIAN_POINT('',(23.3,-0.5,-7.5));
#2124=CARTESIAN_POINT('',(23.3,-0.5,-7.5));
#2125=CARTESIAN_POINT('',(23.3,-0.5,-7.5));
#2126=CARTESIAN_POINT('',(21.3999999999999,-0.5,-7.5));
#2127=CARTESIAN_POINT('',(21.3999999999999,23.,-7.5));
#2128=CARTESIAN_POINT('',(0.,23.,0.));
#2129=CARTESIAN_POINT('',(0.,23.,5.));
#2130=CARTESIAN_POINT('',(-36.,23.,5.));
#2131=CARTESIAN_POINT('',(-25.8,23.,5.));
#2132=CARTESIAN_POINT('',(-36.,23.,-7.5));
#2133=CARTESIAN_POINT('',(-36.,23.,7.5));
#2134=CARTESIAN_POINT('',(-36.,23.,7.5));
#2135=CARTESIAN_POINT('',(-21.4,23.,7.5));
#2136=CARTESIAN_POINT('',(-21.4,23.,7.5));
#2137=CARTESIAN_POINT('',(-20.9,23.,7.));
#2138=CARTESIAN_POINT('',(-20.9,23.,7.));
#2139=CARTESIAN_POINT('',(-20.5,23.,7.00000000000011));
#2140=CARTESIAN_POINT('',(-20.5,23.,-2.9));
#2141=CARTESIAN_POINT('',(-20.5,23.,-2.9));
#2142=CARTESIAN_POINT('',(-18.,23.,-2.9));
#2143=CARTESIAN_POINT('',(-18.,23.,-2.9));
#2144=CARTESIAN_POINT('',(-18.,23.,-5.79999994039536));
#2145=CARTESIAN_POINT('',(-20.9,23.,-5.8));
#2146=CARTESIAN_POINT('',(-20.9,23.,0.));
#2147=CARTESIAN_POINT('',(-20.9,23.,-7.5));
#2148=CARTESIAN_POINT('',(-20.9000000000001,23.,-7.5));
#2149=CARTESIAN_POINT('',(-36.,23.,-7.5));
#2150=CARTESIAN_POINT('',(-36.,23.,-7.5));
#2151=CARTESIAN_POINT('',(-36.,23.,-5.));
#2152=CARTESIAN_POINT('',(0.,23.,-5.));
#2153=CARTESIAN_POINT('',(-25.8,23.,-5.));
#2154=CARTESIAN_POINT('',(-25.8,23.,5.));
#2155=CARTESIAN_POINT('',(0.,0.,0.));
#2156=CARTESIAN_POINT('',(32.3,0.,7.5));
#2157=CARTESIAN_POINT('',(23.3,0.,7.5));
#2158=CARTESIAN_POINT('',(-15.0999999999999,23.,-7.5));
#2159=CARTESIAN_POINT('',(-15.0999999999999,20.5,-7.5));
#2160=CARTESIAN_POINT('',(-15.1,20.5,-7.50000000000006));
#2161=CARTESIAN_POINT('',(-15.8999999999999,20.5,-8.3));
#2162=CARTESIAN_POINT('',(-15.0999999999999,23.,-7.5));
#2163=CARTESIAN_POINT('',(-15.0999999999999,-0.5,-7.5));
#2164=CARTESIAN_POINT('',(-15.0999999999999,-0.5,-7.5));
#2165=CARTESIAN_POINT('',(-15.8999999999999,-0.5,-8.3));
#2166=CARTESIAN_POINT('',(-15.8999999999999,23.,-8.3));
#2167=CARTESIAN_POINT('',(-15.8999999999999,23.,-8.3));
#2168=CARTESIAN_POINT('',(-15.8999999999999,20.5,-8.3));
#2169=CARTESIAN_POINT('',(-16.854356076261,20.5,-8.3));
#2170=CARTESIAN_POINT('',(-15.8999999999999,-0.5,-8.3));
#2171=CARTESIAN_POINT('',(-20.1000000000001,-0.5,-8.3));
#2172=CARTESIAN_POINT('',(-20.1000000000001,23.,-8.3));
#2173=CARTESIAN_POINT('',(-20.1000000000001,20.5,-8.3));
#2174=CARTESIAN_POINT('',(-15.8999999999999,20.5,-8.3));
#2175=CARTESIAN_POINT('',(-19.145643923739,20.5,-8.3));
#2176=CARTESIAN_POINT('',(-15.8999999999999,20.5,-8.3));
#2177=CARTESIAN_POINT('',(-20.1000000000001,23.,-8.3));
#2178=CARTESIAN_POINT('',(-20.1000000000001,20.5,-8.3));
#2179=CARTESIAN_POINT('',(-20.9,20.5,-7.50000000000011));
#2180=CARTESIAN_POINT('',(-20.1000000000001,-0.5,-8.3));
#2181=CARTESIAN_POINT('',(-20.9000000000001,-0.5,-7.5));
#2182=CARTESIAN_POINT('',(-20.9000000000001,23.,-7.5));
#2183=CARTESIAN_POINT('',(15.0999999999999,23.,7.5));
#2184=CARTESIAN_POINT('',(15.0999999999999,20.5,7.5));
#2185=CARTESIAN_POINT('',(15.1,20.5,7.50000000000008));
#2186=CARTESIAN_POINT('',(15.9,20.5,8.30000000000007));
#2187=CARTESIAN_POINT('',(15.0999999999999,23.,7.5));
#2188=CARTESIAN_POINT('',(15.0999999999999,-0.5,7.5));
#2189=CARTESIAN_POINT('',(15.0999999999999,-0.5,7.5));
#2190=CARTESIAN_POINT('',(15.9,-0.5,8.30000000000007));
#2191=CARTESIAN_POINT('',(15.9,23.,8.30000000000007));
#2192=CARTESIAN_POINT('',(15.9,23.,8.30000000000007));
#2193=CARTESIAN_POINT('',(15.9,20.5,8.30000000000007));
#2194=CARTESIAN_POINT('',(16.8543560762612,20.5,8.30000000000007));
#2195=CARTESIAN_POINT('',(15.9,-0.5,8.30000000000007));
#2196=CARTESIAN_POINT('',(20.1,-0.5,8.30000000000007));
#2197=CARTESIAN_POINT('',(20.1,23.,8.30000000000007));
#2198=CARTESIAN_POINT('',(20.1,20.5,8.30000000000007));
#2199=CARTESIAN_POINT('',(15.9,20.5,8.30000000000007));
#2200=CARTESIAN_POINT('',(19.1456439237388,20.5,8.30000000000007));
#2201=CARTESIAN_POINT('',(15.9,20.5,8.30000000000007));
#2202=CARTESIAN_POINT('',(20.1,23.,8.30000000000007));
#2203=CARTESIAN_POINT('',(20.1,20.5,8.30000000000007));
#2204=CARTESIAN_POINT('',(20.1,-0.5,8.30000000000007));
#2205=CARTESIAN_POINT('',(0.,0.,0.));
#2206=CARTESIAN_POINT('',(-20.9000000000001,0.,-7.5));
#2207=CARTESIAN_POINT('',(-23.3,0.,-7.5));
#2208=CARTESIAN_POINT('',(-36.,0.,-7.5));
#2209=CARTESIAN_POINT('',(-23.3,0.,-7.5));
#2210=CARTESIAN_POINT('',(-23.3,0.,7.5));
#2211=CARTESIAN_POINT('',(-36.,0.,7.5));
#2212=CARTESIAN_POINT('',(-36.,0.,7.5));
#2213=CARTESIAN_POINT('',(-36.,0.,-7.5));
#2214=CARTESIAN_POINT('',(-20.9000000000001,23.,-7.5));
#2215=CARTESIAN_POINT('',(-20.9000000000001,23.,-7.5));
#2216=CARTESIAN_POINT('',(-20.9000000000001,-0.5,-7.5));
#2217=CARTESIAN_POINT('',(-23.3,-0.5,-7.5));
#2218=CARTESIAN_POINT('',(-23.3,-0.5,-7.5));
#2219=CARTESIAN_POINT('',(-36.,23.,-7.5));
#2220=CARTESIAN_POINT('',(-36.,23.,-7.5));
#2221=CARTESIAN_POINT('',(-36.,23.,5.));
#2222=CARTESIAN_POINT('',(-36.,1.1,5.));
#2223=CARTESIAN_POINT('',(-36.,1.1,-7.5));
#2224=CARTESIAN_POINT('',(-36.,1.1,-5.));
#2225=CARTESIAN_POINT('',(-36.,23.,-5.));
#2226=CARTESIAN_POINT('',(-36.,23.,7.5));
#2227=CARTESIAN_POINT('',(-36.,23.,7.5));
#2228=CARTESIAN_POINT('',(-23.3,-0.5,7.5));
#2229=CARTESIAN_POINT('',(-23.3,-0.5,7.5));
#2230=CARTESIAN_POINT('',(-23.3,-0.5,7.5));
#2231=CARTESIAN_POINT('',(-21.4,-0.5,7.5));
#2232=CARTESIAN_POINT('',(-21.4,23.,7.5));
#2233=CARTESIAN_POINT('',(-21.4,23.,7.5));
#2234=CARTESIAN_POINT('',(-21.4,-0.5,7.5));
#2235=CARTESIAN_POINT('',(-20.9,-0.5,7.));
#2236=CARTESIAN_POINT('',(-20.9,23.,7.));
#2237=CARTESIAN_POINT('',(-20.9,23.,7.));
#2238=CARTESIAN_POINT('',(-20.9,-0.5,7.));
#2239=CARTESIAN_POINT('',(-15.1000000000003,-0.5,6.99999999999989));
#2240=CARTESIAN_POINT('',(-15.1000000000003,23.,6.99999999999989));
#2241=CARTESIAN_POINT('',(-15.1,29.8,7.00000000000011));
#2242=CARTESIAN_POINT('',(-20.5,29.8,7.00000000000011));
#2243=CARTESIAN_POINT('',(-20.5,29.8,7.00000000000011));
#2244=CARTESIAN_POINT('',(-20.5,29.8,7.00000000000011));
#2245=CARTESIAN_POINT('',(-15.1000000000003,23.,6.99999999999989));
#2246=CARTESIAN_POINT('',(-15.1000000000003,-0.5,6.99999999999989));
#2247=CARTESIAN_POINT('',(-14.6000000000001,-0.5,7.5));
#2248=CARTESIAN_POINT('',(-14.6000000000001,23.,7.5));
#2249=CARTESIAN_POINT('',(-14.6000000000002,29.8,7.5));
#2250=CARTESIAN_POINT('',(-15.1,29.8,7.00000000000011));
#2251=CARTESIAN_POINT('',(-14.6000000000001,23.,7.5));
#2252=CARTESIAN_POINT('',(-14.6000000000001,-0.5,7.5));
#2253=CARTESIAN_POINT('',(15.0999999999999,23.,7.5));
#2254=CARTESIAN_POINT('',(15.1,29.8,7.5));
#2255=CARTESIAN_POINT('',(-14.6000000000002,29.8,7.5));
#2256=CARTESIAN_POINT('',(21.3999999999999,23.,-7.5));
#2257=CARTESIAN_POINT('',(21.3999999999999,-0.5,-7.5));
#2258=CARTESIAN_POINT('',(20.8999999999999,-0.5,-7.));
#2259=CARTESIAN_POINT('',(20.8999999999999,23.,-7.));
#2260=CARTESIAN_POINT('',(20.8999999999999,23.,-7.));
#2261=CARTESIAN_POINT('',(20.8999999999999,-0.5,-7.));
#2262=CARTESIAN_POINT('',(15.1000000000003,-0.5,-7.));
#2263=CARTESIAN_POINT('',(15.1000000000003,23.,-7.));
#2264=CARTESIAN_POINT('',(15.1000000000001,29.8,-7.));
#2265=CARTESIAN_POINT('',(20.5,29.8,-7.));
#2266=CARTESIAN_POINT('',(20.5,29.8,-7.));
#2267=CARTESIAN_POINT('',(20.5,29.8,-7.));
#2268=CARTESIAN_POINT('',(15.1000000000003,23.,-7.));
#2269=CARTESIAN_POINT('',(15.1000000000003,-0.5,-7.));
#2270=CARTESIAN_POINT('',(14.6000000000003,-0.5,-7.5));
#2271=CARTESIAN_POINT('',(14.6000000000002,23.,-7.5));
#2272=CARTESIAN_POINT('',(14.6,29.8,-7.50000000000011));
#2273=CARTESIAN_POINT('',(15.1000000000001,29.8,-7.));
#2274=CARTESIAN_POINT('',(14.6000000000002,23.,-7.5));
#2275=CARTESIAN_POINT('',(14.6000000000003,-0.5,-7.5));
#2276=CARTESIAN_POINT('',(-15.0999999999999,23.,-7.5));
#2277=CARTESIAN_POINT('',(-15.1,29.8,-7.50000000000011));
#2278=CARTESIAN_POINT('',(14.6,29.8,-7.50000000000011));
#2279=CARTESIAN_POINT('',(-23.3,-0.5,-7.5));
#2280=CARTESIAN_POINT('',(-23.3,-0.5,-7.5));
#2281=CARTESIAN_POINT('',(23.3,-0.5,7.5));
#2282=CARTESIAN_POINT('',(23.3,-0.5,7.5));
#2283=CARTESIAN_POINT('',(0.,-0.5,0.));
#2284=CARTESIAN_POINT('',(18.,20.5,5.8));
#2285=CARTESIAN_POINT('',(18.,20.5,5.8));
#2286=CARTESIAN_POINT('',(20.9,20.5,10.));
#2287=CARTESIAN_POINT('',(20.9,20.5,5.8));
#2288=CARTESIAN_POINT('',(18.,20.5,5.8));
#2289=CARTESIAN_POINT('',(15.1,20.5,5.8));
#2290=CARTESIAN_POINT('',(15.1,20.5,5.8));
#2291=CARTESIAN_POINT('',(15.1,20.5,5.8));
#2292=CARTESIAN_POINT('',(15.1,20.5,5.8));
#2293=CARTESIAN_POINT('',(15.1,29.8,5.80000000000001));
#2294=CARTESIAN_POINT('',(15.1,29.8,7.5));
#2295=CARTESIAN_POINT('',(20.9,20.5,10.));
#2296=CARTESIAN_POINT('',(20.9,20.5,5.8));
#2297=CARTESIAN_POINT('',(18.,20.5,5.8));
#2298=CARTESIAN_POINT('',(18.,29.8,2.9));
#2299=CARTESIAN_POINT('',(18.,29.8,2.9));
#2300=CARTESIAN_POINT('',(18.,29.8,5.8));
#2301=CARTESIAN_POINT('',(-18.,20.5,-5.79999994039536));
#2302=CARTESIAN_POINT('',(-18.,20.5,-5.8));
#2303=CARTESIAN_POINT('',(-20.9,20.5,-10.));
#2304=CARTESIAN_POINT('',(-20.9,20.5,-5.8));
#2305=CARTESIAN_POINT('',(-18.,20.5,-5.79999994039536));
#2306=CARTESIAN_POINT('',(-15.1,20.5,-5.8));
#2307=CARTESIAN_POINT('',(-15.1,20.5,-5.8));
#2308=CARTESIAN_POINT('',(-20.9,20.5,-10.));
#2309=CARTESIAN_POINT('',(-20.9,20.5,-5.8));
#2310=CARTESIAN_POINT('',(-15.1,20.5,-5.8));
#2311=CARTESIAN_POINT('',(-15.1,20.5,-5.8));
#2312=CARTESIAN_POINT('',(-15.1,29.8,-5.8));
#2313=CARTESIAN_POINT('',(-15.1,29.8,-7.50000000000011));
#2314=CARTESIAN_POINT('',(-18.,20.5,-5.79999994039536));
#2315=CARTESIAN_POINT('',(-18.,29.8,-2.9));
#2316=CARTESIAN_POINT('',(-18.,29.8,-2.9));
#2317=CARTESIAN_POINT('',(-18.,29.8,-5.8));
#2318=CARTESIAN_POINT('',(32.3,23.,7.5));
#2319=CARTESIAN_POINT('',(20.75,20.5,5.8));
#2320=CARTESIAN_POINT('',(18.,20.5,5.8));
#2321=CARTESIAN_POINT('',(17.9999999999998,16.2,5.8));
#2322=CARTESIAN_POINT('',(18.,22.9201086634856,5.8));
#2323=CARTESIAN_POINT('',(18.,22.9201086634856,3.84037259895));
#2324=CARTESIAN_POINT('',(18.,21.9600931401305,5.8));
#2325=CARTESIAN_POINT('',(18.,22.0472488828782,5.8));
#2326=CARTESIAN_POINT('',(18.,22.0472488828782,3.12412467243683));
#2327=CARTESIAN_POINT('',(18.,22.0472488828782,5.8));
#2328=CARTESIAN_POINT('',(18.,21.2000000000002,5.8));
#2329=CARTESIAN_POINT('',(18.,21.2000000000002,3.05));
#2330=CARTESIAN_POINT('',(18.,20.5,5.8));
#2331=CARTESIAN_POINT('',(-15.25,20.5,-5.8));
#2332=CARTESIAN_POINT('',(-18.,20.5,-5.8));
#2333=CARTESIAN_POINT('',(-18.0000000000002,16.2000000000001,-5.8));
#2334=CARTESIAN_POINT('',(-18.,22.9201086634856,-5.8));
#2335=CARTESIAN_POINT('',(-18.,22.9201086634856,-7.75962740105));
#2336=CARTESIAN_POINT('',(-18.,21.9600931401305,-5.8));
#2337=CARTESIAN_POINT('',(-18.,22.0472488828782,-5.8));
#2338=CARTESIAN_POINT('',(-18.,22.0472488828782,-8.47587532756318));
#2339=CARTESIAN_POINT('',(-18.,22.0472488828782,-5.8));
#2340=CARTESIAN_POINT('',(-18.,21.2000000000002,-5.8));
#2341=CARTESIAN_POINT('',(-18.,21.2000000000002,-8.55));
#2342=CARTESIAN_POINT('',(-18.,20.5,-5.8));
#2343=CARTESIAN_POINT('',(-18.,29.8,-2.9));
#2344=CARTESIAN_POINT('',(-20.5,29.8,-2.9));
#2345=CARTESIAN_POINT('',(-20.5,29.8,-2.9));
#2346=CARTESIAN_POINT('',(-18.,29.8,-2.9));
#2347=CARTESIAN_POINT('',(-20.5,29.8,-2.9));
#2348=CARTESIAN_POINT('',(-20.5,29.8,-2.9));
#2349=CARTESIAN_POINT('',(18.,29.8,2.9));
#2350=CARTESIAN_POINT('',(20.5,29.8,2.9));
#2351=CARTESIAN_POINT('',(20.5,29.8,2.9));
#2352=CARTESIAN_POINT('',(18.,29.8,2.9));
#2353=CARTESIAN_POINT('',(20.5,29.8,2.9));
#2354=CARTESIAN_POINT('',(20.5,29.8,2.9));
#2355=CARTESIAN_POINT('',(18.,29.8,5.8));
#2356=CARTESIAN_POINT('',(-17.5,29.8,2.));
#2357=CARTESIAN_POINT('',(17.5,29.8,-2.));
#2358=CARTESIAN_POINT('',(8.1,32.5,0.));
#2359=CARTESIAN_POINT('',(8.10000000000001,32.5,0.));
#2360=CARTESIAN_POINT('',(12.964,32.5,0.));
#2361=CARTESIAN_POINT('',(-8.1,32.5,0.));
#2362=CARTESIAN_POINT('',(-8.1,32.5,0.));
#2363=CARTESIAN_POINT('',(-3.236,32.5,0.));
#2364=CARTESIAN_POINT('',(8.10000000000001,32.5,0.));
#2365=CARTESIAN_POINT('',(8.10000000000001,31.919,0.));
#2366=CARTESIAN_POINT('',(12.383,31.919,0.));
#2367=CARTESIAN_POINT('',(8.1,21.8272087970608,0.));
#2368=CARTESIAN_POINT('',(8.1,24.3,0.));
#2369=CARTESIAN_POINT('',(12.383,24.3,0.));
#2370=CARTESIAN_POINT('',(8.1,24.3,0.));
#2371=CARTESIAN_POINT('',(8.1,21.8272087970608,0.));
#2372=CARTESIAN_POINT('',(-8.1,32.5,0.));
#2373=CARTESIAN_POINT('',(-8.1,31.919,0.));
#2374=CARTESIAN_POINT('',(-3.81699999999999,31.919,0.));
#2375=CARTESIAN_POINT('',(-8.1,21.8272087970608,0.));
#2376=CARTESIAN_POINT('',(-8.1,24.3,0.));
#2377=CARTESIAN_POINT('',(-3.817,24.3,0.));
#2378=CARTESIAN_POINT('',(-8.1,24.3,0.));
#2379=CARTESIAN_POINT('',(-8.1,21.8272087970608,0.));
#2380=CARTESIAN_POINT('',(-17.5,31.2600931401305,2.));
#2381=CARTESIAN_POINT('',(-17.5,32.2201086634856,2.));
#2382=CARTESIAN_POINT('',(-17.5,32.2201086634856,0.0403725989500166));
#2383=CARTESIAN_POINT('',(-17.5,31.3472488828782,2.));
#2384=CARTESIAN_POINT('',(-17.5,31.3472488828782,2.));
#2385=CARTESIAN_POINT('',(-17.5,30.5,2.));
#2386=CARTESIAN_POINT('',(-17.5,29.8,2.));
#2387=CARTESIAN_POINT('',(-17.4999999999999,25.5000000000006,2.));
#2388=CARTESIAN_POINT('',(17.5,31.2600931401305,-2.));
#2389=CARTESIAN_POINT('',(17.5,32.2201086634856,-2.));
#2390=CARTESIAN_POINT('',(17.5,32.2201086634856,-3.95962740104998));
#2391=CARTESIAN_POINT('',(17.5,31.3472488828782,-2.));
#2392=CARTESIAN_POINT('',(17.5,31.3472488828782,-2.));
#2393=CARTESIAN_POINT('',(17.5,30.5,-2.));
#2394=CARTESIAN_POINT('',(17.5,29.8,-2.));
#2395=CARTESIAN_POINT('',(17.5000000000001,25.5000000000007,-2.));
#2396=CARTESIAN_POINT('',(-47.9,1.1,5.));
#2397=CARTESIAN_POINT('',(-47.9,1.1,-5.));
#2398=CARTESIAN_POINT('',(-47.9,1.1,-5.));
#2399=CARTESIAN_POINT('',(-47.9,1.1,5.));
#2400=CARTESIAN_POINT('',(-47.9,1.1,5.));
#2401=CARTESIAN_POINT('',(-47.9,1.1,5.));
#2402=CARTESIAN_POINT('',(-52.7,26.1676730884302,5.));
#2403=CARTESIAN_POINT('',(-52.7,26.1676730884302,-5.));
#2404=CARTESIAN_POINT('',(-52.8736481776669,27.1524808414424,-5.));
#2405=CARTESIAN_POINT('',(-53.7,26.1676730884302,-5.));
#2406=CARTESIAN_POINT('',(-53.7,26.1676730884302,5.));
#2407=CARTESIAN_POINT('',(-53.7,26.1676730884302,5.));
#2408=CARTESIAN_POINT('',(-52.7,26.1676730884302,5.));
#2409=CARTESIAN_POINT('',(-52.8736481776669,27.1524808414424,5.));
#2410=CARTESIAN_POINT('',(-52.8736481776669,27.1524808414424,5.));
#2411=CARTESIAN_POINT('',(-53.7,26.1676730884302,5.));
#2412=CARTESIAN_POINT('',(-53.7,26.1676730884302,-4.14));
#2413=CARTESIAN_POINT('',(-53.7,26.1676730884302,4.14));
#2414=CARTESIAN_POINT('',(-53.7,26.1676730884302,-5.));
#2415=CARTESIAN_POINT('',(-53.7,8.65000000000004,-5.));
#2416=CARTESIAN_POINT('',(-53.7,8.65000000000004,5.));
#2417=CARTESIAN_POINT('',(-53.7,8.65000000000004,5.));
#2418=CARTESIAN_POINT('',(-53.7,26.1676730884302,5.));
#2419=CARTESIAN_POINT('',(-53.7,8.65000000000003,5.));
#2420=CARTESIAN_POINT('',(-53.7,8.65000000000003,-5.));
#2421=CARTESIAN_POINT('',(-47.9,8.65000000000003,-5.));
#2422=CARTESIAN_POINT('',(-47.9,8.65000000000003,5.));
#2423=CARTESIAN_POINT('',(-47.9,8.65000000000003,5.));
#2424=CARTESIAN_POINT('',(-53.7,8.65000000000003,5.));
#2425=CARTESIAN_POINT('',(-47.9,8.65000000000003,5.));
#2426=CARTESIAN_POINT('',(-47.9,8.65000000000003,-5.));
#2427=CARTESIAN_POINT('',(-47.9,8.65000000000003,5.));
#2428=CARTESIAN_POINT('',(-25.8,23.,5.));
#2429=CARTESIAN_POINT('',(-25.8,23.,-5.));
#2430=CARTESIAN_POINT('',(-27.1665408813987,28.1,-5.));
#2431=CARTESIAN_POINT('',(-27.1665408813987,28.1,5.));
#2432=CARTESIAN_POINT('',(-27.1665408813987,28.1,5.));
#2433=CARTESIAN_POINT('',(-25.8,23.,5.));
#2434=CARTESIAN_POINT('',(-27.1665408813987,28.1,5.));
#2435=CARTESIAN_POINT('',(-31.4,28.1,0.));
#2436=CARTESIAN_POINT('',(-29.325,28.1,0.));
#2437=CARTESIAN_POINT('',(-27.1665408813987,28.1,-5.));
#2438=CARTESIAN_POINT('',(-47.5,28.1,-5.));
#2439=CARTESIAN_POINT('',(-47.5,28.1,5.));
#2440=CARTESIAN_POINT('',(-47.5,28.1,5.));
#2441=CARTESIAN_POINT('',(-27.1665408813987,28.1,5.));
#2442=CARTESIAN_POINT('',(-47.5,28.1,5.));
#2443=CARTESIAN_POINT('',(-47.5,28.1,-5.));
#2444=CARTESIAN_POINT('',(-47.5,28.1,5.));
#2445=CARTESIAN_POINT('',(-52.7,26.1676730884302,5.));
#2446=CARTESIAN_POINT('',(-52.7,26.1676730884302,-5.));
#2447=CARTESIAN_POINT('',(-58.5,15.95,4.14));
#2448=CARTESIAN_POINT('',(-58.5,15.95,4.14));
#2449=CARTESIAN_POINT('',(-52.5,15.95,-4.14));
#2450=CARTESIAN_POINT('',(-58.5,15.95,-4.14));
#2451=CARTESIAN_POINT('',(-58.5,15.95,3.5));
#2452=CARTESIAN_POINT('',(-31.4,28.,0.));
#2453=CARTESIAN_POINT('',(-31.4,28.,0.));
#2454=CARTESIAN_POINT('',(-29.325,28.,0.));
#2455=CARTESIAN_POINT('',(-31.4,28.,0.));
#2456=MECHANICAL_DESIGN_GEOMETRIC_PRESENTATION_REPRESENTATION('',(#1479),
#2457);
#2457=(
GEOMETRIC_REPRESENTATION_CONTEXT(3)
GLOBAL_UNCERTAINTY_ASSIGNED_CONTEXT((#2458))
GLOBAL_UNIT_ASSIGNED_CONTEXT((#2461,#2460,#2459))
REPRESENTATION_CONTEXT('SY5120-5LOZ-01_V2','TOP_LEVEL_ASSEMBLY_PART')
);
#2458=UNCERTAINTY_MEASURE_WITH_UNIT(LENGTH_MEASURE(1.E-5),#2461,
'DISTANCE_ACCURACY_VALUE','Maximum Tolerance applied to model');
#2459=(
NAMED_UNIT(*)
SI_UNIT($,.STERADIAN.)
SOLID_ANGLE_UNIT()
);
#2460=(
NAMED_UNIT(*)
PLANE_ANGLE_UNIT()
SI_UNIT($,.RADIAN.)
);
#2461=(
LENGTH_UNIT()
NAMED_UNIT(*)
SI_UNIT(.MILLI.,.METRE.)
);
#2462=PRODUCT_DEFINITION_SHAPE('','',#2463);
#2463=PRODUCT_DEFINITION('','',#2465,#2464);
#2464=PRODUCT_DEFINITION_CONTEXT('',#2471,'design');
#2465=PRODUCT_DEFINITION_FORMATION_WITH_SPECIFIED_SOURCE('','',#2467,
 .NOT_KNOWN.);
#2466=PRODUCT_RELATED_PRODUCT_CATEGORY('','',(#2467));
#2467=PRODUCT('SY5120-5LOZ-01_V2','SY5120-5LOZ-01_V2',
'SY5120-5LOZ-01_V2',(#2469));
#2468=PRODUCT_CATEGORY('','');
#2469=PRODUCT_CONTEXT('',#2471,'mechanical');
#2470=APPLICATION_PROTOCOL_DEFINITION('international standard',
'automotive_design',2010,#2471);
#2471=APPLICATION_CONTEXT(
'core data for automotive mechanical design processes');
ENDSEC;
END-ISO-10303-21;
