ISO-10303-21;
HEADER;
/* Generated by software containing ST-Developer
 * from STEP Tools, Inc. (www.steptools.com) 
 */
/* OPTION: using custom renumber hook */

FILE_DESCRIPTION(
/* description */ ('STEP AP214'),
/* implementation_level */ '2;1');

FILE_NAME(
/* name */ 'MHF2-16D2(64_0_)',
/* time_stamp */ '2026-09-03T13:37:08+02:00',
/* author */ ('License CC BY-ND 4.0'),
/* organization */ ('CADENAS'),
/* preprocessor_version */ 'ST-DEVELOPER v20',
/* originating_system */ 'PARTsolutions',
/* authorisation */ '  ');

FILE_SCHEMA (('AUTOMOTIVE_DESIGN {1 0 10303 214 3 1 1}'));
ENDSEC;

DATA;
#10=PROPERTY_DEFINITION_REPRESENTATION(#14,#12);
#11=PROPERTY_DEFINITION_REPRESENTATION(#15,#13);
#12=REPRESENTATION('',(#16),#3935);
#13=REPRESENTATION('',(#17),#3935);
#14=PROPERTY_DEFINITION('pmi validation property','',#3944);
#15=PROPERTY_DEFINITION('pmi validation property','',#3944);
#16=VALUE_REPRESENTATION_ITEM('number of annotations',COUNT_MEASURE(0.));
#17=VALUE_REPRESENTATION_ITEM('number of views',COUNT_MEASURE(0.));
#18=CONTEXT_DEPENDENT_SHAPE_REPRESENTATION(#24,#3946);
#19=CONTEXT_DEPENDENT_SHAPE_REPRESENTATION(#25,#3948);
#20=CONTEXT_DEPENDENT_SHAPE_REPRESENTATION(#26,#3949);
#21=NEXT_ASSEMBLY_USAGE_OCCURRENCE('NAUO1','MHF2-16D2(0)_BODY_X',
'MHF2-16D2(0)_BODY_X',#3950,#3951,'');
#22=NEXT_ASSEMBLY_USAGE_OCCURRENCE('NAUO2','MHF2-16D2(0)_FINGER',
'MHF2-16D2(0)_FINGER',#3950,#3952,'');
#23=NEXT_ASSEMBLY_USAGE_OCCURRENCE('NAUO3','MHF2-16D2(0)_FINGER',
'MHF2-16D2(0)_FINGER',#3950,#3952,'');
#24=(
REPRESENTATION_RELATIONSHIP(' ',' ',#2352,#2351)
REPRESENTATION_RELATIONSHIP_WITH_TRANSFORMATION(#27)
SHAPE_REPRESENTATION_RELATIONSHIP()
);
#25=(
REPRESENTATION_RELATIONSHIP(' ',' ',#2353,#2351)
REPRESENTATION_RELATIONSHIP_WITH_TRANSFORMATION(#28)
SHAPE_REPRESENTATION_RELATIONSHIP()
);
#26=(
REPRESENTATION_RELATIONSHIP(' ',' ',#2353,#2351)
REPRESENTATION_RELATIONSHIP_WITH_TRANSFORMATION(#29)
SHAPE_REPRESENTATION_RELATIONSHIP()
);
#27=ITEM_DEFINED_TRANSFORMATION(' ',' ',#2354,#2542);
#28=ITEM_DEFINED_TRANSFORMATION(' ',' ',#2354,#2603);
#29=ITEM_DEFINED_TRANSFORMATION(' ',' ',#2354,#2604);
#30=SHAPE_REPRESENTATION_RELATIONSHIP('','',#2352,#32);
#31=SHAPE_REPRESENTATION_RELATIONSHIP('','',#2353,#33);
#32=ADVANCED_BREP_SHAPE_REPRESENTATION('',(#2346),#3936);
#33=ADVANCED_BREP_SHAPE_REPRESENTATION('',(#2347),#3937);
#34=CONICAL_SURFACE('',#2410,2.50000000000011,0.785398163397456);
#35=CONICAL_SURFACE('',#2421,2.50000000000011,0.785398163397456);
#36=CONICAL_SURFACE('',#2432,2.50000000000011,0.785398163397456);
#37=CONICAL_SURFACE('',#2443,2.50000000000011,0.785398163397456);
#38=CONICAL_SURFACE('',#2464,2.5,0.785398163397444);
#39=CONICAL_SURFACE('',#2469,2.5,0.785398163397444);
#40=CONICAL_SURFACE('',#2478,2.06699999999999,0.78539816339746);
#41=CONICAL_SURFACE('',#2483,2.06699999999999,0.78539816339746);
#42=CONICAL_SURFACE('',#2484,2.5,0.785398163397444);
#43=CONICAL_SURFACE('',#2489,2.5,0.785398163397444);
#44=CONICAL_SURFACE('',#2494,2.5,0.785398163397444);
#45=CONICAL_SURFACE('',#2499,2.5,0.785398163397444);
#46=CONICAL_SURFACE('',#2526,2.5,0.785398163397444);
#47=CONICAL_SURFACE('',#2531,2.5,0.785398163397444);
#48=CONICAL_SURFACE('',#2581,1.621,0.785398163397448);
#49=CONICAL_SURFACE('',#2586,1.621,0.785398163397448);
#50=CONICAL_SURFACE('',#2591,1.621,0.785398163397448);
#51=CONICAL_SURFACE('',#2596,1.621,0.785398163397448);
#52=CYLINDRICAL_SURFACE('',#2382,2.);
#53=CYLINDRICAL_SURFACE('',#2401,2.);
#54=CYLINDRICAL_SURFACE('',#2412,2.06700000000009);
#55=CYLINDRICAL_SURFACE('',#2416,2.15000000000003);
#56=CYLINDRICAL_SURFACE('',#2420,3.75000000000002);
#57=CYLINDRICAL_SURFACE('',#2423,2.06700000000009);
#58=CYLINDRICAL_SURFACE('',#2427,2.15000000000003);
#59=CYLINDRICAL_SURFACE('',#2431,3.75000000000002);
#60=CYLINDRICAL_SURFACE('',#2434,2.06700000000009);
#61=CYLINDRICAL_SURFACE('',#2438,2.15000000000003);
#62=CYLINDRICAL_SURFACE('',#2442,3.75000000000002);
#63=CYLINDRICAL_SURFACE('',#2445,2.06700000000009);
#64=CYLINDRICAL_SURFACE('',#2449,2.15000000000003);
#65=CYLINDRICAL_SURFACE('',#2453,3.75000000000002);
#66=CYLINDRICAL_SURFACE('',#2455,2.);
#67=CYLINDRICAL_SURFACE('',#2458,2.);
#68=CYLINDRICAL_SURFACE('',#2461,2.);
#69=CYLINDRICAL_SURFACE('',#2466,2.067);
#70=CYLINDRICAL_SURFACE('',#2471,2.067);
#71=CYLINDRICAL_SURFACE('',#2476,2.06699999999999);
#72=CYLINDRICAL_SURFACE('',#2481,2.06699999999999);
#73=CYLINDRICAL_SURFACE('',#2486,2.067);
#74=CYLINDRICAL_SURFACE('',#2491,2.067);
#75=CYLINDRICAL_SURFACE('',#2496,2.067);
#76=CYLINDRICAL_SURFACE('',#2501,2.067);
#77=CYLINDRICAL_SURFACE('',#2510,4.4);
#78=CYLINDRICAL_SURFACE('',#2513,8.5);
#79=CYLINDRICAL_SURFACE('',#2518,4.4);
#80=CYLINDRICAL_SURFACE('',#2521,8.5);
#81=CYLINDRICAL_SURFACE('',#2528,2.067);
#82=CYLINDRICAL_SURFACE('',#2533,2.067);
#83=CYLINDRICAL_SURFACE('',#2536,8.5);
#84=CYLINDRICAL_SURFACE('',#2539,8.5);
#85=CYLINDRICAL_SURFACE('',#2579,1.621);
#86=CYLINDRICAL_SURFACE('',#2584,1.621);
#87=CYLINDRICAL_SURFACE('',#2589,1.621);
#88=CYLINDRICAL_SURFACE('',#2594,1.621);
#89=CYLINDRICAL_SURFACE('',#2597,1.5);
#90=CYLINDRICAL_SURFACE('',#2600,4.);
#91=CIRCLE('',#2361,2.5);
#92=CIRCLE('',#2362,2.5);
#93=CIRCLE('',#2364,2.5);
#94=CIRCLE('',#2365,2.5);
#95=CIRCLE('',#2369,3.75);
#96=CIRCLE('',#2370,3.75);
#97=CIRCLE('',#2371,3.75);
#98=CIRCLE('',#2372,3.75);
#99=CIRCLE('',#2376,2.5);
#100=CIRCLE('',#2377,2.5);
#101=CIRCLE('',#2379,2.5);
#102=CIRCLE('',#2380,2.5);
#103=CIRCLE('',#2383,2.);
#104=CIRCLE('',#2384,2.);
#105=CIRCLE('',#2390,2.);
#106=CIRCLE('',#2391,2.);
#107=CIRCLE('',#2392,2.);
#108=CIRCLE('',#2393,2.50000000000011);
#109=CIRCLE('',#2394,2.50000000000011);
#110=CIRCLE('',#2395,2.50000000000011);
#111=CIRCLE('',#2396,2.50000000000011);
#112=CIRCLE('',#2402,2.);
#113=CIRCLE('',#2403,2.);
#114=CIRCLE('',#2405,8.5);
#115=CIRCLE('',#2406,8.5);
#116=CIRCLE('',#2408,8.5);
#117=CIRCLE('',#2409,8.5);
#118=CIRCLE('',#2411,2.06700000000011);
#119=CIRCLE('',#2413,2.06700000000006);
#120=CIRCLE('',#2415,2.15000000000004);
#121=CIRCLE('',#2417,2.15000000000001);
#122=CIRCLE('',#2419,3.75000000000004);
#123=CIRCLE('',#2422,2.06700000000011);
#124=CIRCLE('',#2424,2.06700000000006);
#125=CIRCLE('',#2426,2.15000000000004);
#126=CIRCLE('',#2428,2.15000000000001);
#127=CIRCLE('',#2430,3.75000000000004);
#128=CIRCLE('',#2433,2.06700000000011);
#129=CIRCLE('',#2435,2.06700000000006);
#130=CIRCLE('',#2437,2.15000000000004);
#131=CIRCLE('',#2439,2.15000000000001);
#132=CIRCLE('',#2441,3.75000000000004);
#133=CIRCLE('',#2444,2.06700000000011);
#134=CIRCLE('',#2446,2.06700000000006);
#135=CIRCLE('',#2448,2.15000000000004);
#136=CIRCLE('',#2450,2.15000000000001);
#137=CIRCLE('',#2452,3.75000000000004);
#138=CIRCLE('',#2456,2.);
#139=CIRCLE('',#2459,2.);
#140=CIRCLE('',#2462,2.);
#141=CIRCLE('',#2465,2.067);
#142=CIRCLE('',#2467,2.067);
#143=CIRCLE('',#2470,2.067);
#144=CIRCLE('',#2472,2.067);
#145=CIRCLE('',#2475,2.06699999999999);
#146=CIRCLE('',#2477,2.06699999999999);
#147=CIRCLE('',#2480,2.06699999999999);
#148=CIRCLE('',#2482,2.06699999999999);
#149=CIRCLE('',#2485,2.067);
#150=CIRCLE('',#2487,2.067);
#151=CIRCLE('',#2490,2.067);
#152=CIRCLE('',#2492,2.067);
#153=CIRCLE('',#2495,2.067);
#154=CIRCLE('',#2497,2.067);
#155=CIRCLE('',#2500,2.067);
#156=CIRCLE('',#2502,2.067);
#157=CIRCLE('',#2511,4.4);
#158=CIRCLE('',#2512,4.4);
#159=CIRCLE('',#2514,8.5);
#160=CIRCLE('',#2517,2.5);
#161=CIRCLE('',#2519,4.4);
#162=CIRCLE('',#2520,4.4);
#163=CIRCLE('',#2522,8.5);
#164=CIRCLE('',#2525,2.5);
#165=CIRCLE('',#2527,2.067);
#166=CIRCLE('',#2529,2.067);
#167=CIRCLE('',#2532,2.067);
#168=CIRCLE('',#2534,2.067);
#169=CIRCLE('',#2537,8.5);
#170=CIRCLE('',#2540,8.5);
#171=CIRCLE('',#2547,2.);
#172=CIRCLE('',#2548,2.);
#173=CIRCLE('',#2552,2.);
#174=CIRCLE('',#2553,2.);
#175=CIRCLE('',#2559,4.);
#176=CIRCLE('',#2560,1.5);
#177=CIRCLE('',#2562,4.);
#178=CIRCLE('',#2578,1.621);
#179=CIRCLE('',#2580,1.621);
#180=CIRCLE('',#2583,1.621);
#181=CIRCLE('',#2585,1.621);
#182=CIRCLE('',#2588,1.621);
#183=CIRCLE('',#2590,1.621);
#184=CIRCLE('',#2593,1.621);
#185=CIRCLE('',#2595,1.621);
#186=CIRCLE('',#2598,1.5);
#187=ORIENTED_EDGE('',*,*,#741,.T.);
#188=ORIENTED_EDGE('',*,*,#742,.F.);
#189=ORIENTED_EDGE('',*,*,#743,.F.);
#190=ORIENTED_EDGE('',*,*,#744,.T.);
#191=ORIENTED_EDGE('',*,*,#745,.T.);
#192=ORIENTED_EDGE('',*,*,#746,.T.);
#193=ORIENTED_EDGE('',*,*,#747,.T.);
#194=ORIENTED_EDGE('',*,*,#748,.F.);
#195=ORIENTED_EDGE('',*,*,#749,.T.);
#196=ORIENTED_EDGE('',*,*,#750,.F.);
#197=ORIENTED_EDGE('',*,*,#751,.F.);
#198=ORIENTED_EDGE('',*,*,#752,.T.);
#199=ORIENTED_EDGE('',*,*,#753,.T.);
#200=ORIENTED_EDGE('',*,*,#754,.T.);
#201=ORIENTED_EDGE('',*,*,#755,.T.);
#202=ORIENTED_EDGE('',*,*,#756,.F.);
#203=ORIENTED_EDGE('',*,*,#757,.T.);
#204=ORIENTED_EDGE('',*,*,#758,.F.);
#205=ORIENTED_EDGE('',*,*,#759,.F.);
#206=ORIENTED_EDGE('',*,*,#760,.T.);
#207=ORIENTED_EDGE('',*,*,#761,.F.);
#208=ORIENTED_EDGE('',*,*,#762,.F.);
#209=ORIENTED_EDGE('',*,*,#763,.T.);
#210=ORIENTED_EDGE('',*,*,#764,.F.);
#211=ORIENTED_EDGE('',*,*,#765,.F.);
#212=ORIENTED_EDGE('',*,*,#758,.T.);
#213=ORIENTED_EDGE('',*,*,#766,.T.);
#214=ORIENTED_EDGE('',*,*,#767,.T.);
#215=ORIENTED_EDGE('',*,*,#768,.T.);
#216=ORIENTED_EDGE('',*,*,#769,.F.);
#217=ORIENTED_EDGE('',*,*,#770,.F.);
#218=ORIENTED_EDGE('',*,*,#764,.T.);
#219=ORIENTED_EDGE('',*,*,#771,.T.);
#220=ORIENTED_EDGE('',*,*,#754,.F.);
#221=ORIENTED_EDGE('',*,*,#772,.F.);
#222=ORIENTED_EDGE('',*,*,#773,.T.);
#223=ORIENTED_EDGE('',*,*,#774,.T.);
#224=ORIENTED_EDGE('',*,*,#752,.F.);
#225=ORIENTED_EDGE('',*,*,#775,.F.);
#226=ORIENTED_EDGE('',*,*,#769,.T.);
#227=ORIENTED_EDGE('',*,*,#776,.T.);
#228=ORIENTED_EDGE('',*,*,#777,.F.);
#229=ORIENTED_EDGE('',*,*,#778,.F.);
#230=ORIENTED_EDGE('',*,*,#750,.T.);
#231=ORIENTED_EDGE('',*,*,#779,.F.);
#232=ORIENTED_EDGE('',*,*,#780,.T.);
#233=ORIENTED_EDGE('',*,*,#781,.T.);
#234=ORIENTED_EDGE('',*,*,#756,.T.);
#235=ORIENTED_EDGE('',*,*,#782,.F.);
#236=ORIENTED_EDGE('',*,*,#783,.F.);
#237=ORIENTED_EDGE('',*,*,#784,.F.);
#238=ORIENTED_EDGE('',*,*,#785,.F.);
#239=ORIENTED_EDGE('',*,*,#786,.T.);
#240=ORIENTED_EDGE('',*,*,#787,.F.);
#241=ORIENTED_EDGE('',*,*,#788,.F.);
#242=ORIENTED_EDGE('',*,*,#777,.T.);
#243=ORIENTED_EDGE('',*,*,#789,.T.);
#244=ORIENTED_EDGE('',*,*,#746,.F.);
#245=ORIENTED_EDGE('',*,*,#790,.F.);
#246=ORIENTED_EDGE('',*,*,#791,.T.);
#247=ORIENTED_EDGE('',*,*,#792,.T.);
#248=ORIENTED_EDGE('',*,*,#744,.F.);
#249=ORIENTED_EDGE('',*,*,#793,.F.);
#250=ORIENTED_EDGE('',*,*,#787,.T.);
#251=ORIENTED_EDGE('',*,*,#794,.T.);
#252=ORIENTED_EDGE('',*,*,#795,.F.);
#253=ORIENTED_EDGE('',*,*,#796,.F.);
#254=ORIENTED_EDGE('',*,*,#742,.T.);
#255=ORIENTED_EDGE('',*,*,#797,.F.);
#256=ORIENTED_EDGE('',*,*,#798,.T.);
#257=ORIENTED_EDGE('',*,*,#799,.T.);
#258=ORIENTED_EDGE('',*,*,#748,.T.);
#259=ORIENTED_EDGE('',*,*,#800,.T.);
#260=ORIENTED_EDGE('',*,*,#801,.T.);
#261=ORIENTED_EDGE('',*,*,#802,.T.);
#262=ORIENTED_EDGE('',*,*,#803,.F.);
#263=ORIENTED_EDGE('',*,*,#804,.F.);
#264=ORIENTED_EDGE('',*,*,#795,.T.);
#265=ORIENTED_EDGE('',*,*,#805,.T.);
#266=ORIENTED_EDGE('',*,*,#806,.T.);
#267=ORIENTED_EDGE('',*,*,#807,.T.);
#268=ORIENTED_EDGE('',*,*,#808,.F.);
#269=ORIENTED_EDGE('',*,*,#809,.F.);
#270=ORIENTED_EDGE('',*,*,#803,.T.);
#271=ORIENTED_EDGE('',*,*,#810,.T.);
#272=ORIENTED_EDGE('',*,*,#811,.F.);
#273=ORIENTED_EDGE('',*,*,#812,.F.);
#274=ORIENTED_EDGE('',*,*,#808,.T.);
#275=ORIENTED_EDGE('',*,*,#813,.F.);
#276=ORIENTED_EDGE('',*,*,#814,.F.);
#277=ORIENTED_EDGE('',*,*,#815,.T.);
#278=ORIENTED_EDGE('',*,*,#811,.T.);
#279=ORIENTED_EDGE('',*,*,#816,.T.);
#280=ORIENTED_EDGE('',*,*,#817,.F.);
#281=ORIENTED_EDGE('',*,*,#818,.F.);
#282=ORIENTED_EDGE('',*,*,#814,.T.);
#283=ORIENTED_EDGE('',*,*,#819,.T.);
#284=ORIENTED_EDGE('',*,*,#820,.F.);
#285=ORIENTED_EDGE('',*,*,#821,.F.);
#286=ORIENTED_EDGE('',*,*,#817,.T.);
#287=ORIENTED_EDGE('',*,*,#822,.T.);
#288=ORIENTED_EDGE('',*,*,#823,.F.);
#289=ORIENTED_EDGE('',*,*,#824,.F.);
#290=ORIENTED_EDGE('',*,*,#820,.T.);
#291=ORIENTED_EDGE('',*,*,#825,.T.);
#292=ORIENTED_EDGE('',*,*,#826,.F.);
#293=ORIENTED_EDGE('',*,*,#827,.F.);
#294=ORIENTED_EDGE('',*,*,#823,.T.);
#295=ORIENTED_EDGE('',*,*,#828,.F.);
#296=ORIENTED_EDGE('',*,*,#829,.F.);
#297=ORIENTED_EDGE('',*,*,#830,.F.);
#298=ORIENTED_EDGE('',*,*,#831,.F.);
#299=ORIENTED_EDGE('',*,*,#832,.F.);
#300=ORIENTED_EDGE('',*,*,#833,.T.);
#301=ORIENTED_EDGE('',*,*,#834,.T.);
#302=ORIENTED_EDGE('',*,*,#835,.T.);
#303=ORIENTED_EDGE('',*,*,#836,.T.);
#304=ORIENTED_EDGE('',*,*,#837,.T.);
#305=ORIENTED_EDGE('',*,*,#838,.F.);
#306=ORIENTED_EDGE('',*,*,#839,.F.);
#307=ORIENTED_EDGE('',*,*,#826,.T.);
#308=ORIENTED_EDGE('',*,*,#840,.T.);
#309=ORIENTED_EDGE('',*,*,#841,.F.);
#310=ORIENTED_EDGE('',*,*,#842,.F.);
#311=ORIENTED_EDGE('',*,*,#838,.T.);
#312=ORIENTED_EDGE('',*,*,#843,.T.);
#313=ORIENTED_EDGE('',*,*,#844,.F.);
#314=ORIENTED_EDGE('',*,*,#845,.F.);
#315=ORIENTED_EDGE('',*,*,#841,.T.);
#316=ORIENTED_EDGE('',*,*,#846,.T.);
#317=ORIENTED_EDGE('',*,*,#847,.F.);
#318=ORIENTED_EDGE('',*,*,#848,.F.);
#319=ORIENTED_EDGE('',*,*,#844,.T.);
#320=ORIENTED_EDGE('',*,*,#849,.T.);
#321=ORIENTED_EDGE('',*,*,#850,.F.);
#322=ORIENTED_EDGE('',*,*,#851,.F.);
#323=ORIENTED_EDGE('',*,*,#847,.T.);
#324=ORIENTED_EDGE('',*,*,#852,.F.);
#325=ORIENTED_EDGE('',*,*,#760,.F.);
#326=ORIENTED_EDGE('',*,*,#853,.T.);
#327=ORIENTED_EDGE('',*,*,#850,.T.);
#328=ORIENTED_EDGE('',*,*,#854,.F.);
#329=ORIENTED_EDGE('',*,*,#855,.F.);
#330=ORIENTED_EDGE('',*,*,#759,.T.);
#331=ORIENTED_EDGE('',*,*,#765,.T.);
#332=ORIENTED_EDGE('',*,*,#770,.T.);
#333=ORIENTED_EDGE('',*,*,#775,.T.);
#334=ORIENTED_EDGE('',*,*,#751,.T.);
#335=ORIENTED_EDGE('',*,*,#778,.T.);
#336=ORIENTED_EDGE('',*,*,#788,.T.);
#337=ORIENTED_EDGE('',*,*,#793,.T.);
#338=ORIENTED_EDGE('',*,*,#743,.T.);
#339=ORIENTED_EDGE('',*,*,#796,.T.);
#340=ORIENTED_EDGE('',*,*,#804,.T.);
#341=ORIENTED_EDGE('',*,*,#809,.T.);
#342=ORIENTED_EDGE('',*,*,#812,.T.);
#343=ORIENTED_EDGE('',*,*,#815,.F.);
#344=ORIENTED_EDGE('',*,*,#818,.T.);
#345=ORIENTED_EDGE('',*,*,#821,.T.);
#346=ORIENTED_EDGE('',*,*,#824,.T.);
#347=ORIENTED_EDGE('',*,*,#827,.T.);
#348=ORIENTED_EDGE('',*,*,#839,.T.);
#349=ORIENTED_EDGE('',*,*,#842,.T.);
#350=ORIENTED_EDGE('',*,*,#845,.T.);
#351=ORIENTED_EDGE('',*,*,#848,.T.);
#352=ORIENTED_EDGE('',*,*,#851,.T.);
#353=ORIENTED_EDGE('',*,*,#853,.F.);
#354=ORIENTED_EDGE('',*,*,#856,.T.);
#355=ORIENTED_EDGE('',*,*,#857,.T.);
#356=ORIENTED_EDGE('',*,*,#757,.F.);
#357=ORIENTED_EDGE('',*,*,#852,.T.);
#358=ORIENTED_EDGE('',*,*,#849,.F.);
#359=ORIENTED_EDGE('',*,*,#846,.F.);
#360=ORIENTED_EDGE('',*,*,#843,.F.);
#361=ORIENTED_EDGE('',*,*,#840,.F.);
#362=ORIENTED_EDGE('',*,*,#837,.F.);
#363=ORIENTED_EDGE('',*,*,#825,.F.);
#364=ORIENTED_EDGE('',*,*,#822,.F.);
#365=ORIENTED_EDGE('',*,*,#819,.F.);
#366=ORIENTED_EDGE('',*,*,#816,.F.);
#367=ORIENTED_EDGE('',*,*,#813,.T.);
#368=ORIENTED_EDGE('',*,*,#810,.F.);
#369=ORIENTED_EDGE('',*,*,#807,.F.);
#370=ORIENTED_EDGE('',*,*,#802,.F.);
#371=ORIENTED_EDGE('',*,*,#794,.F.);
#372=ORIENTED_EDGE('',*,*,#747,.F.);
#373=ORIENTED_EDGE('',*,*,#789,.F.);
#374=ORIENTED_EDGE('',*,*,#786,.F.);
#375=ORIENTED_EDGE('',*,*,#776,.F.);
#376=ORIENTED_EDGE('',*,*,#755,.F.);
#377=ORIENTED_EDGE('',*,*,#771,.F.);
#378=ORIENTED_EDGE('',*,*,#768,.F.);
#379=ORIENTED_EDGE('',*,*,#763,.F.);
#380=ORIENTED_EDGE('',*,*,#858,.T.);
#381=ORIENTED_EDGE('',*,*,#836,.F.);
#382=ORIENTED_EDGE('',*,*,#859,.T.);
#383=ORIENTED_EDGE('',*,*,#858,.F.);
#384=ORIENTED_EDGE('',*,*,#860,.T.);
#385=ORIENTED_EDGE('',*,*,#859,.F.);
#386=ORIENTED_EDGE('',*,*,#861,.T.);
#387=ORIENTED_EDGE('',*,*,#860,.F.);
#388=ORIENTED_EDGE('',*,*,#862,.T.);
#389=ORIENTED_EDGE('',*,*,#861,.F.);
#390=ORIENTED_EDGE('',*,*,#785,.T.);
#391=ORIENTED_EDGE('',*,*,#862,.F.);
#392=ORIENTED_EDGE('',*,*,#863,.T.);
#393=ORIENTED_EDGE('',*,*,#835,.F.);
#394=ORIENTED_EDGE('',*,*,#864,.T.);
#395=ORIENTED_EDGE('',*,*,#863,.F.);
#396=ORIENTED_EDGE('',*,*,#865,.T.);
#397=ORIENTED_EDGE('',*,*,#864,.F.);
#398=ORIENTED_EDGE('',*,*,#866,.T.);
#399=ORIENTED_EDGE('',*,*,#865,.F.);
#400=ORIENTED_EDGE('',*,*,#867,.T.);
#401=ORIENTED_EDGE('',*,*,#866,.F.);
#402=ORIENTED_EDGE('',*,*,#784,.T.);
#403=ORIENTED_EDGE('',*,*,#867,.F.);
#404=ORIENTED_EDGE('',*,*,#868,.T.);
#405=ORIENTED_EDGE('',*,*,#834,.F.);
#406=ORIENTED_EDGE('',*,*,#869,.T.);
#407=ORIENTED_EDGE('',*,*,#868,.F.);
#408=ORIENTED_EDGE('',*,*,#870,.T.);
#409=ORIENTED_EDGE('',*,*,#869,.F.);
#410=ORIENTED_EDGE('',*,*,#871,.T.);
#411=ORIENTED_EDGE('',*,*,#870,.F.);
#412=ORIENTED_EDGE('',*,*,#872,.T.);
#413=ORIENTED_EDGE('',*,*,#871,.F.);
#414=ORIENTED_EDGE('',*,*,#783,.T.);
#415=ORIENTED_EDGE('',*,*,#872,.F.);
#416=ORIENTED_EDGE('',*,*,#873,.T.);
#417=ORIENTED_EDGE('',*,*,#833,.F.);
#418=ORIENTED_EDGE('',*,*,#874,.T.);
#419=ORIENTED_EDGE('',*,*,#873,.F.);
#420=ORIENTED_EDGE('',*,*,#875,.T.);
#421=ORIENTED_EDGE('',*,*,#874,.F.);
#422=ORIENTED_EDGE('',*,*,#876,.T.);
#423=ORIENTED_EDGE('',*,*,#875,.F.);
#424=ORIENTED_EDGE('',*,*,#877,.T.);
#425=ORIENTED_EDGE('',*,*,#876,.F.);
#426=ORIENTED_EDGE('',*,*,#782,.T.);
#427=ORIENTED_EDGE('',*,*,#877,.F.);
#428=ORIENTED_EDGE('',*,*,#830,.T.);
#429=ORIENTED_EDGE('',*,*,#878,.F.);
#430=ORIENTED_EDGE('',*,*,#879,.F.);
#431=ORIENTED_EDGE('',*,*,#880,.T.);
#432=ORIENTED_EDGE('',*,*,#829,.T.);
#433=ORIENTED_EDGE('',*,*,#881,.F.);
#434=ORIENTED_EDGE('',*,*,#882,.F.);
#435=ORIENTED_EDGE('',*,*,#878,.T.);
#436=ORIENTED_EDGE('',*,*,#832,.T.);
#437=ORIENTED_EDGE('',*,*,#883,.F.);
#438=ORIENTED_EDGE('',*,*,#884,.F.);
#439=ORIENTED_EDGE('',*,*,#881,.T.);
#440=ORIENTED_EDGE('',*,*,#831,.T.);
#441=ORIENTED_EDGE('',*,*,#880,.F.);
#442=ORIENTED_EDGE('',*,*,#885,.F.);
#443=ORIENTED_EDGE('',*,*,#883,.T.);
#444=ORIENTED_EDGE('',*,*,#879,.T.);
#445=ORIENTED_EDGE('',*,*,#882,.T.);
#446=ORIENTED_EDGE('',*,*,#884,.T.);
#447=ORIENTED_EDGE('',*,*,#885,.T.);
#448=ORIENTED_EDGE('',*,*,#886,.F.);
#449=ORIENTED_EDGE('',*,*,#828,.T.);
#450=ORIENTED_EDGE('',*,*,#886,.T.);
#451=ORIENTED_EDGE('',*,*,#887,.T.);
#452=ORIENTED_EDGE('',*,*,#806,.F.);
#453=ORIENTED_EDGE('',*,*,#888,.T.);
#454=ORIENTED_EDGE('',*,*,#887,.F.);
#455=ORIENTED_EDGE('',*,*,#888,.F.);
#456=ORIENTED_EDGE('',*,*,#889,.T.);
#457=ORIENTED_EDGE('',*,*,#805,.F.);
#458=ORIENTED_EDGE('',*,*,#890,.T.);
#459=ORIENTED_EDGE('',*,*,#889,.F.);
#460=ORIENTED_EDGE('',*,*,#890,.F.);
#461=ORIENTED_EDGE('',*,*,#891,.T.);
#462=ORIENTED_EDGE('',*,*,#892,.T.);
#463=ORIENTED_EDGE('',*,*,#891,.F.);
#464=ORIENTED_EDGE('',*,*,#762,.T.);
#465=ORIENTED_EDGE('',*,*,#892,.F.);
#466=ORIENTED_EDGE('',*,*,#893,.T.);
#467=ORIENTED_EDGE('',*,*,#894,.T.);
#468=ORIENTED_EDGE('',*,*,#893,.F.);
#469=ORIENTED_EDGE('',*,*,#761,.T.);
#470=ORIENTED_EDGE('',*,*,#894,.F.);
#471=ORIENTED_EDGE('',*,*,#895,.T.);
#472=ORIENTED_EDGE('',*,*,#801,.F.);
#473=ORIENTED_EDGE('',*,*,#896,.T.);
#474=ORIENTED_EDGE('',*,*,#895,.F.);
#475=ORIENTED_EDGE('',*,*,#896,.F.);
#476=ORIENTED_EDGE('',*,*,#897,.T.);
#477=ORIENTED_EDGE('',*,*,#800,.F.);
#478=ORIENTED_EDGE('',*,*,#898,.T.);
#479=ORIENTED_EDGE('',*,*,#897,.F.);
#480=ORIENTED_EDGE('',*,*,#898,.F.);
#481=ORIENTED_EDGE('',*,*,#899,.T.);
#482=ORIENTED_EDGE('',*,*,#767,.F.);
#483=ORIENTED_EDGE('',*,*,#900,.T.);
#484=ORIENTED_EDGE('',*,*,#899,.F.);
#485=ORIENTED_EDGE('',*,*,#900,.F.);
#486=ORIENTED_EDGE('',*,*,#901,.T.);
#487=ORIENTED_EDGE('',*,*,#766,.F.);
#488=ORIENTED_EDGE('',*,*,#902,.T.);
#489=ORIENTED_EDGE('',*,*,#901,.F.);
#490=ORIENTED_EDGE('',*,*,#902,.F.);
#491=ORIENTED_EDGE('',*,*,#749,.F.);
#492=ORIENTED_EDGE('',*,*,#774,.F.);
#493=ORIENTED_EDGE('',*,*,#903,.T.);
#494=ORIENTED_EDGE('',*,*,#779,.T.);
#495=ORIENTED_EDGE('',*,*,#753,.F.);
#496=ORIENTED_EDGE('',*,*,#781,.F.);
#497=ORIENTED_EDGE('',*,*,#904,.T.);
#498=ORIENTED_EDGE('',*,*,#772,.T.);
#499=ORIENTED_EDGE('',*,*,#773,.F.);
#500=ORIENTED_EDGE('',*,*,#904,.F.);
#501=ORIENTED_EDGE('',*,*,#780,.F.);
#502=ORIENTED_EDGE('',*,*,#903,.F.);
#503=ORIENTED_EDGE('',*,*,#741,.F.);
#504=ORIENTED_EDGE('',*,*,#792,.F.);
#505=ORIENTED_EDGE('',*,*,#905,.T.);
#506=ORIENTED_EDGE('',*,*,#797,.T.);
#507=ORIENTED_EDGE('',*,*,#745,.F.);
#508=ORIENTED_EDGE('',*,*,#799,.F.);
#509=ORIENTED_EDGE('',*,*,#906,.T.);
#510=ORIENTED_EDGE('',*,*,#790,.T.);
#511=ORIENTED_EDGE('',*,*,#791,.F.);
#512=ORIENTED_EDGE('',*,*,#906,.F.);
#513=ORIENTED_EDGE('',*,*,#798,.F.);
#514=ORIENTED_EDGE('',*,*,#905,.F.);
#515=ORIENTED_EDGE('',*,*,#907,.T.);
#516=ORIENTED_EDGE('',*,*,#908,.F.);
#517=ORIENTED_EDGE('',*,*,#909,.F.);
#518=ORIENTED_EDGE('',*,*,#855,.T.);
#519=ORIENTED_EDGE('',*,*,#907,.F.);
#520=ORIENTED_EDGE('',*,*,#909,.T.);
#521=ORIENTED_EDGE('',*,*,#910,.T.);
#522=ORIENTED_EDGE('',*,*,#908,.T.);
#523=ORIENTED_EDGE('',*,*,#911,.T.);
#524=ORIENTED_EDGE('',*,*,#912,.F.);
#525=ORIENTED_EDGE('',*,*,#913,.F.);
#526=ORIENTED_EDGE('',*,*,#854,.T.);
#527=ORIENTED_EDGE('',*,*,#911,.F.);
#528=ORIENTED_EDGE('',*,*,#913,.T.);
#529=ORIENTED_EDGE('',*,*,#914,.T.);
#530=ORIENTED_EDGE('',*,*,#912,.T.);
#531=ORIENTED_EDGE('',*,*,#915,.T.);
#532=ORIENTED_EDGE('',*,*,#910,.F.);
#533=ORIENTED_EDGE('',*,*,#916,.T.);
#534=ORIENTED_EDGE('',*,*,#915,.F.);
#535=ORIENTED_EDGE('',*,*,#916,.F.);
#536=ORIENTED_EDGE('',*,*,#917,.T.);
#537=ORIENTED_EDGE('',*,*,#914,.F.);
#538=ORIENTED_EDGE('',*,*,#918,.T.);
#539=ORIENTED_EDGE('',*,*,#917,.F.);
#540=ORIENTED_EDGE('',*,*,#918,.F.);
#541=ORIENTED_EDGE('',*,*,#919,.T.);
#542=ORIENTED_EDGE('',*,*,#857,.F.);
#543=ORIENTED_EDGE('',*,*,#919,.F.);
#544=ORIENTED_EDGE('',*,*,#920,.T.);
#545=ORIENTED_EDGE('',*,*,#856,.F.);
#546=ORIENTED_EDGE('',*,*,#920,.F.);
#547=ORIENTED_EDGE('',*,*,#921,.F.);
#548=ORIENTED_EDGE('',*,*,#922,.F.);
#549=ORIENTED_EDGE('',*,*,#923,.F.);
#550=ORIENTED_EDGE('',*,*,#924,.T.);
#551=ORIENTED_EDGE('',*,*,#925,.F.);
#552=ORIENTED_EDGE('',*,*,#926,.T.);
#553=ORIENTED_EDGE('',*,*,#927,.T.);
#554=ORIENTED_EDGE('',*,*,#928,.F.);
#555=ORIENTED_EDGE('',*,*,#929,.F.);
#556=ORIENTED_EDGE('',*,*,#928,.T.);
#557=ORIENTED_EDGE('',*,*,#930,.T.);
#558=ORIENTED_EDGE('',*,*,#931,.F.);
#559=ORIENTED_EDGE('',*,*,#932,.F.);
#560=ORIENTED_EDGE('',*,*,#933,.F.);
#561=ORIENTED_EDGE('',*,*,#934,.F.);
#562=ORIENTED_EDGE('',*,*,#931,.T.);
#563=ORIENTED_EDGE('',*,*,#935,.T.);
#564=ORIENTED_EDGE('',*,*,#936,.F.);
#565=ORIENTED_EDGE('',*,*,#937,.F.);
#566=ORIENTED_EDGE('',*,*,#936,.T.);
#567=ORIENTED_EDGE('',*,*,#938,.T.);
#568=ORIENTED_EDGE('',*,*,#939,.F.);
#569=ORIENTED_EDGE('',*,*,#940,.F.);
#570=ORIENTED_EDGE('',*,*,#941,.T.);
#571=ORIENTED_EDGE('',*,*,#942,.T.);
#572=ORIENTED_EDGE('',*,*,#943,.F.);
#573=ORIENTED_EDGE('',*,*,#944,.F.);
#574=ORIENTED_EDGE('',*,*,#945,.F.);
#575=ORIENTED_EDGE('',*,*,#946,.F.);
#576=ORIENTED_EDGE('',*,*,#943,.T.);
#577=ORIENTED_EDGE('',*,*,#947,.T.);
#578=ORIENTED_EDGE('',*,*,#948,.F.);
#579=ORIENTED_EDGE('',*,*,#949,.F.);
#580=ORIENTED_EDGE('',*,*,#948,.T.);
#581=ORIENTED_EDGE('',*,*,#950,.T.);
#582=ORIENTED_EDGE('',*,*,#951,.F.);
#583=ORIENTED_EDGE('',*,*,#952,.T.);
#584=ORIENTED_EDGE('',*,*,#953,.F.);
#585=ORIENTED_EDGE('',*,*,#954,.F.);
#586=ORIENTED_EDGE('',*,*,#924,.F.);
#587=ORIENTED_EDGE('',*,*,#955,.T.);
#588=ORIENTED_EDGE('',*,*,#956,.T.);
#589=ORIENTED_EDGE('',*,*,#957,.F.);
#590=ORIENTED_EDGE('',*,*,#958,.F.);
#591=ORIENTED_EDGE('',*,*,#959,.F.);
#592=ORIENTED_EDGE('',*,*,#960,.F.);
#593=ORIENTED_EDGE('',*,*,#922,.T.);
#594=ORIENTED_EDGE('',*,*,#961,.F.);
#595=ORIENTED_EDGE('',*,*,#962,.T.);
#596=ORIENTED_EDGE('',*,*,#963,.T.);
#597=ORIENTED_EDGE('',*,*,#964,.F.);
#598=ORIENTED_EDGE('',*,*,#965,.T.);
#599=ORIENTED_EDGE('',*,*,#966,.F.);
#600=ORIENTED_EDGE('',*,*,#967,.T.);
#601=ORIENTED_EDGE('',*,*,#968,.T.);
#602=ORIENTED_EDGE('',*,*,#969,.F.);
#603=ORIENTED_EDGE('',*,*,#970,.T.);
#604=ORIENTED_EDGE('',*,*,#926,.F.);
#605=ORIENTED_EDGE('',*,*,#956,.F.);
#606=ORIENTED_EDGE('',*,*,#971,.T.);
#607=ORIENTED_EDGE('',*,*,#972,.T.);
#608=ORIENTED_EDGE('',*,*,#973,.F.);
#609=ORIENTED_EDGE('',*,*,#974,.T.);
#610=ORIENTED_EDGE('',*,*,#975,.T.);
#611=ORIENTED_EDGE('',*,*,#968,.F.);
#612=ORIENTED_EDGE('',*,*,#976,.F.);
#613=ORIENTED_EDGE('',*,*,#977,.F.);
#614=ORIENTED_EDGE('',*,*,#978,.F.);
#615=ORIENTED_EDGE('',*,*,#979,.F.);
#616=ORIENTED_EDGE('',*,*,#980,.F.);
#617=ORIENTED_EDGE('',*,*,#981,.F.);
#618=ORIENTED_EDGE('',*,*,#939,.T.);
#619=ORIENTED_EDGE('',*,*,#982,.T.);
#620=ORIENTED_EDGE('',*,*,#983,.T.);
#621=ORIENTED_EDGE('',*,*,#973,.T.);
#622=ORIENTED_EDGE('',*,*,#984,.F.);
#623=ORIENTED_EDGE('',*,*,#985,.T.);
#624=ORIENTED_EDGE('',*,*,#941,.F.);
#625=ORIENTED_EDGE('',*,*,#986,.F.);
#626=ORIENTED_EDGE('',*,*,#987,.T.);
#627=ORIENTED_EDGE('',*,*,#988,.F.);
#628=ORIENTED_EDGE('',*,*,#976,.T.);
#629=ORIENTED_EDGE('',*,*,#967,.F.);
#630=ORIENTED_EDGE('',*,*,#989,.F.);
#631=ORIENTED_EDGE('',*,*,#957,.T.);
#632=ORIENTED_EDGE('',*,*,#990,.F.);
#633=ORIENTED_EDGE('',*,*,#958,.T.);
#634=ORIENTED_EDGE('',*,*,#989,.T.);
#635=ORIENTED_EDGE('',*,*,#966,.T.);
#636=ORIENTED_EDGE('',*,*,#991,.F.);
#637=ORIENTED_EDGE('',*,*,#992,.F.);
#638=ORIENTED_EDGE('',*,*,#979,.T.);
#639=ORIENTED_EDGE('',*,*,#993,.F.);
#640=ORIENTED_EDGE('',*,*,#975,.F.);
#641=ORIENTED_EDGE('',*,*,#994,.F.);
#642=ORIENTED_EDGE('',*,*,#995,.T.);
#643=ORIENTED_EDGE('',*,*,#969,.T.);
#644=ORIENTED_EDGE('',*,*,#974,.F.);
#645=ORIENTED_EDGE('',*,*,#983,.F.);
#646=ORIENTED_EDGE('',*,*,#996,.T.);
#647=ORIENTED_EDGE('',*,*,#994,.T.);
#648=ORIENTED_EDGE('',*,*,#935,.F.);
#649=ORIENTED_EDGE('',*,*,#930,.F.);
#650=ORIENTED_EDGE('',*,*,#927,.F.);
#651=ORIENTED_EDGE('',*,*,#970,.F.);
#652=ORIENTED_EDGE('',*,*,#995,.F.);
#653=ORIENTED_EDGE('',*,*,#996,.F.);
#654=ORIENTED_EDGE('',*,*,#982,.F.);
#655=ORIENTED_EDGE('',*,*,#938,.F.);
#656=ORIENTED_EDGE('',*,*,#997,.F.);
#657=ORIENTED_EDGE('',*,*,#998,.T.);
#658=ORIENTED_EDGE('',*,*,#950,.F.);
#659=ORIENTED_EDGE('',*,*,#947,.F.);
#660=ORIENTED_EDGE('',*,*,#942,.F.);
#661=ORIENTED_EDGE('',*,*,#985,.F.);
#662=ORIENTED_EDGE('',*,*,#999,.F.);
#663=ORIENTED_EDGE('',*,*,#997,.T.);
#664=ORIENTED_EDGE('',*,*,#984,.T.);
#665=ORIENTED_EDGE('',*,*,#972,.F.);
#666=ORIENTED_EDGE('',*,*,#991,.T.);
#667=ORIENTED_EDGE('',*,*,#965,.F.);
#668=ORIENTED_EDGE('',*,*,#1000,.F.);
#669=ORIENTED_EDGE('',*,*,#1001,.T.);
#670=ORIENTED_EDGE('',*,*,#992,.T.);
#671=ORIENTED_EDGE('',*,*,#1001,.F.);
#672=ORIENTED_EDGE('',*,*,#1002,.F.);
#673=ORIENTED_EDGE('',*,*,#980,.T.);
#674=ORIENTED_EDGE('',*,*,#937,.T.);
#675=ORIENTED_EDGE('',*,*,#981,.T.);
#676=ORIENTED_EDGE('',*,*,#1002,.T.);
#677=ORIENTED_EDGE('',*,*,#1000,.T.);
#678=ORIENTED_EDGE('',*,*,#964,.T.);
#679=ORIENTED_EDGE('',*,*,#925,.T.);
#680=ORIENTED_EDGE('',*,*,#929,.T.);
#681=ORIENTED_EDGE('',*,*,#934,.T.);
#682=ORIENTED_EDGE('',*,*,#940,.T.);
#683=ORIENTED_EDGE('',*,*,#946,.T.);
#684=ORIENTED_EDGE('',*,*,#949,.T.);
#685=ORIENTED_EDGE('',*,*,#923,.T.);
#686=ORIENTED_EDGE('',*,*,#960,.T.);
#687=ORIENTED_EDGE('',*,*,#1003,.T.);
#688=ORIENTED_EDGE('',*,*,#1004,.T.);
#689=ORIENTED_EDGE('',*,*,#986,.T.);
#690=ORIENTED_EDGE('',*,*,#990,.T.);
#691=ORIENTED_EDGE('',*,*,#1005,.F.);
#692=ORIENTED_EDGE('',*,*,#1003,.F.);
#693=ORIENTED_EDGE('',*,*,#959,.T.);
#694=ORIENTED_EDGE('',*,*,#993,.T.);
#695=ORIENTED_EDGE('',*,*,#987,.F.);
#696=ORIENTED_EDGE('',*,*,#1004,.F.);
#697=ORIENTED_EDGE('',*,*,#1005,.T.);
#698=ORIENTED_EDGE('',*,*,#971,.F.);
#699=ORIENTED_EDGE('',*,*,#955,.F.);
#700=ORIENTED_EDGE('',*,*,#1006,.T.);
#701=ORIENTED_EDGE('',*,*,#951,.T.);
#702=ORIENTED_EDGE('',*,*,#998,.F.);
#703=ORIENTED_EDGE('',*,*,#999,.T.);
#704=ORIENTED_EDGE('',*,*,#963,.F.);
#705=ORIENTED_EDGE('',*,*,#1007,.F.);
#706=ORIENTED_EDGE('',*,*,#952,.F.);
#707=ORIENTED_EDGE('',*,*,#1006,.F.);
#708=ORIENTED_EDGE('',*,*,#1008,.T.);
#709=ORIENTED_EDGE('',*,*,#1009,.T.);
#710=ORIENTED_EDGE('',*,*,#1008,.F.);
#711=ORIENTED_EDGE('',*,*,#945,.T.);
#712=ORIENTED_EDGE('',*,*,#1009,.F.);
#713=ORIENTED_EDGE('',*,*,#1010,.T.);
#714=ORIENTED_EDGE('',*,*,#1011,.T.);
#715=ORIENTED_EDGE('',*,*,#1010,.F.);
#716=ORIENTED_EDGE('',*,*,#933,.T.);
#717=ORIENTED_EDGE('',*,*,#1011,.F.);
#718=ORIENTED_EDGE('',*,*,#1012,.T.);
#719=ORIENTED_EDGE('',*,*,#1013,.T.);
#720=ORIENTED_EDGE('',*,*,#1012,.F.);
#721=ORIENTED_EDGE('',*,*,#944,.T.);
#722=ORIENTED_EDGE('',*,*,#1013,.F.);
#723=ORIENTED_EDGE('',*,*,#1014,.T.);
#724=ORIENTED_EDGE('',*,*,#1015,.T.);
#725=ORIENTED_EDGE('',*,*,#1014,.F.);
#726=ORIENTED_EDGE('',*,*,#932,.T.);
#727=ORIENTED_EDGE('',*,*,#1015,.F.);
#728=ORIENTED_EDGE('',*,*,#1016,.T.);
#729=ORIENTED_EDGE('',*,*,#978,.T.);
#730=ORIENTED_EDGE('',*,*,#1016,.F.);
#731=ORIENTED_EDGE('',*,*,#988,.T.);
#732=ORIENTED_EDGE('',*,*,#977,.T.);
#733=ORIENTED_EDGE('',*,*,#1007,.T.);
#734=ORIENTED_EDGE('',*,*,#962,.F.);
#735=ORIENTED_EDGE('',*,*,#1017,.F.);
#736=ORIENTED_EDGE('',*,*,#953,.T.);
#737=ORIENTED_EDGE('',*,*,#1017,.T.);
#738=ORIENTED_EDGE('',*,*,#961,.T.);
#739=ORIENTED_EDGE('',*,*,#921,.T.);
#740=ORIENTED_EDGE('',*,*,#954,.T.);
#741=EDGE_CURVE('',#1018,#1019,#1232,.T.);
#742=EDGE_CURVE('',#1020,#1019,#1233,.T.);
#743=EDGE_CURVE('',#1021,#1020,#1234,.T.);
#744=EDGE_CURVE('',#1021,#1018,#1235,.T.);
#745=EDGE_CURVE('',#1022,#1023,#1236,.T.);
#746=EDGE_CURVE('',#1023,#1024,#1237,.T.);
#747=EDGE_CURVE('',#1024,#1025,#1238,.T.);
#748=EDGE_CURVE('',#1022,#1025,#1239,.T.);
#749=EDGE_CURVE('',#1026,#1027,#1240,.T.);
#750=EDGE_CURVE('',#1028,#1027,#1241,.T.);
#751=EDGE_CURVE('',#1029,#1028,#1242,.T.);
#752=EDGE_CURVE('',#1029,#1026,#1243,.T.);
#753=EDGE_CURVE('',#1030,#1031,#1244,.T.);
#754=EDGE_CURVE('',#1031,#1032,#1245,.T.);
#755=EDGE_CURVE('',#1032,#1033,#1246,.T.);
#756=EDGE_CURVE('',#1030,#1033,#1247,.T.);
#757=EDGE_CURVE('',#1034,#1035,#1248,.T.);
#758=EDGE_CURVE('',#1036,#1035,#1249,.T.);
#759=EDGE_CURVE('',#1037,#1036,#1250,.T.);
#760=EDGE_CURVE('',#1037,#1034,#1251,.T.);
#761=EDGE_CURVE('',#1038,#1038,#91,.T.);
#762=EDGE_CURVE('',#1039,#1039,#92,.T.);
#763=EDGE_CURVE('',#1035,#1040,#1252,.T.);
#764=EDGE_CURVE('',#1041,#1040,#1253,.T.);
#765=EDGE_CURVE('',#1036,#1041,#1254,.T.);
#766=EDGE_CURVE('',#1042,#1042,#93,.T.);
#767=EDGE_CURVE('',#1043,#1043,#94,.T.);
#768=EDGE_CURVE('',#1040,#1044,#1255,.T.);
#769=EDGE_CURVE('',#1045,#1044,#1256,.T.);
#770=EDGE_CURVE('',#1041,#1045,#1257,.T.);
#771=EDGE_CURVE('',#1044,#1032,#1258,.T.);
#772=EDGE_CURVE('',#1046,#1031,#1259,.T.);
#773=EDGE_CURVE('',#1046,#1047,#1260,.T.);
#774=EDGE_CURVE('',#1047,#1026,#1261,.T.);
#775=EDGE_CURVE('',#1045,#1029,#1262,.T.);
#776=EDGE_CURVE('',#1033,#1048,#1263,.T.);
#777=EDGE_CURVE('',#1049,#1048,#1264,.T.);
#778=EDGE_CURVE('',#1028,#1049,#1265,.T.);
#779=EDGE_CURVE('',#1050,#1027,#1266,.T.);
#780=EDGE_CURVE('',#1050,#1051,#1267,.T.);
#781=EDGE_CURVE('',#1051,#1030,#1268,.T.);
#782=EDGE_CURVE('',#1052,#1052,#95,.T.);
#783=EDGE_CURVE('',#1053,#1053,#96,.T.);
#784=EDGE_CURVE('',#1054,#1054,#97,.T.);
#785=EDGE_CURVE('',#1055,#1055,#98,.T.);
#786=EDGE_CURVE('',#1048,#1056,#1269,.T.);
#787=EDGE_CURVE('',#1057,#1056,#1270,.T.);
#788=EDGE_CURVE('',#1049,#1057,#1271,.T.);
#789=EDGE_CURVE('',#1056,#1024,#1272,.T.);
#790=EDGE_CURVE('',#1058,#1023,#1273,.T.);
#791=EDGE_CURVE('',#1058,#1059,#1274,.T.);
#792=EDGE_CURVE('',#1059,#1018,#1275,.T.);
#793=EDGE_CURVE('',#1057,#1021,#1276,.T.);
#794=EDGE_CURVE('',#1025,#1060,#1277,.T.);
#795=EDGE_CURVE('',#1061,#1060,#1278,.T.);
#796=EDGE_CURVE('',#1020,#1061,#1279,.T.);
#797=EDGE_CURVE('',#1062,#1019,#1280,.T.);
#798=EDGE_CURVE('',#1062,#1063,#1281,.T.);
#799=EDGE_CURVE('',#1063,#1022,#1282,.T.);
#800=EDGE_CURVE('',#1064,#1064,#99,.T.);
#801=EDGE_CURVE('',#1065,#1065,#100,.T.);
#802=EDGE_CURVE('',#1060,#1066,#1283,.T.);
#803=EDGE_CURVE('',#1067,#1066,#1284,.T.);
#804=EDGE_CURVE('',#1061,#1067,#1285,.T.);
#805=EDGE_CURVE('',#1068,#1068,#101,.T.);
#806=EDGE_CURVE('',#1069,#1069,#102,.T.);
#807=EDGE_CURVE('',#1066,#1070,#1286,.T.);
#808=EDGE_CURVE('',#1071,#1070,#1287,.T.);
#809=EDGE_CURVE('',#1067,#1071,#1288,.T.);
#810=EDGE_CURVE('',#1070,#1072,#1289,.T.);
#811=EDGE_CURVE('',#1073,#1072,#1290,.T.);
#812=EDGE_CURVE('',#1071,#1073,#1291,.T.);
#813=EDGE_CURVE('',#1074,#1072,#103,.T.);
#814=EDGE_CURVE('',#1075,#1074,#1292,.T.);
#815=EDGE_CURVE('',#1075,#1073,#104,.T.);
#816=EDGE_CURVE('',#1074,#1076,#1293,.T.);
#817=EDGE_CURVE('',#1077,#1076,#1294,.T.);
#818=EDGE_CURVE('',#1075,#1077,#1295,.T.);
#819=EDGE_CURVE('',#1076,#1078,#1296,.T.);
#820=EDGE_CURVE('',#1079,#1078,#1297,.T.);
#821=EDGE_CURVE('',#1077,#1079,#1298,.T.);
#822=EDGE_CURVE('',#1078,#1080,#1299,.T.);
#823=EDGE_CURVE('',#1081,#1080,#1300,.T.);
#824=EDGE_CURVE('',#1079,#1081,#1301,.T.);
#825=EDGE_CURVE('',#1080,#1082,#1302,.T.);
#826=EDGE_CURVE('',#1083,#1082,#1303,.T.);
#827=EDGE_CURVE('',#1081,#1083,#1304,.T.);
#828=EDGE_CURVE('',#1084,#1084,#105,.T.);
#829=EDGE_CURVE('',#1085,#1086,#106,.T.);
#830=EDGE_CURVE('',#1087,#1085,#1305,.T.);
#831=EDGE_CURVE('',#1088,#1087,#107,.T.);
#832=EDGE_CURVE('',#1086,#1088,#1306,.T.);
#833=EDGE_CURVE('',#1089,#1089,#108,.T.);
#834=EDGE_CURVE('',#1090,#1090,#109,.T.);
#835=EDGE_CURVE('',#1091,#1091,#110,.T.);
#836=EDGE_CURVE('',#1092,#1092,#111,.T.);
#837=EDGE_CURVE('',#1082,#1093,#1307,.T.);
#838=EDGE_CURVE('',#1094,#1093,#1308,.T.);
#839=EDGE_CURVE('',#1083,#1094,#1309,.T.);
#840=EDGE_CURVE('',#1093,#1095,#1310,.T.);
#841=EDGE_CURVE('',#1096,#1095,#1311,.T.);
#842=EDGE_CURVE('',#1094,#1096,#1312,.T.);
#843=EDGE_CURVE('',#1095,#1097,#1313,.T.);
#844=EDGE_CURVE('',#1098,#1097,#1314,.T.);
#845=EDGE_CURVE('',#1096,#1098,#1315,.T.);
#846=EDGE_CURVE('',#1097,#1099,#1316,.T.);
#847=EDGE_CURVE('',#1100,#1099,#1317,.T.);
#848=EDGE_CURVE('',#1098,#1100,#1318,.T.);
#849=EDGE_CURVE('',#1099,#1101,#1319,.T.);
#850=EDGE_CURVE('',#1102,#1101,#1320,.T.);
#851=EDGE_CURVE('',#1100,#1102,#1321,.T.);
#852=EDGE_CURVE('',#1034,#1101,#112,.T.);
#853=EDGE_CURVE('',#1037,#1102,#113,.T.);
#854=EDGE_CURVE('',#1103,#1103,#114,.T.);
#855=EDGE_CURVE('',#1104,#1104,#115,.T.);
#856=EDGE_CURVE('',#1105,#1105,#116,.T.);
#857=EDGE_CURVE('',#1106,#1106,#117,.T.);
#858=EDGE_CURVE('',#1107,#1107,#118,.T.);
#859=EDGE_CURVE('',#1108,#1108,#119,.T.);
#860=EDGE_CURVE('',#1109,#1109,#120,.T.);
#861=EDGE_CURVE('',#1110,#1110,#121,.T.);
#862=EDGE_CURVE('',#1111,#1111,#122,.T.);
#863=EDGE_CURVE('',#1112,#1112,#123,.T.);
#864=EDGE_CURVE('',#1113,#1113,#124,.T.);
#865=EDGE_CURVE('',#1114,#1114,#125,.T.);
#866=EDGE_CURVE('',#1115,#1115,#126,.T.);
#867=EDGE_CURVE('',#1116,#1116,#127,.T.);
#868=EDGE_CURVE('',#1117,#1117,#128,.T.);
#869=EDGE_CURVE('',#1118,#1118,#129,.T.);
#870=EDGE_CURVE('',#1119,#1119,#130,.T.);
#871=EDGE_CURVE('',#1120,#1120,#131,.T.);
#872=EDGE_CURVE('',#1121,#1121,#132,.T.);
#873=EDGE_CURVE('',#1122,#1122,#133,.T.);
#874=EDGE_CURVE('',#1123,#1123,#134,.T.);
#875=EDGE_CURVE('',#1124,#1124,#135,.T.);
#876=EDGE_CURVE('',#1125,#1125,#136,.T.);
#877=EDGE_CURVE('',#1126,#1126,#137,.T.);
#878=EDGE_CURVE('',#1127,#1085,#1322,.T.);
#879=EDGE_CURVE('',#1128,#1127,#1323,.T.);
#880=EDGE_CURVE('',#1128,#1087,#1324,.T.);
#881=EDGE_CURVE('',#1129,#1086,#1325,.T.);
#882=EDGE_CURVE('',#1127,#1129,#138,.T.);
#883=EDGE_CURVE('',#1130,#1088,#1326,.T.);
#884=EDGE_CURVE('',#1129,#1130,#1327,.T.);
#885=EDGE_CURVE('',#1130,#1128,#139,.T.);
#886=EDGE_CURVE('',#1131,#1131,#140,.T.);
#887=EDGE_CURVE('',#1132,#1132,#141,.T.);
#888=EDGE_CURVE('',#1133,#1133,#142,.T.);
#889=EDGE_CURVE('',#1134,#1134,#143,.T.);
#890=EDGE_CURVE('',#1135,#1135,#144,.T.);
#891=EDGE_CURVE('',#1136,#1136,#145,.T.);
#892=EDGE_CURVE('',#1137,#1137,#146,.T.);
#893=EDGE_CURVE('',#1138,#1138,#147,.T.);
#894=EDGE_CURVE('',#1139,#1139,#148,.T.);
#895=EDGE_CURVE('',#1140,#1140,#149,.T.);
#896=EDGE_CURVE('',#1141,#1141,#150,.T.);
#897=EDGE_CURVE('',#1142,#1142,#151,.T.);
#898=EDGE_CURVE('',#1143,#1143,#152,.T.);
#899=EDGE_CURVE('',#1144,#1144,#153,.T.);
#900=EDGE_CURVE('',#1145,#1145,#154,.T.);
#901=EDGE_CURVE('',#1146,#1146,#155,.T.);
#902=EDGE_CURVE('',#1147,#1147,#156,.T.);
#903=EDGE_CURVE('',#1047,#1050,#1328,.T.);
#904=EDGE_CURVE('',#1051,#1046,#1329,.T.);
#905=EDGE_CURVE('',#1059,#1062,#1330,.T.);
#906=EDGE_CURVE('',#1063,#1058,#1331,.T.);
#907=EDGE_CURVE('',#1148,#1148,#157,.T.);
#908=EDGE_CURVE('',#1149,#1149,#158,.T.);
#909=EDGE_CURVE('',#1150,#1150,#159,.T.);
#910=EDGE_CURVE('',#1151,#1151,#160,.T.);
#911=EDGE_CURVE('',#1152,#1152,#161,.T.);
#912=EDGE_CURVE('',#1153,#1153,#162,.T.);
#913=EDGE_CURVE('',#1154,#1154,#163,.T.);
#914=EDGE_CURVE('',#1155,#1155,#164,.T.);
#915=EDGE_CURVE('',#1156,#1156,#165,.T.);
#916=EDGE_CURVE('',#1157,#1157,#166,.T.);
#917=EDGE_CURVE('',#1158,#1158,#167,.T.);
#918=EDGE_CURVE('',#1159,#1159,#168,.T.);
#919=EDGE_CURVE('',#1160,#1160,#169,.T.);
#920=EDGE_CURVE('',#1161,#1161,#170,.T.);
#921=EDGE_CURVE('',#1162,#1163,#1332,.T.);
#922=EDGE_CURVE('',#1164,#1162,#1333,.T.);
#923=EDGE_CURVE('',#1165,#1164,#1334,.T.);
#924=EDGE_CURVE('',#1165,#1163,#1335,.T.);
#925=EDGE_CURVE('',#1166,#1167,#1336,.T.);
#926=EDGE_CURVE('',#1166,#1168,#1337,.T.);
#927=EDGE_CURVE('',#1168,#1169,#1338,.T.);
#928=EDGE_CURVE('',#1167,#1169,#1339,.T.);
#929=EDGE_CURVE('',#1167,#1170,#1340,.T.);
#930=EDGE_CURVE('',#1169,#1171,#1341,.T.);
#931=EDGE_CURVE('',#1170,#1171,#1342,.T.);
#932=EDGE_CURVE('',#1172,#1172,#171,.T.);
#933=EDGE_CURVE('',#1173,#1173,#172,.T.);
#934=EDGE_CURVE('',#1170,#1174,#1343,.T.);
#935=EDGE_CURVE('',#1171,#1175,#1344,.T.);
#936=EDGE_CURVE('',#1174,#1175,#1345,.T.);
#937=EDGE_CURVE('',#1174,#1176,#1346,.T.);
#938=EDGE_CURVE('',#1175,#1177,#1347,.T.);
#939=EDGE_CURVE('',#1176,#1177,#1348,.T.);
#940=EDGE_CURVE('',#1178,#1179,#1349,.T.);
#941=EDGE_CURVE('',#1178,#1180,#1350,.T.);
#942=EDGE_CURVE('',#1180,#1181,#1351,.T.);
#943=EDGE_CURVE('',#1179,#1181,#1352,.T.);
#944=EDGE_CURVE('',#1182,#1182,#173,.T.);
#945=EDGE_CURVE('',#1183,#1183,#174,.T.);
#946=EDGE_CURVE('',#1179,#1184,#1353,.T.);
#947=EDGE_CURVE('',#1181,#1185,#1354,.T.);
#948=EDGE_CURVE('',#1184,#1185,#1355,.T.);
#949=EDGE_CURVE('',#1184,#1165,#1356,.T.);
#950=EDGE_CURVE('',#1185,#1186,#1357,.T.);
#951=EDGE_CURVE('',#1187,#1186,#1358,.T.);
#952=EDGE_CURVE('',#1187,#1188,#1359,.T.);
#953=EDGE_CURVE('',#1189,#1188,#1360,.T.);
#954=EDGE_CURVE('',#1163,#1189,#1361,.T.);
#955=EDGE_CURVE('',#1190,#1191,#1362,.T.);
#956=EDGE_CURVE('',#1191,#1192,#1363,.T.);
#957=EDGE_CURVE('',#1193,#1192,#1364,.T.);
#958=EDGE_CURVE('',#1194,#1193,#1365,.T.);
#959=EDGE_CURVE('',#1195,#1194,#1366,.T.);
#960=EDGE_CURVE('',#1164,#1195,#1367,.T.);
#961=EDGE_CURVE('',#1196,#1162,#1368,.T.);
#962=EDGE_CURVE('',#1196,#1197,#1369,.T.);
#963=EDGE_CURVE('',#1197,#1190,#1370,.T.);
#964=EDGE_CURVE('',#1198,#1166,#1371,.T.);
#965=EDGE_CURVE('',#1198,#1199,#1372,.T.);
#966=EDGE_CURVE('',#1200,#1199,#1373,.T.);
#967=EDGE_CURVE('',#1200,#1201,#1374,.T.);
#968=EDGE_CURVE('',#1201,#1202,#1375,.T.);
#969=EDGE_CURVE('',#1203,#1202,#1376,.T.);
#970=EDGE_CURVE('',#1203,#1168,#1377,.T.);
#971=EDGE_CURVE('',#1191,#1204,#1378,.T.);
#972=EDGE_CURVE('',#1204,#1205,#1379,.T.);
#973=EDGE_CURVE('',#1206,#1205,#1380,.T.);
#974=EDGE_CURVE('',#1206,#1207,#1381,.T.);
#975=EDGE_CURVE('',#1207,#1202,#1382,.T.);
#976=EDGE_CURVE('',#1192,#1201,#1383,.T.);
#977=EDGE_CURVE('',#1208,#1208,#175,.F.);
#978=EDGE_CURVE('',#1209,#1209,#176,.F.);
#979=EDGE_CURVE('',#1210,#1211,#1384,.T.);
#980=EDGE_CURVE('',#1212,#1210,#1385,.T.);
#981=EDGE_CURVE('',#1176,#1212,#1386,.T.);
#982=EDGE_CURVE('',#1177,#1213,#1387,.T.);
#983=EDGE_CURVE('',#1213,#1206,#1388,.T.);
#984=EDGE_CURVE('',#1214,#1205,#1389,.T.);
#985=EDGE_CURVE('',#1214,#1180,#1390,.T.);
#986=EDGE_CURVE('',#1215,#1178,#1391,.T.);
#987=EDGE_CURVE('',#1215,#1211,#1392,.T.);
#988=EDGE_CURVE('',#1216,#1216,#177,.F.);
#989=EDGE_CURVE('',#1193,#1200,#1393,.T.);
#990=EDGE_CURVE('',#1194,#1217,#1394,.T.);
#991=EDGE_CURVE('',#1218,#1199,#1395,.T.);
#992=EDGE_CURVE('',#1210,#1218,#1396,.T.);
#993=EDGE_CURVE('',#1217,#1211,#1397,.T.);
#994=EDGE_CURVE('',#1219,#1207,#1398,.T.);
#995=EDGE_CURVE('',#1219,#1203,#1399,.T.);
#996=EDGE_CURVE('',#1213,#1219,#1400,.T.);
#997=EDGE_CURVE('',#1220,#1214,#1401,.T.);
#998=EDGE_CURVE('',#1220,#1186,#1402,.T.);
#999=EDGE_CURVE('',#1220,#1204,#1403,.T.);
#1000=EDGE_CURVE('',#1221,#1198,#1404,.T.);
#1001=EDGE_CURVE('',#1221,#1218,#1405,.T.);
#1002=EDGE_CURVE('',#1212,#1221,#1406,.T.);
#1003=EDGE_CURVE('',#1195,#1222,#1407,.T.);
#1004=EDGE_CURVE('',#1222,#1215,#1408,.T.);
#1005=EDGE_CURVE('',#1222,#1217,#1409,.T.);
#1006=EDGE_CURVE('',#1190,#1187,#1410,.T.);
#1007=EDGE_CURVE('',#1188,#1197,#1411,.T.);
#1008=EDGE_CURVE('',#1223,#1223,#178,.T.);
#1009=EDGE_CURVE('',#1224,#1224,#179,.T.);
#1010=EDGE_CURVE('',#1225,#1225,#180,.T.);
#1011=EDGE_CURVE('',#1226,#1226,#181,.T.);
#1012=EDGE_CURVE('',#1227,#1227,#182,.T.);
#1013=EDGE_CURVE('',#1228,#1228,#183,.T.);
#1014=EDGE_CURVE('',#1229,#1229,#184,.T.);
#1015=EDGE_CURVE('',#1230,#1230,#185,.T.);
#1016=EDGE_CURVE('',#1231,#1231,#186,.T.);
#1017=EDGE_CURVE('',#1189,#1196,#1412,.T.);
#1018=VERTEX_POINT('',#3291);
#1019=VERTEX_POINT('',#3292);
#1020=VERTEX_POINT('',#3294);
#1021=VERTEX_POINT('',#3296);
#1022=VERTEX_POINT('',#3300);
#1023=VERTEX_POINT('',#3301);
#1024=VERTEX_POINT('',#3303);
#1025=VERTEX_POINT('',#3305);
#1026=VERTEX_POINT('',#3309);
#1027=VERTEX_POINT('',#3310);
#1028=VERTEX_POINT('',#3312);
#1029=VERTEX_POINT('',#3314);
#1030=VERTEX_POINT('',#3318);
#1031=VERTEX_POINT('',#3319);
#1032=VERTEX_POINT('',#3321);
#1033=VERTEX_POINT('',#3323);
#1034=VERTEX_POINT('',#3327);
#1035=VERTEX_POINT('',#3328);
#1036=VERTEX_POINT('',#3330);
#1037=VERTEX_POINT('',#3332);
#1038=VERTEX_POINT('',#3336);
#1039=VERTEX_POINT('',#3338);
#1040=VERTEX_POINT('',#3340);
#1041=VERTEX_POINT('',#3342);
#1042=VERTEX_POINT('',#3346);
#1043=VERTEX_POINT('',#3348);
#1044=VERTEX_POINT('',#3350);
#1045=VERTEX_POINT('',#3352);
#1046=VERTEX_POINT('',#3357);
#1047=VERTEX_POINT('',#3359);
#1048=VERTEX_POINT('',#3364);
#1049=VERTEX_POINT('',#3366);
#1050=VERTEX_POINT('',#3369);
#1051=VERTEX_POINT('',#3371);
#1052=VERTEX_POINT('',#3375);
#1053=VERTEX_POINT('',#3377);
#1054=VERTEX_POINT('',#3379);
#1055=VERTEX_POINT('',#3381);
#1056=VERTEX_POINT('',#3383);
#1057=VERTEX_POINT('',#3385);
#1058=VERTEX_POINT('',#3390);
#1059=VERTEX_POINT('',#3392);
#1060=VERTEX_POINT('',#3397);
#1061=VERTEX_POINT('',#3399);
#1062=VERTEX_POINT('',#3402);
#1063=VERTEX_POINT('',#3404);
#1064=VERTEX_POINT('',#3408);
#1065=VERTEX_POINT('',#3410);
#1066=VERTEX_POINT('',#3412);
#1067=VERTEX_POINT('',#3414);
#1068=VERTEX_POINT('',#3418);
#1069=VERTEX_POINT('',#3420);
#1070=VERTEX_POINT('',#3422);
#1071=VERTEX_POINT('',#3424);
#1072=VERTEX_POINT('',#3428);
#1073=VERTEX_POINT('',#3430);
#1074=VERTEX_POINT('',#3434);
#1075=VERTEX_POINT('',#3436);
#1076=VERTEX_POINT('',#3440);
#1077=VERTEX_POINT('',#3442);
#1078=VERTEX_POINT('',#3446);
#1079=VERTEX_POINT('',#3448);
#1080=VERTEX_POINT('',#3452);
#1081=VERTEX_POINT('',#3454);
#1082=VERTEX_POINT('',#3458);
#1083=VERTEX_POINT('',#3460);
#1084=VERTEX_POINT('',#3464);
#1085=VERTEX_POINT('',#3466);
#1086=VERTEX_POINT('',#3467);
#1087=VERTEX_POINT('',#3469);
#1088=VERTEX_POINT('',#3471);
#1089=VERTEX_POINT('',#3474);
#1090=VERTEX_POINT('',#3476);
#1091=VERTEX_POINT('',#3478);
#1092=VERTEX_POINT('',#3480);
#1093=VERTEX_POINT('',#3482);
#1094=VERTEX_POINT('',#3484);
#1095=VERTEX_POINT('',#3488);
#1096=VERTEX_POINT('',#3490);
#1097=VERTEX_POINT('',#3494);
#1098=VERTEX_POINT('',#3496);
#1099=VERTEX_POINT('',#3500);
#1100=VERTEX_POINT('',#3502);
#1101=VERTEX_POINT('',#3506);
#1102=VERTEX_POINT('',#3508);
#1103=VERTEX_POINT('',#3515);
#1104=VERTEX_POINT('',#3517);
#1105=VERTEX_POINT('',#3520);
#1106=VERTEX_POINT('',#3522);
#1107=VERTEX_POINT('',#3525);
#1108=VERTEX_POINT('',#3528);
#1109=VERTEX_POINT('',#3531);
#1110=VERTEX_POINT('',#3534);
#1111=VERTEX_POINT('',#3537);
#1112=VERTEX_POINT('',#3541);
#1113=VERTEX_POINT('',#3544);
#1114=VERTEX_POINT('',#3547);
#1115=VERTEX_POINT('',#3550);
#1116=VERTEX_POINT('',#3553);
#1117=VERTEX_POINT('',#3557);
#1118=VERTEX_POINT('',#3560);
#1119=VERTEX_POINT('',#3563);
#1120=VERTEX_POINT('',#3566);
#1121=VERTEX_POINT('',#3569);
#1122=VERTEX_POINT('',#3573);
#1123=VERTEX_POINT('',#3576);
#1124=VERTEX_POINT('',#3579);
#1125=VERTEX_POINT('',#3582);
#1126=VERTEX_POINT('',#3585);
#1127=VERTEX_POINT('',#3589);
#1128=VERTEX_POINT('',#3591);
#1129=VERTEX_POINT('',#3595);
#1130=VERTEX_POINT('',#3599);
#1131=VERTEX_POINT('',#3606);
#1132=VERTEX_POINT('',#3610);
#1133=VERTEX_POINT('',#3613);
#1134=VERTEX_POINT('',#3617);
#1135=VERTEX_POINT('',#3620);
#1136=VERTEX_POINT('',#3624);
#1137=VERTEX_POINT('',#3627);
#1138=VERTEX_POINT('',#3631);
#1139=VERTEX_POINT('',#3634);
#1140=VERTEX_POINT('',#3638);
#1141=VERTEX_POINT('',#3641);
#1142=VERTEX_POINT('',#3645);
#1143=VERTEX_POINT('',#3648);
#1144=VERTEX_POINT('',#3652);
#1145=VERTEX_POINT('',#3655);
#1146=VERTEX_POINT('',#3659);
#1147=VERTEX_POINT('',#3662);
#1148=VERTEX_POINT('',#3676);
#1149=VERTEX_POINT('',#3678);
#1150=VERTEX_POINT('',#3681);
#1151=VERTEX_POINT('',#3685);
#1152=VERTEX_POINT('',#3688);
#1153=VERTEX_POINT('',#3690);
#1154=VERTEX_POINT('',#3693);
#1155=VERTEX_POINT('',#3697);
#1156=VERTEX_POINT('',#3700);
#1157=VERTEX_POINT('',#3703);
#1158=VERTEX_POINT('',#3707);
#1159=VERTEX_POINT('',#3710);
#1160=VERTEX_POINT('',#3714);
#1161=VERTEX_POINT('',#3718);
#1162=VERTEX_POINT('',#3723);
#1163=VERTEX_POINT('',#3724);
#1164=VERTEX_POINT('',#3726);
#1165=VERTEX_POINT('',#3728);
#1166=VERTEX_POINT('',#3732);
#1167=VERTEX_POINT('',#3733);
#1168=VERTEX_POINT('',#3735);
#1169=VERTEX_POINT('',#3737);
#1170=VERTEX_POINT('',#3741);
#1171=VERTEX_POINT('',#3743);
#1172=VERTEX_POINT('',#3747);
#1173=VERTEX_POINT('',#3749);
#1174=VERTEX_POINT('',#3751);
#1175=VERTEX_POINT('',#3753);
#1176=VERTEX_POINT('',#3757);
#1177=VERTEX_POINT('',#3759);
#1178=VERTEX_POINT('',#3763);
#1179=VERTEX_POINT('',#3764);
#1180=VERTEX_POINT('',#3766);
#1181=VERTEX_POINT('',#3768);
#1182=VERTEX_POINT('',#3772);
#1183=VERTEX_POINT('',#3774);
#1184=VERTEX_POINT('',#3776);
#1185=VERTEX_POINT('',#3778);
#1186=VERTEX_POINT('',#3783);
#1187=VERTEX_POINT('',#3785);
#1188=VERTEX_POINT('',#3787);
#1189=VERTEX_POINT('',#3789);
#1190=VERTEX_POINT('',#3793);
#1191=VERTEX_POINT('',#3794);
#1192=VERTEX_POINT('',#3796);
#1193=VERTEX_POINT('',#3798);
#1194=VERTEX_POINT('',#3800);
#1195=VERTEX_POINT('',#3802);
#1196=VERTEX_POINT('',#3805);
#1197=VERTEX_POINT('',#3807);
#1198=VERTEX_POINT('',#3811);
#1199=VERTEX_POINT('',#3813);
#1200=VERTEX_POINT('',#3815);
#1201=VERTEX_POINT('',#3817);
#1202=VERTEX_POINT('',#3819);
#1203=VERTEX_POINT('',#3821);
#1204=VERTEX_POINT('',#3825);
#1205=VERTEX_POINT('',#3827);
#1206=VERTEX_POINT('',#3829);
#1207=VERTEX_POINT('',#3831);
#1208=VERTEX_POINT('',#3836);
#1209=VERTEX_POINT('',#3838);
#1210=VERTEX_POINT('',#3840);
#1211=VERTEX_POINT('',#3841);
#1212=VERTEX_POINT('',#3843);
#1213=VERTEX_POINT('',#3846);
#1214=VERTEX_POINT('',#3849);
#1215=VERTEX_POINT('',#3852);
#1216=VERTEX_POINT('',#3856);
#1217=VERTEX_POINT('',#3860);
#1218=VERTEX_POINT('',#3862);
#1219=VERTEX_POINT('',#3867);
#1220=VERTEX_POINT('',#3874);
#1221=VERTEX_POINT('',#3880);
#1222=VERTEX_POINT('',#3887);
#1223=VERTEX_POINT('',#3898);
#1224=VERTEX_POINT('',#3901);
#1225=VERTEX_POINT('',#3905);
#1226=VERTEX_POINT('',#3908);
#1227=VERTEX_POINT('',#3912);
#1228=VERTEX_POINT('',#3915);
#1229=VERTEX_POINT('',#3919);
#1230=VERTEX_POINT('',#3922);
#1231=VERTEX_POINT('',#3926);
#1232=LINE('',#3290,#1413);
#1233=LINE('',#3293,#1414);
#1234=LINE('',#3295,#1415);
#1235=LINE('',#3297,#1416);
#1236=LINE('',#3299,#1417);
#1237=LINE('',#3302,#1418);
#1238=LINE('',#3304,#1419);
#1239=LINE('',#3306,#1420);
#1240=LINE('',#3308,#1421);
#1241=LINE('',#3311,#1422);
#1242=LINE('',#3313,#1423);
#1243=LINE('',#3315,#1424);
#1244=LINE('',#3317,#1425);
#1245=LINE('',#3320,#1426);
#1246=LINE('',#3322,#1427);
#1247=LINE('',#3324,#1428);
#1248=LINE('',#3326,#1429);
#1249=LINE('',#3329,#1430);
#1250=LINE('',#3331,#1431);
#1251=LINE('',#3333,#1432);
#1252=LINE('',#3339,#1433);
#1253=LINE('',#3341,#1434);
#1254=LINE('',#3343,#1435);
#1255=LINE('',#3349,#1436);
#1256=LINE('',#3351,#1437);
#1257=LINE('',#3353,#1438);
#1258=LINE('',#3355,#1439);
#1259=LINE('',#3356,#1440);
#1260=LINE('',#3358,#1441);
#1261=LINE('',#3360,#1442);
#1262=LINE('',#3361,#1443);
#1263=LINE('',#3363,#1444);
#1264=LINE('',#3365,#1445);
#1265=LINE('',#3367,#1446);
#1266=LINE('',#3368,#1447);
#1267=LINE('',#3370,#1448);
#1268=LINE('',#3372,#1449);
#1269=LINE('',#3382,#1450);
#1270=LINE('',#3384,#1451);
#1271=LINE('',#3386,#1452);
#1272=LINE('',#3388,#1453);
#1273=LINE('',#3389,#1454);
#1274=LINE('',#3391,#1455);
#1275=LINE('',#3393,#1456);
#1276=LINE('',#3394,#1457);
#1277=LINE('',#3396,#1458);
#1278=LINE('',#3398,#1459);
#1279=LINE('',#3400,#1460);
#1280=LINE('',#3401,#1461);
#1281=LINE('',#3403,#1462);
#1282=LINE('',#3405,#1463);
#1283=LINE('',#3411,#1464);
#1284=LINE('',#3413,#1465);
#1285=LINE('',#3415,#1466);
#1286=LINE('',#3421,#1467);
#1287=LINE('',#3423,#1468);
#1288=LINE('',#3425,#1469);
#1289=LINE('',#3427,#1470);
#1290=LINE('',#3429,#1471);
#1291=LINE('',#3431,#1472);
#1292=LINE('',#3435,#1473);
#1293=LINE('',#3439,#1474);
#1294=LINE('',#3441,#1475);
#1295=LINE('',#3443,#1476);
#1296=LINE('',#3445,#1477);
#1297=LINE('',#3447,#1478);
#1298=LINE('',#3449,#1479);
#1299=LINE('',#3451,#1480);
#1300=LINE('',#3453,#1481);
#1301=LINE('',#3455,#1482);
#1302=LINE('',#3457,#1483);
#1303=LINE('',#3459,#1484);
#1304=LINE('',#3461,#1485);
#1305=LINE('',#3468,#1486);
#1306=LINE('',#3472,#1487);
#1307=LINE('',#3481,#1488);
#1308=LINE('',#3483,#1489);
#1309=LINE('',#3485,#1490);
#1310=LINE('',#3487,#1491);
#1311=LINE('',#3489,#1492);
#1312=LINE('',#3491,#1493);
#1313=LINE('',#3493,#1494);
#1314=LINE('',#3495,#1495);
#1315=LINE('',#3497,#1496);
#1316=LINE('',#3499,#1497);
#1317=LINE('',#3501,#1498);
#1318=LINE('',#3503,#1499);
#1319=LINE('',#3505,#1500);
#1320=LINE('',#3507,#1501);
#1321=LINE('',#3509,#1502);
#1322=LINE('',#3588,#1503);
#1323=LINE('',#3590,#1504);
#1324=LINE('',#3592,#1505);
#1325=LINE('',#3594,#1506);
#1326=LINE('',#3598,#1507);
#1327=LINE('',#3600,#1508);
#1328=LINE('',#3665,#1509);
#1329=LINE('',#3667,#1510);
#1330=LINE('',#3670,#1511);
#1331=LINE('',#3672,#1512);
#1332=LINE('',#3722,#1513);
#1333=LINE('',#3725,#1514);
#1334=LINE('',#3727,#1515);
#1335=LINE('',#3729,#1516);
#1336=LINE('',#3731,#1517);
#1337=LINE('',#3734,#1518);
#1338=LINE('',#3736,#1519);
#1339=LINE('',#3738,#1520);
#1340=LINE('',#3740,#1521);
#1341=LINE('',#3742,#1522);
#1342=LINE('',#3744,#1523);
#1343=LINE('',#3750,#1524);
#1344=LINE('',#3752,#1525);
#1345=LINE('',#3754,#1526);
#1346=LINE('',#3756,#1527);
#1347=LINE('',#3758,#1528);
#1348=LINE('',#3760,#1529);
#1349=LINE('',#3762,#1530);
#1350=LINE('',#3765,#1531);
#1351=LINE('',#3767,#1532);
#1352=LINE('',#3769,#1533);
#1353=LINE('',#3775,#1534);
#1354=LINE('',#3777,#1535);
#1355=LINE('',#3779,#1536);
#1356=LINE('',#3781,#1537);
#1357=LINE('',#3782,#1538);
#1358=LINE('',#3784,#1539);
#1359=LINE('',#3786,#1540);
#1360=LINE('',#3788,#1541);
#1361=LINE('',#3790,#1542);
#1362=LINE('',#3792,#1543);
#1363=LINE('',#3795,#1544);
#1364=LINE('',#3797,#1545);
#1365=LINE('',#3799,#1546);
#1366=LINE('',#3801,#1547);
#1367=LINE('',#3803,#1548);
#1368=LINE('',#3804,#1549);
#1369=LINE('',#3806,#1550);
#1370=LINE('',#3808,#1551);
#1371=LINE('',#3810,#1552);
#1372=LINE('',#3812,#1553);
#1373=LINE('',#3814,#1554);
#1374=LINE('',#3816,#1555);
#1375=LINE('',#3818,#1556);
#1376=LINE('',#3820,#1557);
#1377=LINE('',#3822,#1558);
#1378=LINE('',#3824,#1559);
#1379=LINE('',#3826,#1560);
#1380=LINE('',#3828,#1561);
#1381=LINE('',#3830,#1562);
#1382=LINE('',#3832,#1563);
#1383=LINE('',#3833,#1564);
#1384=LINE('',#3839,#1565);
#1385=LINE('',#3842,#1566);
#1386=LINE('',#3844,#1567);
#1387=LINE('',#3845,#1568);
#1388=LINE('',#3847,#1569);
#1389=LINE('',#3848,#1570);
#1390=LINE('',#3850,#1571);
#1391=LINE('',#3851,#1572);
#1392=LINE('',#3853,#1573);
#1393=LINE('',#3857,#1574);
#1394=LINE('',#3859,#1575);
#1395=LINE('',#3861,#1576);
#1396=LINE('',#3863,#1577);
#1397=LINE('',#3864,#1578);
#1398=LINE('',#3866,#1579);
#1399=LINE('',#3868,#1580);
#1400=LINE('',#3870,#1581);
#1401=LINE('',#3873,#1582);
#1402=LINE('',#3875,#1583);
#1403=LINE('',#3877,#1584);
#1404=LINE('',#3879,#1585);
#1405=LINE('',#3881,#1586);
#1406=LINE('',#3883,#1587);
#1407=LINE('',#3886,#1588);
#1408=LINE('',#3888,#1589);
#1409=LINE('',#3890,#1590);
#1410=LINE('',#3893,#1591);
#1411=LINE('',#3895,#1592);
#1412=LINE('',#3930,#1593);
#1413=VECTOR('',#2609,1000.);
#1414=VECTOR('',#2610,1000.);
#1415=VECTOR('',#2611,1000.);
#1416=VECTOR('',#2612,1000.);
#1417=VECTOR('',#2615,1000.);
#1418=VECTOR('',#2616,1000.);
#1419=VECTOR('',#2617,1000.);
#1420=VECTOR('',#2618,1000.);
#1421=VECTOR('',#2621,1000.);
#1422=VECTOR('',#2622,1000.);
#1423=VECTOR('',#2623,1000.);
#1424=VECTOR('',#2624,1000.);
#1425=VECTOR('',#2627,1000.);
#1426=VECTOR('',#2628,1000.);
#1427=VECTOR('',#2629,1000.);
#1428=VECTOR('',#2630,1000.);
#1429=VECTOR('',#2633,1000.);
#1430=VECTOR('',#2634,1000.);
#1431=VECTOR('',#2635,1000.);
#1432=VECTOR('',#2636,1000.);
#1433=VECTOR('',#2643,1000.);
#1434=VECTOR('',#2644,1000.);
#1435=VECTOR('',#2645,1000.);
#1436=VECTOR('',#2652,1000.);
#1437=VECTOR('',#2653,1000.);
#1438=VECTOR('',#2654,1000.);
#1439=VECTOR('',#2657,1000.);
#1440=VECTOR('',#2658,1000.);
#1441=VECTOR('',#2659,1000.);
#1442=VECTOR('',#2660,1000.);
#1443=VECTOR('',#2661,1000.);
#1444=VECTOR('',#2664,1000.);
#1445=VECTOR('',#2665,1000.);
#1446=VECTOR('',#2666,1000.);
#1447=VECTOR('',#2667,1000.);
#1448=VECTOR('',#2668,1000.);
#1449=VECTOR('',#2669,1000.);
#1450=VECTOR('',#2680,1000.);
#1451=VECTOR('',#2681,1000.);
#1452=VECTOR('',#2682,1000.);
#1453=VECTOR('',#2685,1000.);
#1454=VECTOR('',#2686,1000.);
#1455=VECTOR('',#2687,1000.);
#1456=VECTOR('',#2688,1000.);
#1457=VECTOR('',#2689,1000.);
#1458=VECTOR('',#2692,1000.);
#1459=VECTOR('',#2693,1000.);
#1460=VECTOR('',#2694,1000.);
#1461=VECTOR('',#2695,1000.);
#1462=VECTOR('',#2696,1000.);
#1463=VECTOR('',#2697,1000.);
#1464=VECTOR('',#2704,1000.);
#1465=VECTOR('',#2705,1000.);
#1466=VECTOR('',#2706,1000.);
#1467=VECTOR('',#2713,1000.);
#1468=VECTOR('',#2714,1000.);
#1469=VECTOR('',#2715,1000.);
#1470=VECTOR('',#2718,1000.);
#1471=VECTOR('',#2719,1000.);
#1472=VECTOR('',#2720,1000.);
#1473=VECTOR('',#2725,1000.);
#1474=VECTOR('',#2730,1000.);
#1475=VECTOR('',#2731,1000.);
#1476=VECTOR('',#2732,1000.);
#1477=VECTOR('',#2735,1000.);
#1478=VECTOR('',#2736,1000.);
#1479=VECTOR('',#2737,1000.);
#1480=VECTOR('',#2740,1000.);
#1481=VECTOR('',#2741,1000.);
#1482=VECTOR('',#2742,1000.);
#1483=VECTOR('',#2745,1000.);
#1484=VECTOR('',#2746,1000.);
#1485=VECTOR('',#2747,1000.);
#1486=VECTOR('',#2754,1000.);
#1487=VECTOR('',#2757,1000.);
#1488=VECTOR('',#2766,1000.);
#1489=VECTOR('',#2767,1000.);
#1490=VECTOR('',#2768,1000.);
#1491=VECTOR('',#2771,1000.);
#1492=VECTOR('',#2772,1000.);
#1493=VECTOR('',#2773,1000.);
#1494=VECTOR('',#2776,1000.);
#1495=VECTOR('',#2777,1000.);
#1496=VECTOR('',#2778,1000.);
#1497=VECTOR('',#2781,1000.);
#1498=VECTOR('',#2782,1000.);
#1499=VECTOR('',#2783,1000.);
#1500=VECTOR('',#2786,1000.);
#1501=VECTOR('',#2787,1000.);
#1502=VECTOR('',#2788,1000.);
#1503=VECTOR('',#2897,1000.);
#1504=VECTOR('',#2898,1000.);
#1505=VECTOR('',#2899,1000.);
#1506=VECTOR('',#2902,1000.);
#1507=VECTOR('',#2907,1000.);
#1508=VECTOR('',#2908,1000.);
#1509=VECTOR('',#3003,1000.);
#1510=VECTOR('',#3006,1000.);
#1511=VECTOR('',#3011,1000.);
#1512=VECTOR('',#3014,1000.);
#1513=VECTOR('',#3085,1000.);
#1514=VECTOR('',#3086,1000.);
#1515=VECTOR('',#3087,1000.);
#1516=VECTOR('',#3088,1000.);
#1517=VECTOR('',#3091,1000.);
#1518=VECTOR('',#3092,1000.);
#1519=VECTOR('',#3093,1000.);
#1520=VECTOR('',#3094,1000.);
#1521=VECTOR('',#3097,1000.);
#1522=VECTOR('',#3098,1000.);
#1523=VECTOR('',#3099,1000.);
#1524=VECTOR('',#3106,1000.);
#1525=VECTOR('',#3107,1000.);
#1526=VECTOR('',#3108,1000.);
#1527=VECTOR('',#3111,1000.);
#1528=VECTOR('',#3112,1000.);
#1529=VECTOR('',#3113,1000.);
#1530=VECTOR('',#3116,1000.);
#1531=VECTOR('',#3117,1000.);
#1532=VECTOR('',#3118,1000.);
#1533=VECTOR('',#3119,1000.);
#1534=VECTOR('',#3126,1000.);
#1535=VECTOR('',#3127,1000.);
#1536=VECTOR('',#3128,1000.);
#1537=VECTOR('',#3131,1000.);
#1538=VECTOR('',#3132,1000.);
#1539=VECTOR('',#3133,1000.);
#1540=VECTOR('',#3134,1000.);
#1541=VECTOR('',#3135,1000.);
#1542=VECTOR('',#3136,1000.);
#1543=VECTOR('',#3139,1000.);
#1544=VECTOR('',#3140,1000.);
#1545=VECTOR('',#3141,1000.);
#1546=VECTOR('',#3142,1000.);
#1547=VECTOR('',#3143,1000.);
#1548=VECTOR('',#3144,1000.);
#1549=VECTOR('',#3145,1000.);
#1550=VECTOR('',#3146,1000.);
#1551=VECTOR('',#3147,1000.);
#1552=VECTOR('',#3150,1000.);
#1553=VECTOR('',#3151,1000.);
#1554=VECTOR('',#3152,1000.);
#1555=VECTOR('',#3153,1000.);
#1556=VECTOR('',#3154,1000.);
#1557=VECTOR('',#3155,1000.);
#1558=VECTOR('',#3156,1000.);
#1559=VECTOR('',#3159,1000.);
#1560=VECTOR('',#3160,1000.);
#1561=VECTOR('',#3161,1000.);
#1562=VECTOR('',#3162,1000.);
#1563=VECTOR('',#3163,1000.);
#1564=VECTOR('',#3164,1000.);
#1565=VECTOR('',#3171,1000.);
#1566=VECTOR('',#3172,1000.);
#1567=VECTOR('',#3173,1000.);
#1568=VECTOR('',#3174,1000.);
#1569=VECTOR('',#3175,1000.);
#1570=VECTOR('',#3176,1000.);
#1571=VECTOR('',#3177,1000.);
#1572=VECTOR('',#3178,1000.);
#1573=VECTOR('',#3179,1000.);
#1574=VECTOR('',#3184,1000.);
#1575=VECTOR('',#3187,1000.);
#1576=VECTOR('',#3188,1000.);
#1577=VECTOR('',#3189,1000.);
#1578=VECTOR('',#3190,1000.);
#1579=VECTOR('',#3193,1000.);
#1580=VECTOR('',#3194,1000.);
#1581=VECTOR('',#3197,1000.);
#1582=VECTOR('',#3202,1000.);
#1583=VECTOR('',#3203,1000.);
#1584=VECTOR('',#3206,1000.);
#1585=VECTOR('',#3209,1000.);
#1586=VECTOR('',#3210,1000.);
#1587=VECTOR('',#3213,1000.);
#1588=VECTOR('',#3218,1000.);
#1589=VECTOR('',#3219,1000.);
#1590=VECTOR('',#3222,1000.);
#1591=VECTOR('',#3227,1000.);
#1592=VECTOR('',#3230,1000.);
#1593=VECTOR('',#3281,1000.);
#1594=EDGE_LOOP('',(#187,#188,#189,#190));
#1595=EDGE_LOOP('',(#191,#192,#193,#194));
#1596=EDGE_LOOP('',(#195,#196,#197,#198));
#1597=EDGE_LOOP('',(#199,#200,#201,#202));
#1598=EDGE_LOOP('',(#203,#204,#205,#206));
#1599=EDGE_LOOP('',(#207));
#1600=EDGE_LOOP('',(#208));
#1601=EDGE_LOOP('',(#209,#210,#211,#212));
#1602=EDGE_LOOP('',(#213));
#1603=EDGE_LOOP('',(#214));
#1604=EDGE_LOOP('',(#215,#216,#217,#218));
#1605=EDGE_LOOP('',(#219,#220,#221,#222,#223,#224,#225,#226));
#1606=EDGE_LOOP('',(#227,#228,#229,#230,#231,#232,#233,#234));
#1607=EDGE_LOOP('',(#235));
#1608=EDGE_LOOP('',(#236));
#1609=EDGE_LOOP('',(#237));
#1610=EDGE_LOOP('',(#238));
#1611=EDGE_LOOP('',(#239,#240,#241,#242));
#1612=EDGE_LOOP('',(#243,#244,#245,#246,#247,#248,#249,#250));
#1613=EDGE_LOOP('',(#251,#252,#253,#254,#255,#256,#257,#258));
#1614=EDGE_LOOP('',(#259));
#1615=EDGE_LOOP('',(#260));
#1616=EDGE_LOOP('',(#261,#262,#263,#264));
#1617=EDGE_LOOP('',(#265));
#1618=EDGE_LOOP('',(#266));
#1619=EDGE_LOOP('',(#267,#268,#269,#270));
#1620=EDGE_LOOP('',(#271,#272,#273,#274));
#1621=EDGE_LOOP('',(#275,#276,#277,#278));
#1622=EDGE_LOOP('',(#279,#280,#281,#282));
#1623=EDGE_LOOP('',(#283,#284,#285,#286));
#1624=EDGE_LOOP('',(#287,#288,#289,#290));
#1625=EDGE_LOOP('',(#291,#292,#293,#294));
#1626=EDGE_LOOP('',(#295));
#1627=EDGE_LOOP('',(#296,#297,#298,#299));
#1628=EDGE_LOOP('',(#300));
#1629=EDGE_LOOP('',(#301));
#1630=EDGE_LOOP('',(#302));
#1631=EDGE_LOOP('',(#303));
#1632=EDGE_LOOP('',(#304,#305,#306,#307));
#1633=EDGE_LOOP('',(#308,#309,#310,#311));
#1634=EDGE_LOOP('',(#312,#313,#314,#315));
#1635=EDGE_LOOP('',(#316,#317,#318,#319));
#1636=EDGE_LOOP('',(#320,#321,#322,#323));
#1637=EDGE_LOOP('',(#324,#325,#326,#327));
#1638=EDGE_LOOP('',(#328));
#1639=EDGE_LOOP('',(#329));
#1640=EDGE_LOOP('',(#330,#331,#332,#333,#334,#335,#336,#337,#338,#339,#340,
#341,#342,#343,#344,#345,#346,#347,#348,#349,#350,#351,#352,#353));
#1641=EDGE_LOOP('',(#354));
#1642=EDGE_LOOP('',(#355));
#1643=EDGE_LOOP('',(#356,#357,#358,#359,#360,#361,#362,#363,#364,#365,#366,
#367,#368,#369,#370,#371,#372,#373,#374,#375,#376,#377,#378,#379));
#1644=EDGE_LOOP('',(#380));
#1645=EDGE_LOOP('',(#381));
#1646=EDGE_LOOP('',(#382));
#1647=EDGE_LOOP('',(#383));
#1648=EDGE_LOOP('',(#384));
#1649=EDGE_LOOP('',(#385));
#1650=EDGE_LOOP('',(#386));
#1651=EDGE_LOOP('',(#387));
#1652=EDGE_LOOP('',(#388));
#1653=EDGE_LOOP('',(#389));
#1654=EDGE_LOOP('',(#390));
#1655=EDGE_LOOP('',(#391));
#1656=EDGE_LOOP('',(#392));
#1657=EDGE_LOOP('',(#393));
#1658=EDGE_LOOP('',(#394));
#1659=EDGE_LOOP('',(#395));
#1660=EDGE_LOOP('',(#396));
#1661=EDGE_LOOP('',(#397));
#1662=EDGE_LOOP('',(#398));
#1663=EDGE_LOOP('',(#399));
#1664=EDGE_LOOP('',(#400));
#1665=EDGE_LOOP('',(#401));
#1666=EDGE_LOOP('',(#402));
#1667=EDGE_LOOP('',(#403));
#1668=EDGE_LOOP('',(#404));
#1669=EDGE_LOOP('',(#405));
#1670=EDGE_LOOP('',(#406));
#1671=EDGE_LOOP('',(#407));
#1672=EDGE_LOOP('',(#408));
#1673=EDGE_LOOP('',(#409));
#1674=EDGE_LOOP('',(#410));
#1675=EDGE_LOOP('',(#411));
#1676=EDGE_LOOP('',(#412));
#1677=EDGE_LOOP('',(#413));
#1678=EDGE_LOOP('',(#414));
#1679=EDGE_LOOP('',(#415));
#1680=EDGE_LOOP('',(#416));
#1681=EDGE_LOOP('',(#417));
#1682=EDGE_LOOP('',(#418));
#1683=EDGE_LOOP('',(#419));
#1684=EDGE_LOOP('',(#420));
#1685=EDGE_LOOP('',(#421));
#1686=EDGE_LOOP('',(#422));
#1687=EDGE_LOOP('',(#423));
#1688=EDGE_LOOP('',(#424));
#1689=EDGE_LOOP('',(#425));
#1690=EDGE_LOOP('',(#426));
#1691=EDGE_LOOP('',(#427));
#1692=EDGE_LOOP('',(#428,#429,#430,#431));
#1693=EDGE_LOOP('',(#432,#433,#434,#435));
#1694=EDGE_LOOP('',(#436,#437,#438,#439));
#1695=EDGE_LOOP('',(#440,#441,#442,#443));
#1696=EDGE_LOOP('',(#444,#445,#446,#447));
#1697=EDGE_LOOP('',(#448));
#1698=EDGE_LOOP('',(#449));
#1699=EDGE_LOOP('',(#450));
#1700=EDGE_LOOP('',(#451));
#1701=EDGE_LOOP('',(#452));
#1702=EDGE_LOOP('',(#453));
#1703=EDGE_LOOP('',(#454));
#1704=EDGE_LOOP('',(#455));
#1705=EDGE_LOOP('',(#456));
#1706=EDGE_LOOP('',(#457));
#1707=EDGE_LOOP('',(#458));
#1708=EDGE_LOOP('',(#459));
#1709=EDGE_LOOP('',(#460));
#1710=EDGE_LOOP('',(#461));
#1711=EDGE_LOOP('',(#462));
#1712=EDGE_LOOP('',(#463));
#1713=EDGE_LOOP('',(#464));
#1714=EDGE_LOOP('',(#465));
#1715=EDGE_LOOP('',(#466));
#1716=EDGE_LOOP('',(#467));
#1717=EDGE_LOOP('',(#468));
#1718=EDGE_LOOP('',(#469));
#1719=EDGE_LOOP('',(#470));
#1720=EDGE_LOOP('',(#471));
#1721=EDGE_LOOP('',(#472));
#1722=EDGE_LOOP('',(#473));
#1723=EDGE_LOOP('',(#474));
#1724=EDGE_LOOP('',(#475));
#1725=EDGE_LOOP('',(#476));
#1726=EDGE_LOOP('',(#477));
#1727=EDGE_LOOP('',(#478));
#1728=EDGE_LOOP('',(#479));
#1729=EDGE_LOOP('',(#480));
#1730=EDGE_LOOP('',(#481));
#1731=EDGE_LOOP('',(#482));
#1732=EDGE_LOOP('',(#483));
#1733=EDGE_LOOP('',(#484));
#1734=EDGE_LOOP('',(#485));
#1735=EDGE_LOOP('',(#486));
#1736=EDGE_LOOP('',(#487));
#1737=EDGE_LOOP('',(#488));
#1738=EDGE_LOOP('',(#489));
#1739=EDGE_LOOP('',(#490));
#1740=EDGE_LOOP('',(#491,#492,#493,#494));
#1741=EDGE_LOOP('',(#495,#496,#497,#498));
#1742=EDGE_LOOP('',(#499,#500,#501,#502));
#1743=EDGE_LOOP('',(#503,#504,#505,#506));
#1744=EDGE_LOOP('',(#507,#508,#509,#510));
#1745=EDGE_LOOP('',(#511,#512,#513,#514));
#1746=EDGE_LOOP('',(#515));
#1747=EDGE_LOOP('',(#516));
#1748=EDGE_LOOP('',(#517));
#1749=EDGE_LOOP('',(#518));
#1750=EDGE_LOOP('',(#519));
#1751=EDGE_LOOP('',(#520));
#1752=EDGE_LOOP('',(#521));
#1753=EDGE_LOOP('',(#522));
#1754=EDGE_LOOP('',(#523));
#1755=EDGE_LOOP('',(#524));
#1756=EDGE_LOOP('',(#525));
#1757=EDGE_LOOP('',(#526));
#1758=EDGE_LOOP('',(#527));
#1759=EDGE_LOOP('',(#528));
#1760=EDGE_LOOP('',(#529));
#1761=EDGE_LOOP('',(#530));
#1762=EDGE_LOOP('',(#531));
#1763=EDGE_LOOP('',(#532));
#1764=EDGE_LOOP('',(#533));
#1765=EDGE_LOOP('',(#534));
#1766=EDGE_LOOP('',(#535));
#1767=EDGE_LOOP('',(#536));
#1768=EDGE_LOOP('',(#537));
#1769=EDGE_LOOP('',(#538));
#1770=EDGE_LOOP('',(#539));
#1771=EDGE_LOOP('',(#540));
#1772=EDGE_LOOP('',(#541));
#1773=EDGE_LOOP('',(#542));
#1774=EDGE_LOOP('',(#543));
#1775=EDGE_LOOP('',(#544));
#1776=EDGE_LOOP('',(#545));
#1777=EDGE_LOOP('',(#546));
#1778=EDGE_LOOP('',(#547,#548,#549,#550));
#1779=EDGE_LOOP('',(#551,#552,#553,#554));
#1780=EDGE_LOOP('',(#555,#556,#557,#558));
#1781=EDGE_LOOP('',(#559));
#1782=EDGE_LOOP('',(#560));
#1783=EDGE_LOOP('',(#561,#562,#563,#564));
#1784=EDGE_LOOP('',(#565,#566,#567,#568));
#1785=EDGE_LOOP('',(#569,#570,#571,#572));
#1786=EDGE_LOOP('',(#573));
#1787=EDGE_LOOP('',(#574));
#1788=EDGE_LOOP('',(#575,#576,#577,#578));
#1789=EDGE_LOOP('',(#579,#580,#581,#582,#583,#584,#585,#586));
#1790=EDGE_LOOP('',(#587,#588,#589,#590,#591,#592,#593,#594,#595,#596));
#1791=EDGE_LOOP('',(#597,#598,#599,#600,#601,#602,#603,#604));
#1792=EDGE_LOOP('',(#605,#606,#607,#608,#609,#610,#611,#612));
#1793=EDGE_LOOP('',(#613));
#1794=EDGE_LOOP('',(#614));
#1795=EDGE_LOOP('',(#615,#616,#617,#618,#619,#620,#621,#622,#623,#624,#625,
#626));
#1796=EDGE_LOOP('',(#627));
#1797=EDGE_LOOP('',(#628,#629,#630,#631));
#1798=EDGE_LOOP('',(#632,#633,#634,#635,#636,#637,#638,#639));
#1799=EDGE_LOOP('',(#640,#641,#642,#643));
#1800=EDGE_LOOP('',(#644,#645,#646,#647));
#1801=EDGE_LOOP('',(#648,#649,#650,#651,#652,#653,#654,#655));
#1802=EDGE_LOOP('',(#656,#657,#658,#659,#660,#661));
#1803=EDGE_LOOP('',(#662,#663,#664,#665));
#1804=EDGE_LOOP('',(#666,#667,#668,#669));
#1805=EDGE_LOOP('',(#670,#671,#672,#673));
#1806=EDGE_LOOP('',(#674,#675,#676,#677,#678,#679,#680,#681));
#1807=EDGE_LOOP('',(#682,#683,#684,#685,#686,#687,#688,#689));
#1808=EDGE_LOOP('',(#690,#691,#692,#693));
#1809=EDGE_LOOP('',(#694,#695,#696,#697));
#1810=EDGE_LOOP('',(#698,#699,#700,#701,#702,#703));
#1811=EDGE_LOOP('',(#704,#705,#706,#707));
#1812=EDGE_LOOP('',(#708));
#1813=EDGE_LOOP('',(#709));
#1814=EDGE_LOOP('',(#710));
#1815=EDGE_LOOP('',(#711));
#1816=EDGE_LOOP('',(#712));
#1817=EDGE_LOOP('',(#713));
#1818=EDGE_LOOP('',(#714));
#1819=EDGE_LOOP('',(#715));
#1820=EDGE_LOOP('',(#716));
#1821=EDGE_LOOP('',(#717));
#1822=EDGE_LOOP('',(#718));
#1823=EDGE_LOOP('',(#719));
#1824=EDGE_LOOP('',(#720));
#1825=EDGE_LOOP('',(#721));
#1826=EDGE_LOOP('',(#722));
#1827=EDGE_LOOP('',(#723));
#1828=EDGE_LOOP('',(#724));
#1829=EDGE_LOOP('',(#725));
#1830=EDGE_LOOP('',(#726));
#1831=EDGE_LOOP('',(#727));
#1832=EDGE_LOOP('',(#728));
#1833=EDGE_LOOP('',(#729));
#1834=EDGE_LOOP('',(#730));
#1835=EDGE_LOOP('',(#731));
#1836=EDGE_LOOP('',(#732));
#1837=EDGE_LOOP('',(#733,#734,#735,#736));
#1838=EDGE_LOOP('',(#737,#738,#739,#740));
#1839=FACE_BOUND('',#1594,.T.);
#1840=FACE_BOUND('',#1595,.T.);
#1841=FACE_BOUND('',#1596,.T.);
#1842=FACE_BOUND('',#1597,.T.);
#1843=FACE_BOUND('',#1598,.T.);
#1844=FACE_BOUND('',#1599,.T.);
#1845=FACE_BOUND('',#1600,.T.);
#1846=FACE_BOUND('',#1601,.T.);
#1847=FACE_BOUND('',#1602,.T.);
#1848=FACE_BOUND('',#1603,.T.);
#1849=FACE_BOUND('',#1604,.T.);
#1850=FACE_BOUND('',#1605,.T.);
#1851=FACE_BOUND('',#1606,.T.);
#1852=FACE_BOUND('',#1607,.T.);
#1853=FACE_BOUND('',#1608,.T.);
#1854=FACE_BOUND('',#1609,.T.);
#1855=FACE_BOUND('',#1610,.T.);
#1856=FACE_BOUND('',#1611,.T.);
#1857=FACE_BOUND('',#1612,.T.);
#1858=FACE_BOUND('',#1613,.T.);
#1859=FACE_BOUND('',#1614,.T.);
#1860=FACE_BOUND('',#1615,.T.);
#1861=FACE_BOUND('',#1616,.T.);
#1862=FACE_BOUND('',#1617,.T.);
#1863=FACE_BOUND('',#1618,.T.);
#1864=FACE_BOUND('',#1619,.T.);
#1865=FACE_BOUND('',#1620,.T.);
#1866=FACE_BOUND('',#1621,.T.);
#1867=FACE_BOUND('',#1622,.T.);
#1868=FACE_BOUND('',#1623,.T.);
#1869=FACE_BOUND('',#1624,.T.);
#1870=FACE_BOUND('',#1625,.T.);
#1871=FACE_BOUND('',#1626,.T.);
#1872=FACE_BOUND('',#1627,.T.);
#1873=FACE_BOUND('',#1628,.T.);
#1874=FACE_BOUND('',#1629,.T.);
#1875=FACE_BOUND('',#1630,.T.);
#1876=FACE_BOUND('',#1631,.T.);
#1877=FACE_BOUND('',#1632,.T.);
#1878=FACE_BOUND('',#1633,.T.);
#1879=FACE_BOUND('',#1634,.T.);
#1880=FACE_BOUND('',#1635,.T.);
#1881=FACE_BOUND('',#1636,.T.);
#1882=FACE_BOUND('',#1637,.T.);
#1883=FACE_BOUND('',#1638,.T.);
#1884=FACE_BOUND('',#1639,.T.);
#1885=FACE_BOUND('',#1640,.T.);
#1886=FACE_BOUND('',#1641,.T.);
#1887=FACE_BOUND('',#1642,.T.);
#1888=FACE_BOUND('',#1643,.T.);
#1889=FACE_BOUND('',#1644,.T.);
#1890=FACE_BOUND('',#1645,.T.);
#1891=FACE_BOUND('',#1646,.T.);
#1892=FACE_BOUND('',#1647,.T.);
#1893=FACE_BOUND('',#1648,.T.);
#1894=FACE_BOUND('',#1649,.T.);
#1895=FACE_BOUND('',#1650,.T.);
#1896=FACE_BOUND('',#1651,.T.);
#1897=FACE_BOUND('',#1652,.T.);
#1898=FACE_BOUND('',#1653,.T.);
#1899=FACE_BOUND('',#1654,.T.);
#1900=FACE_BOUND('',#1655,.T.);
#1901=FACE_BOUND('',#1656,.T.);
#1902=FACE_BOUND('',#1657,.T.);
#1903=FACE_BOUND('',#1658,.T.);
#1904=FACE_BOUND('',#1659,.T.);
#1905=FACE_BOUND('',#1660,.T.);
#1906=FACE_BOUND('',#1661,.T.);
#1907=FACE_BOUND('',#1662,.T.);
#1908=FACE_BOUND('',#1663,.T.);
#1909=FACE_BOUND('',#1664,.T.);
#1910=FACE_BOUND('',#1665,.T.);
#1911=FACE_BOUND('',#1666,.T.);
#1912=FACE_BOUND('',#1667,.T.);
#1913=FACE_BOUND('',#1668,.T.);
#1914=FACE_BOUND('',#1669,.T.);
#1915=FACE_BOUND('',#1670,.T.);
#1916=FACE_BOUND('',#1671,.T.);
#1917=FACE_BOUND('',#1672,.T.);
#1918=FACE_BOUND('',#1673,.T.);
#1919=FACE_BOUND('',#1674,.T.);
#1920=FACE_BOUND('',#1675,.T.);
#1921=FACE_BOUND('',#1676,.T.);
#1922=FACE_BOUND('',#1677,.T.);
#1923=FACE_BOUND('',#1678,.T.);
#1924=FACE_BOUND('',#1679,.T.);
#1925=FACE_BOUND('',#1680,.T.);
#1926=FACE_BOUND('',#1681,.T.);
#1927=FACE_BOUND('',#1682,.T.);
#1928=FACE_BOUND('',#1683,.T.);
#1929=FACE_BOUND('',#1684,.T.);
#1930=FACE_BOUND('',#1685,.T.);
#1931=FACE_BOUND('',#1686,.T.);
#1932=FACE_BOUND('',#1687,.T.);
#1933=FACE_BOUND('',#1688,.T.);
#1934=FACE_BOUND('',#1689,.T.);
#1935=FACE_BOUND('',#1690,.T.);
#1936=FACE_BOUND('',#1691,.T.);
#1937=FACE_BOUND('',#1692,.T.);
#1938=FACE_BOUND('',#1693,.T.);
#1939=FACE_BOUND('',#1694,.T.);
#1940=FACE_BOUND('',#1695,.T.);
#1941=FACE_BOUND('',#1696,.T.);
#1942=FACE_BOUND('',#1697,.T.);
#1943=FACE_BOUND('',#1698,.T.);
#1944=FACE_BOUND('',#1699,.T.);
#1945=FACE_BOUND('',#1700,.T.);
#1946=FACE_BOUND('',#1701,.T.);
#1947=FACE_BOUND('',#1702,.T.);
#1948=FACE_BOUND('',#1703,.T.);
#1949=FACE_BOUND('',#1704,.T.);
#1950=FACE_BOUND('',#1705,.T.);
#1951=FACE_BOUND('',#1706,.T.);
#1952=FACE_BOUND('',#1707,.T.);
#1953=FACE_BOUND('',#1708,.T.);
#1954=FACE_BOUND('',#1709,.T.);
#1955=FACE_BOUND('',#1710,.T.);
#1956=FACE_BOUND('',#1711,.T.);
#1957=FACE_BOUND('',#1712,.T.);
#1958=FACE_BOUND('',#1713,.T.);
#1959=FACE_BOUND('',#1714,.T.);
#1960=FACE_BOUND('',#1715,.T.);
#1961=FACE_BOUND('',#1716,.T.);
#1962=FACE_BOUND('',#1717,.T.);
#1963=FACE_BOUND('',#1718,.T.);
#1964=FACE_BOUND('',#1719,.T.);
#1965=FACE_BOUND('',#1720,.T.);
#1966=FACE_BOUND('',#1721,.T.);
#1967=FACE_BOUND('',#1722,.T.);
#1968=FACE_BOUND('',#1723,.T.);
#1969=FACE_BOUND('',#1724,.T.);
#1970=FACE_BOUND('',#1725,.T.);
#1971=FACE_BOUND('',#1726,.T.);
#1972=FACE_BOUND('',#1727,.T.);
#1973=FACE_BOUND('',#1728,.T.);
#1974=FACE_BOUND('',#1729,.T.);
#1975=FACE_BOUND('',#1730,.T.);
#1976=FACE_BOUND('',#1731,.T.);
#1977=FACE_BOUND('',#1732,.T.);
#1978=FACE_BOUND('',#1733,.T.);
#1979=FACE_BOUND('',#1734,.T.);
#1980=FACE_BOUND('',#1735,.T.);
#1981=FACE_BOUND('',#1736,.T.);
#1982=FACE_BOUND('',#1737,.T.);
#1983=FACE_BOUND('',#1738,.T.);
#1984=FACE_BOUND('',#1739,.T.);
#1985=FACE_BOUND('',#1740,.T.);
#1986=FACE_BOUND('',#1741,.T.);
#1987=FACE_BOUND('',#1742,.T.);
#1988=FACE_BOUND('',#1743,.T.);
#1989=FACE_BOUND('',#1744,.T.);
#1990=FACE_BOUND('',#1745,.T.);
#1991=FACE_BOUND('',#1746,.T.);
#1992=FACE_BOUND('',#1747,.T.);
#1993=FACE_BOUND('',#1748,.T.);
#1994=FACE_BOUND('',#1749,.T.);
#1995=FACE_BOUND('',#1750,.T.);
#1996=FACE_BOUND('',#1751,.T.);
#1997=FACE_BOUND('',#1752,.T.);
#1998=FACE_BOUND('',#1753,.T.);
#1999=FACE_BOUND('',#1754,.T.);
#2000=FACE_BOUND('',#1755,.T.);
#2001=FACE_BOUND('',#1756,.T.);
#2002=FACE_BOUND('',#1757,.T.);
#2003=FACE_BOUND('',#1758,.T.);
#2004=FACE_BOUND('',#1759,.T.);
#2005=FACE_BOUND('',#1760,.T.);
#2006=FACE_BOUND('',#1761,.T.);
#2007=FACE_BOUND('',#1762,.T.);
#2008=FACE_BOUND('',#1763,.T.);
#2009=FACE_BOUND('',#1764,.T.);
#2010=FACE_BOUND('',#1765,.T.);
#2011=FACE_BOUND('',#1766,.T.);
#2012=FACE_BOUND('',#1767,.T.);
#2013=FACE_BOUND('',#1768,.T.);
#2014=FACE_BOUND('',#1769,.T.);
#2015=FACE_BOUND('',#1770,.T.);
#2016=FACE_BOUND('',#1771,.T.);
#2017=FACE_BOUND('',#1772,.T.);
#2018=FACE_BOUND('',#1773,.T.);
#2019=FACE_BOUND('',#1774,.T.);
#2020=FACE_BOUND('',#1775,.T.);
#2021=FACE_BOUND('',#1776,.T.);
#2022=FACE_BOUND('',#1777,.T.);
#2023=FACE_BOUND('',#1778,.T.);
#2024=FACE_BOUND('',#1779,.T.);
#2025=FACE_BOUND('',#1780,.T.);
#2026=FACE_BOUND('',#1781,.T.);
#2027=FACE_BOUND('',#1782,.T.);
#2028=FACE_BOUND('',#1783,.T.);
#2029=FACE_BOUND('',#1784,.T.);
#2030=FACE_BOUND('',#1785,.T.);
#2031=FACE_BOUND('',#1786,.T.);
#2032=FACE_BOUND('',#1787,.T.);
#2033=FACE_BOUND('',#1788,.T.);
#2034=FACE_BOUND('',#1789,.T.);
#2035=FACE_BOUND('',#1790,.T.);
#2036=FACE_BOUND('',#1791,.T.);
#2037=FACE_BOUND('',#1792,.T.);
#2038=FACE_BOUND('',#1793,.T.);
#2039=FACE_BOUND('',#1794,.T.);
#2040=FACE_BOUND('',#1795,.T.);
#2041=FACE_BOUND('',#1796,.T.);
#2042=FACE_BOUND('',#1797,.T.);
#2043=FACE_BOUND('',#1798,.T.);
#2044=FACE_BOUND('',#1799,.T.);
#2045=FACE_BOUND('',#1800,.T.);
#2046=FACE_BOUND('',#1801,.T.);
#2047=FACE_BOUND('',#1802,.T.);
#2048=FACE_BOUND('',#1803,.T.);
#2049=FACE_BOUND('',#1804,.T.);
#2050=FACE_BOUND('',#1805,.T.);
#2051=FACE_BOUND('',#1806,.T.);
#2052=FACE_BOUND('',#1807,.T.);
#2053=FACE_BOUND('',#1808,.T.);
#2054=FACE_BOUND('',#1809,.T.);
#2055=FACE_BOUND('',#1810,.T.);
#2056=FACE_BOUND('',#1811,.T.);
#2057=FACE_BOUND('',#1812,.T.);
#2058=FACE_BOUND('',#1813,.T.);
#2059=FACE_BOUND('',#1814,.T.);
#2060=FACE_BOUND('',#1815,.T.);
#2061=FACE_BOUND('',#1816,.T.);
#2062=FACE_BOUND('',#1817,.T.);
#2063=FACE_BOUND('',#1818,.T.);
#2064=FACE_BOUND('',#1819,.T.);
#2065=FACE_BOUND('',#1820,.T.);
#2066=FACE_BOUND('',#1821,.T.);
#2067=FACE_BOUND('',#1822,.T.);
#2068=FACE_BOUND('',#1823,.T.);
#2069=FACE_BOUND('',#1824,.T.);
#2070=FACE_BOUND('',#1825,.T.);
#2071=FACE_BOUND('',#1826,.T.);
#2072=FACE_BOUND('',#1827,.T.);
#2073=FACE_BOUND('',#1828,.T.);
#2074=FACE_BOUND('',#1829,.T.);
#2075=FACE_BOUND('',#1830,.T.);
#2076=FACE_BOUND('',#1831,.T.);
#2077=FACE_BOUND('',#1832,.T.);
#2078=FACE_BOUND('',#1833,.T.);
#2079=FACE_BOUND('',#1834,.T.);
#2080=FACE_BOUND('',#1835,.T.);
#2081=FACE_BOUND('',#1836,.T.);
#2082=FACE_BOUND('',#1837,.T.);
#2083=FACE_BOUND('',#1838,.T.);
#2084=PLANE('',#2355);
#2085=PLANE('',#2356);
#2086=PLANE('',#2357);
#2087=PLANE('',#2358);
#2088=PLANE('',#2359);
#2089=PLANE('',#2360);
#2090=PLANE('',#2363);
#2091=PLANE('',#2366);
#2092=PLANE('',#2367);
#2093=PLANE('',#2368);
#2094=PLANE('',#2373);
#2095=PLANE('',#2374);
#2096=PLANE('',#2375);
#2097=PLANE('',#2378);
#2098=PLANE('',#2381);
#2099=PLANE('',#2385);
#2100=PLANE('',#2386);
#2101=PLANE('',#2387);
#2102=PLANE('',#2388);
#2103=PLANE('',#2389);
#2104=PLANE('',#2397);
#2105=PLANE('',#2398);
#2106=PLANE('',#2399);
#2107=PLANE('',#2400);
#2108=PLANE('',#2404);
#2109=PLANE('',#2407);
#2110=PLANE('',#2414);
#2111=PLANE('',#2418);
#2112=PLANE('',#2425);
#2113=PLANE('',#2429);
#2114=PLANE('',#2436);
#2115=PLANE('',#2440);
#2116=PLANE('',#2447);
#2117=PLANE('',#2451);
#2118=PLANE('',#2454);
#2119=PLANE('',#2457);
#2120=PLANE('',#2460);
#2121=PLANE('',#2463);
#2122=PLANE('',#2468);
#2123=PLANE('',#2473);
#2124=PLANE('',#2474);
#2125=PLANE('',#2479);
#2126=PLANE('',#2488);
#2127=PLANE('',#2493);
#2128=PLANE('',#2498);
#2129=PLANE('',#2503);
#2130=PLANE('',#2504);
#2131=PLANE('',#2505);
#2132=PLANE('',#2506);
#2133=PLANE('',#2507);
#2134=PLANE('',#2508);
#2135=PLANE('',#2509);
#2136=PLANE('',#2515);
#2137=PLANE('',#2516);
#2138=PLANE('',#2523);
#2139=PLANE('',#2524);
#2140=PLANE('',#2530);
#2141=PLANE('',#2535);
#2142=PLANE('',#2538);
#2143=PLANE('',#2541);
#2144=PLANE('',#2543);
#2145=PLANE('',#2544);
#2146=PLANE('',#2545);
#2147=PLANE('',#2546);
#2148=PLANE('',#2549);
#2149=PLANE('',#2550);
#2150=PLANE('',#2551);
#2151=PLANE('',#2554);
#2152=PLANE('',#2555);
#2153=PLANE('',#2556);
#2154=PLANE('',#2557);
#2155=PLANE('',#2558);
#2156=PLANE('',#2561);
#2157=PLANE('',#2563);
#2158=PLANE('',#2564);
#2159=PLANE('',#2565);
#2160=PLANE('',#2566);
#2161=PLANE('',#2567);
#2162=PLANE('',#2568);
#2163=PLANE('',#2569);
#2164=PLANE('',#2570);
#2165=PLANE('',#2571);
#2166=PLANE('',#2572);
#2167=PLANE('',#2573);
#2168=PLANE('',#2574);
#2169=PLANE('',#2575);
#2170=PLANE('',#2576);
#2171=PLANE('',#2577);
#2172=PLANE('',#2582);
#2173=PLANE('',#2587);
#2174=PLANE('',#2592);
#2175=PLANE('',#2599);
#2176=PLANE('',#2601);
#2177=PLANE('',#2602);
#2178=ADVANCED_FACE('',(#1839),#2084,.F.);
#2179=ADVANCED_FACE('',(#1840),#2085,.F.);
#2180=ADVANCED_FACE('',(#1841),#2086,.F.);
#2181=ADVANCED_FACE('',(#1842),#2087,.F.);
#2182=ADVANCED_FACE('',(#1843),#2088,.F.);
#2183=ADVANCED_FACE('',(#1844,#1845,#1846),#2089,.F.);
#2184=ADVANCED_FACE('',(#1847,#1848,#1849),#2090,.F.);
#2185=ADVANCED_FACE('',(#1850),#2091,.F.);
#2186=ADVANCED_FACE('',(#1851),#2092,.F.);
#2187=ADVANCED_FACE('',(#1852,#1853,#1854,#1855,#1856),#2093,.F.);
#2188=ADVANCED_FACE('',(#1857),#2094,.F.);
#2189=ADVANCED_FACE('',(#1858),#2095,.F.);
#2190=ADVANCED_FACE('',(#1859,#1860,#1861),#2096,.F.);
#2191=ADVANCED_FACE('',(#1862,#1863,#1864),#2097,.F.);
#2192=ADVANCED_FACE('',(#1865),#2098,.F.);
#2193=ADVANCED_FACE('',(#1866),#52,.F.);
#2194=ADVANCED_FACE('',(#1867),#2099,.F.);
#2195=ADVANCED_FACE('',(#1868),#2100,.F.);
#2196=ADVANCED_FACE('',(#1869),#2101,.F.);
#2197=ADVANCED_FACE('',(#1870),#2102,.F.);
#2198=ADVANCED_FACE('',(#1871,#1872,#1873,#1874,#1875,#1876,#1877),#2103,
 .F.);
#2199=ADVANCED_FACE('',(#1878),#2104,.F.);
#2200=ADVANCED_FACE('',(#1879),#2105,.F.);
#2201=ADVANCED_FACE('',(#1880),#2106,.F.);
#2202=ADVANCED_FACE('',(#1881),#2107,.F.);
#2203=ADVANCED_FACE('',(#1882),#53,.F.);
#2204=ADVANCED_FACE('',(#1883,#1884,#1885),#2108,.T.);
#2205=ADVANCED_FACE('',(#1886,#1887,#1888),#2109,.F.);
#2206=ADVANCED_FACE('',(#1889,#1890),#34,.F.);
#2207=ADVANCED_FACE('',(#1891,#1892),#54,.F.);
#2208=ADVANCED_FACE('',(#1893,#1894),#2110,.T.);
#2209=ADVANCED_FACE('',(#1895,#1896),#55,.F.);
#2210=ADVANCED_FACE('',(#1897,#1898),#2111,.T.);
#2211=ADVANCED_FACE('',(#1899,#1900),#56,.F.);
#2212=ADVANCED_FACE('',(#1901,#1902),#35,.F.);
#2213=ADVANCED_FACE('',(#1903,#1904),#57,.F.);
#2214=ADVANCED_FACE('',(#1905,#1906),#2112,.T.);
#2215=ADVANCED_FACE('',(#1907,#1908),#58,.F.);
#2216=ADVANCED_FACE('',(#1909,#1910),#2113,.T.);
#2217=ADVANCED_FACE('',(#1911,#1912),#59,.F.);
#2218=ADVANCED_FACE('',(#1913,#1914),#36,.F.);
#2219=ADVANCED_FACE('',(#1915,#1916),#60,.F.);
#2220=ADVANCED_FACE('',(#1917,#1918),#2114,.T.);
#2221=ADVANCED_FACE('',(#1919,#1920),#61,.F.);
#2222=ADVANCED_FACE('',(#1921,#1922),#2115,.T.);
#2223=ADVANCED_FACE('',(#1923,#1924),#62,.F.);
#2224=ADVANCED_FACE('',(#1925,#1926),#37,.F.);
#2225=ADVANCED_FACE('',(#1927,#1928),#63,.F.);
#2226=ADVANCED_FACE('',(#1929,#1930),#2116,.T.);
#2227=ADVANCED_FACE('',(#1931,#1932),#64,.F.);
#2228=ADVANCED_FACE('',(#1933,#1934),#2117,.T.);
#2229=ADVANCED_FACE('',(#1935,#1936),#65,.F.);
#2230=ADVANCED_FACE('',(#1937),#2118,.F.);
#2231=ADVANCED_FACE('',(#1938),#66,.F.);
#2232=ADVANCED_FACE('',(#1939),#2119,.F.);
#2233=ADVANCED_FACE('',(#1940),#67,.F.);
#2234=ADVANCED_FACE('',(#1941),#2120,.T.);
#2235=ADVANCED_FACE('',(#1942,#1943),#68,.F.);
#2236=ADVANCED_FACE('',(#1944),#2121,.T.);
#2237=ADVANCED_FACE('',(#1945,#1946),#38,.F.);
#2238=ADVANCED_FACE('',(#1947,#1948),#69,.F.);
#2239=ADVANCED_FACE('',(#1949),#2122,.T.);
#2240=ADVANCED_FACE('',(#1950,#1951),#39,.F.);
#2241=ADVANCED_FACE('',(#1952,#1953),#70,.F.);
#2242=ADVANCED_FACE('',(#1954),#2123,.T.);
#2243=ADVANCED_FACE('',(#1955),#2124,.T.);
#2244=ADVANCED_FACE('',(#1956,#1957),#71,.F.);
#2245=ADVANCED_FACE('',(#1958,#1959),#40,.F.);
#2246=ADVANCED_FACE('',(#1960),#2125,.T.);
#2247=ADVANCED_FACE('',(#1961,#1962),#72,.F.);
#2248=ADVANCED_FACE('',(#1963,#1964),#41,.F.);
#2249=ADVANCED_FACE('',(#1965,#1966),#42,.F.);
#2250=ADVANCED_FACE('',(#1967,#1968),#73,.F.);
#2251=ADVANCED_FACE('',(#1969),#2126,.T.);
#2252=ADVANCED_FACE('',(#1970,#1971),#43,.F.);
#2253=ADVANCED_FACE('',(#1972,#1973),#74,.F.);
#2254=ADVANCED_FACE('',(#1974),#2127,.T.);
#2255=ADVANCED_FACE('',(#1975,#1976),#44,.F.);
#2256=ADVANCED_FACE('',(#1977,#1978),#75,.F.);
#2257=ADVANCED_FACE('',(#1979),#2128,.T.);
#2258=ADVANCED_FACE('',(#1980,#1981),#45,.F.);
#2259=ADVANCED_FACE('',(#1982,#1983),#76,.F.);
#2260=ADVANCED_FACE('',(#1984),#2129,.T.);
#2261=ADVANCED_FACE('',(#1985),#2130,.T.);
#2262=ADVANCED_FACE('',(#1986),#2131,.T.);
#2263=ADVANCED_FACE('',(#1987),#2132,.F.);
#2264=ADVANCED_FACE('',(#1988),#2133,.T.);
#2265=ADVANCED_FACE('',(#1989),#2134,.T.);
#2266=ADVANCED_FACE('',(#1990),#2135,.F.);
#2267=ADVANCED_FACE('',(#1991,#1992),#77,.T.);
#2268=ADVANCED_FACE('',(#1993,#1994),#78,.F.);
#2269=ADVANCED_FACE('',(#1995,#1996),#2136,.T.);
#2270=ADVANCED_FACE('',(#1997,#1998),#2137,.T.);
#2271=ADVANCED_FACE('',(#1999,#2000),#79,.T.);
#2272=ADVANCED_FACE('',(#2001,#2002),#80,.F.);
#2273=ADVANCED_FACE('',(#2003,#2004),#2138,.T.);
#2274=ADVANCED_FACE('',(#2005,#2006),#2139,.T.);
#2275=ADVANCED_FACE('',(#2007,#2008),#46,.F.);
#2276=ADVANCED_FACE('',(#2009,#2010),#81,.F.);
#2277=ADVANCED_FACE('',(#2011),#2140,.T.);
#2278=ADVANCED_FACE('',(#2012,#2013),#47,.F.);
#2279=ADVANCED_FACE('',(#2014,#2015),#82,.F.);
#2280=ADVANCED_FACE('',(#2016),#2141,.T.);
#2281=ADVANCED_FACE('',(#2017,#2018),#83,.F.);
#2282=ADVANCED_FACE('',(#2019),#2142,.F.);
#2283=ADVANCED_FACE('',(#2020,#2021),#84,.F.);
#2284=ADVANCED_FACE('',(#2022),#2143,.F.);
#2285=ADVANCED_FACE('',(#2023),#2144,.F.);
#2286=ADVANCED_FACE('',(#2024),#2145,.F.);
#2287=ADVANCED_FACE('',(#2025),#2146,.F.);
#2288=ADVANCED_FACE('',(#2026,#2027,#2028),#2147,.F.);
#2289=ADVANCED_FACE('',(#2029),#2148,.F.);
#2290=ADVANCED_FACE('',(#2030),#2149,.F.);
#2291=ADVANCED_FACE('',(#2031,#2032,#2033),#2150,.F.);
#2292=ADVANCED_FACE('',(#2034),#2151,.F.);
#2293=ADVANCED_FACE('',(#2035),#2152,.F.);
#2294=ADVANCED_FACE('',(#2036),#2153,.F.);
#2295=ADVANCED_FACE('',(#2037),#2154,.F.);
#2296=ADVANCED_FACE('',(#2038,#2039,#2040),#2155,.F.);
#2297=ADVANCED_FACE('',(#2041,#2042),#2156,.F.);
#2298=ADVANCED_FACE('',(#2043),#2157,.T.);
#2299=ADVANCED_FACE('',(#2044),#2158,.T.);
#2300=ADVANCED_FACE('',(#2045),#2159,.T.);
#2301=ADVANCED_FACE('',(#2046),#2160,.F.);
#2302=ADVANCED_FACE('',(#2047),#2161,.F.);
#2303=ADVANCED_FACE('',(#2048),#2162,.T.);
#2304=ADVANCED_FACE('',(#2049),#2163,.F.);
#2305=ADVANCED_FACE('',(#2050),#2164,.F.);
#2306=ADVANCED_FACE('',(#2051),#2165,.T.);
#2307=ADVANCED_FACE('',(#2052),#2166,.T.);
#2308=ADVANCED_FACE('',(#2053),#2167,.F.);
#2309=ADVANCED_FACE('',(#2054),#2168,.F.);
#2310=ADVANCED_FACE('',(#2055),#2169,.T.);
#2311=ADVANCED_FACE('',(#2056),#2170,.F.);
#2312=ADVANCED_FACE('',(#2057),#2171,.T.);
#2313=ADVANCED_FACE('',(#2058,#2059),#85,.F.);
#2314=ADVANCED_FACE('',(#2060,#2061),#48,.F.);
#2315=ADVANCED_FACE('',(#2062),#2172,.T.);
#2316=ADVANCED_FACE('',(#2063,#2064),#86,.F.);
#2317=ADVANCED_FACE('',(#2065,#2066),#49,.F.);
#2318=ADVANCED_FACE('',(#2067),#2173,.T.);
#2319=ADVANCED_FACE('',(#2068,#2069),#87,.F.);
#2320=ADVANCED_FACE('',(#2070,#2071),#50,.F.);
#2321=ADVANCED_FACE('',(#2072),#2174,.T.);
#2322=ADVANCED_FACE('',(#2073,#2074),#88,.F.);
#2323=ADVANCED_FACE('',(#2075,#2076),#51,.F.);
#2324=ADVANCED_FACE('',(#2077,#2078),#89,.F.);
#2325=ADVANCED_FACE('',(#2079),#2175,.F.);
#2326=ADVANCED_FACE('',(#2080,#2081),#90,.F.);
#2327=ADVANCED_FACE('',(#2082),#2176,.F.);
#2328=ADVANCED_FACE('',(#2083),#2177,.T.);
#2329=CLOSED_SHELL('',(#2178,#2179,#2180,#2181,#2182,#2183,#2184,#2185,
#2186,#2187,#2188,#2189,#2190,#2191,#2192,#2193,#2194,#2195,#2196,#2197,
#2198,#2199,#2200,#2201,#2202,#2203,#2204,#2205,#2206,#2207,#2208,#2209,
#2210,#2211,#2212,#2213,#2214,#2215,#2216,#2217,#2218,#2219,#2220,#2221,
#2222,#2223,#2224,#2225,#2226,#2227,#2228,#2229,#2230,#2231,#2232,#2233,
#2234,#2235,#2236,#2237,#2238,#2239,#2240,#2241,#2242,#2243,#2244,#2245,
#2246,#2247,#2248,#2249,#2250,#2251,#2252,#2253,#2254,#2255,#2256,#2257,
#2258,#2259,#2260,#2261,#2262,#2263,#2264,#2265,#2266,#2267,#2268,#2269,
#2270,#2271,#2272,#2273,#2274,#2275,#2276,#2277,#2278,#2279,#2280,#2281,
#2282,#2283,#2284));
#2330=CLOSED_SHELL('',(#2285,#2286,#2287,#2288,#2289,#2290,#2291,#2292,
#2293,#2294,#2295,#2296,#2297,#2298,#2299,#2300,#2301,#2302,#2303,#2304,
#2305,#2306,#2307,#2308,#2309,#2310,#2311,#2312,#2313,#2314,#2315,#2316,
#2317,#2318,#2319,#2320,#2321,#2322,#2323,#2324,#2325,#2326,#2327,#2328));
#2331=STYLED_ITEM('',(#2333),#2346);
#2332=STYLED_ITEM('',(#2334),#2347);
#2333=PRESENTATION_STYLE_ASSIGNMENT((#2335));
#2334=PRESENTATION_STYLE_ASSIGNMENT((#2336));
#2335=SURFACE_STYLE_USAGE(.BOTH.,#2337);
#2336=SURFACE_STYLE_USAGE(.BOTH.,#2338);
#2337=SURFACE_SIDE_STYLE('',(#2339));
#2338=SURFACE_SIDE_STYLE('',(#2340));
#2339=SURFACE_STYLE_FILL_AREA(#2341);
#2340=SURFACE_STYLE_FILL_AREA(#2342);
#2341=FILL_AREA_STYLE('',(#2343));
#2342=FILL_AREA_STYLE('',(#2344));
#2343=FILL_AREA_STYLE_COLOUR('',#2345);
#2344=FILL_AREA_STYLE_COLOUR('',#2345);
#2345=COLOUR_RGB('',0.689999997615814,0.689999997615814,0.689999997615814);
#2346=MANIFOLD_SOLID_BREP('MHF2-16D2(0)_BODY_X',#2329);
#2347=MANIFOLD_SOLID_BREP('MHF2-16D2(0)_FINGER',#2330);
#2348=SHAPE_DEFINITION_REPRESENTATION(#3944,#2351);
#2349=SHAPE_DEFINITION_REPRESENTATION(#3945,#2352);
#2350=SHAPE_DEFINITION_REPRESENTATION(#3947,#2353);
#2351=SHAPE_REPRESENTATION('MHF2-16D2(64_0_)',(#2354,#2542,#2603,#2604),
#3935);
#2352=SHAPE_REPRESENTATION('MHF2-16D2(0)_BODY_X',(#2354),#3936);
#2353=SHAPE_REPRESENTATION('MHF2-16D2(0)_FINGER',(#2354),#3937);
#2354=AXIS2_PLACEMENT_3D('',#3288,#2605,#2606);
#2355=AXIS2_PLACEMENT_3D('',#3289,#2607,#2608);
#2356=AXIS2_PLACEMENT_3D('',#3298,#2613,#2614);
#2357=AXIS2_PLACEMENT_3D('',#3307,#2619,#2620);
#2358=AXIS2_PLACEMENT_3D('',#3316,#2625,#2626);
#2359=AXIS2_PLACEMENT_3D('',#3325,#2631,#2632);
#2360=AXIS2_PLACEMENT_3D('',#3334,#2637,#2638);
#2361=AXIS2_PLACEMENT_3D('',#3335,#2639,#2640);
#2362=AXIS2_PLACEMENT_3D('',#3337,#2641,#2642);
#2363=AXIS2_PLACEMENT_3D('',#3344,#2646,#2647);
#2364=AXIS2_PLACEMENT_3D('',#3345,#2648,#2649);
#2365=AXIS2_PLACEMENT_3D('',#3347,#2650,#2651);
#2366=AXIS2_PLACEMENT_3D('',#3354,#2655,#2656);
#2367=AXIS2_PLACEMENT_3D('',#3362,#2662,#2663);
#2368=AXIS2_PLACEMENT_3D('',#3373,#2670,#2671);
#2369=AXIS2_PLACEMENT_3D('',#3374,#2672,#2673);
#2370=AXIS2_PLACEMENT_3D('',#3376,#2674,#2675);
#2371=AXIS2_PLACEMENT_3D('',#3378,#2676,#2677);
#2372=AXIS2_PLACEMENT_3D('',#3380,#2678,#2679);
#2373=AXIS2_PLACEMENT_3D('',#3387,#2683,#2684);
#2374=AXIS2_PLACEMENT_3D('',#3395,#2690,#2691);
#2375=AXIS2_PLACEMENT_3D('',#3406,#2698,#2699);
#2376=AXIS2_PLACEMENT_3D('',#3407,#2700,#2701);
#2377=AXIS2_PLACEMENT_3D('',#3409,#2702,#2703);
#2378=AXIS2_PLACEMENT_3D('',#3416,#2707,#2708);
#2379=AXIS2_PLACEMENT_3D('',#3417,#2709,#2710);
#2380=AXIS2_PLACEMENT_3D('',#3419,#2711,#2712);
#2381=AXIS2_PLACEMENT_3D('',#3426,#2716,#2717);
#2382=AXIS2_PLACEMENT_3D('',#3432,#2721,#2722);
#2383=AXIS2_PLACEMENT_3D('',#3433,#2723,#2724);
#2384=AXIS2_PLACEMENT_3D('',#3437,#2726,#2727);
#2385=AXIS2_PLACEMENT_3D('',#3438,#2728,#2729);
#2386=AXIS2_PLACEMENT_3D('',#3444,#2733,#2734);
#2387=AXIS2_PLACEMENT_3D('',#3450,#2738,#2739);
#2388=AXIS2_PLACEMENT_3D('',#3456,#2743,#2744);
#2389=AXIS2_PLACEMENT_3D('',#3462,#2748,#2749);
#2390=AXIS2_PLACEMENT_3D('',#3463,#2750,#2751);
#2391=AXIS2_PLACEMENT_3D('',#3465,#2752,#2753);
#2392=AXIS2_PLACEMENT_3D('',#3470,#2755,#2756);
#2393=AXIS2_PLACEMENT_3D('',#3473,#2758,#2759);
#2394=AXIS2_PLACEMENT_3D('',#3475,#2760,#2761);
#2395=AXIS2_PLACEMENT_3D('',#3477,#2762,#2763);
#2396=AXIS2_PLACEMENT_3D('',#3479,#2764,#2765);
#2397=AXIS2_PLACEMENT_3D('',#3486,#2769,#2770);
#2398=AXIS2_PLACEMENT_3D('',#3492,#2774,#2775);
#2399=AXIS2_PLACEMENT_3D('',#3498,#2779,#2780);
#2400=AXIS2_PLACEMENT_3D('',#3504,#2784,#2785);
#2401=AXIS2_PLACEMENT_3D('',#3510,#2789,#2790);
#2402=AXIS2_PLACEMENT_3D('',#3511,#2791,#2792);
#2403=AXIS2_PLACEMENT_3D('',#3512,#2793,#2794);
#2404=AXIS2_PLACEMENT_3D('',#3513,#2795,#2796);
#2405=AXIS2_PLACEMENT_3D('',#3514,#2797,#2798);
#2406=AXIS2_PLACEMENT_3D('',#3516,#2799,#2800);
#2407=AXIS2_PLACEMENT_3D('',#3518,#2801,#2802);
#2408=AXIS2_PLACEMENT_3D('',#3519,#2803,#2804);
#2409=AXIS2_PLACEMENT_3D('',#3521,#2805,#2806);
#2410=AXIS2_PLACEMENT_3D('',#3523,#2807,#2808);
#2411=AXIS2_PLACEMENT_3D('',#3524,#2809,#2810);
#2412=AXIS2_PLACEMENT_3D('',#3526,#2811,#2812);
#2413=AXIS2_PLACEMENT_3D('',#3527,#2813,#2814);
#2414=AXIS2_PLACEMENT_3D('',#3529,#2815,#2816);
#2415=AXIS2_PLACEMENT_3D('',#3530,#2817,#2818);
#2416=AXIS2_PLACEMENT_3D('',#3532,#2819,#2820);
#2417=AXIS2_PLACEMENT_3D('',#3533,#2821,#2822);
#2418=AXIS2_PLACEMENT_3D('',#3535,#2823,#2824);
#2419=AXIS2_PLACEMENT_3D('',#3536,#2825,#2826);
#2420=AXIS2_PLACEMENT_3D('',#3538,#2827,#2828);
#2421=AXIS2_PLACEMENT_3D('',#3539,#2829,#2830);
#2422=AXIS2_PLACEMENT_3D('',#3540,#2831,#2832);
#2423=AXIS2_PLACEMENT_3D('',#3542,#2833,#2834);
#2424=AXIS2_PLACEMENT_3D('',#3543,#2835,#2836);
#2425=AXIS2_PLACEMENT_3D('',#3545,#2837,#2838);
#2426=AXIS2_PLACEMENT_3D('',#3546,#2839,#2840);
#2427=AXIS2_PLACEMENT_3D('',#3548,#2841,#2842);
#2428=AXIS2_PLACEMENT_3D('',#3549,#2843,#2844);
#2429=AXIS2_PLACEMENT_3D('',#3551,#2845,#2846);
#2430=AXIS2_PLACEMENT_3D('',#3552,#2847,#2848);
#2431=AXIS2_PLACEMENT_3D('',#3554,#2849,#2850);
#2432=AXIS2_PLACEMENT_3D('',#3555,#2851,#2852);
#2433=AXIS2_PLACEMENT_3D('',#3556,#2853,#2854);
#2434=AXIS2_PLACEMENT_3D('',#3558,#2855,#2856);
#2435=AXIS2_PLACEMENT_3D('',#3559,#2857,#2858);
#2436=AXIS2_PLACEMENT_3D('',#3561,#2859,#2860);
#2437=AXIS2_PLACEMENT_3D('',#3562,#2861,#2862);
#2438=AXIS2_PLACEMENT_3D('',#3564,#2863,#2864);
#2439=AXIS2_PLACEMENT_3D('',#3565,#2865,#2866);
#2440=AXIS2_PLACEMENT_3D('',#3567,#2867,#2868);
#2441=AXIS2_PLACEMENT_3D('',#3568,#2869,#2870);
#2442=AXIS2_PLACEMENT_3D('',#3570,#2871,#2872);
#2443=AXIS2_PLACEMENT_3D('',#3571,#2873,#2874);
#2444=AXIS2_PLACEMENT_3D('',#3572,#2875,#2876);
#2445=AXIS2_PLACEMENT_3D('',#3574,#2877,#2878);
#2446=AXIS2_PLACEMENT_3D('',#3575,#2879,#2880);
#2447=AXIS2_PLACEMENT_3D('',#3577,#2881,#2882);
#2448=AXIS2_PLACEMENT_3D('',#3578,#2883,#2884);
#2449=AXIS2_PLACEMENT_3D('',#3580,#2885,#2886);
#2450=AXIS2_PLACEMENT_3D('',#3581,#2887,#2888);
#2451=AXIS2_PLACEMENT_3D('',#3583,#2889,#2890);
#2452=AXIS2_PLACEMENT_3D('',#3584,#2891,#2892);
#2453=AXIS2_PLACEMENT_3D('',#3586,#2893,#2894);
#2454=AXIS2_PLACEMENT_3D('',#3587,#2895,#2896);
#2455=AXIS2_PLACEMENT_3D('',#3593,#2900,#2901);
#2456=AXIS2_PLACEMENT_3D('',#3596,#2903,#2904);
#2457=AXIS2_PLACEMENT_3D('',#3597,#2905,#2906);
#2458=AXIS2_PLACEMENT_3D('',#3601,#2909,#2910);
#2459=AXIS2_PLACEMENT_3D('',#3602,#2911,#2912);
#2460=AXIS2_PLACEMENT_3D('',#3603,#2913,#2914);
#2461=AXIS2_PLACEMENT_3D('',#3604,#2915,#2916);
#2462=AXIS2_PLACEMENT_3D('',#3605,#2917,#2918);
#2463=AXIS2_PLACEMENT_3D('',#3607,#2919,#2920);
#2464=AXIS2_PLACEMENT_3D('',#3608,#2921,#2922);
#2465=AXIS2_PLACEMENT_3D('',#3609,#2923,#2924);
#2466=AXIS2_PLACEMENT_3D('',#3611,#2925,#2926);
#2467=AXIS2_PLACEMENT_3D('',#3612,#2927,#2928);
#2468=AXIS2_PLACEMENT_3D('',#3614,#2929,#2930);
#2469=AXIS2_PLACEMENT_3D('',#3615,#2931,#2932);
#2470=AXIS2_PLACEMENT_3D('',#3616,#2933,#2934);
#2471=AXIS2_PLACEMENT_3D('',#3618,#2935,#2936);
#2472=AXIS2_PLACEMENT_3D('',#3619,#2937,#2938);
#2473=AXIS2_PLACEMENT_3D('',#3621,#2939,#2940);
#2474=AXIS2_PLACEMENT_3D('',#3622,#2941,#2942);
#2475=AXIS2_PLACEMENT_3D('',#3623,#2943,#2944);
#2476=AXIS2_PLACEMENT_3D('',#3625,#2945,#2946);
#2477=AXIS2_PLACEMENT_3D('',#3626,#2947,#2948);
#2478=AXIS2_PLACEMENT_3D('',#3628,#2949,#2950);
#2479=AXIS2_PLACEMENT_3D('',#3629,#2951,#2952);
#2480=AXIS2_PLACEMENT_3D('',#3630,#2953,#2954);
#2481=AXIS2_PLACEMENT_3D('',#3632,#2955,#2956);
#2482=AXIS2_PLACEMENT_3D('',#3633,#2957,#2958);
#2483=AXIS2_PLACEMENT_3D('',#3635,#2959,#2960);
#2484=AXIS2_PLACEMENT_3D('',#3636,#2961,#2962);
#2485=AXIS2_PLACEMENT_3D('',#3637,#2963,#2964);
#2486=AXIS2_PLACEMENT_3D('',#3639,#2965,#2966);
#2487=AXIS2_PLACEMENT_3D('',#3640,#2967,#2968);
#2488=AXIS2_PLACEMENT_3D('',#3642,#2969,#2970);
#2489=AXIS2_PLACEMENT_3D('',#3643,#2971,#2972);
#2490=AXIS2_PLACEMENT_3D('',#3644,#2973,#2974);
#2491=AXIS2_PLACEMENT_3D('',#3646,#2975,#2976);
#2492=AXIS2_PLACEMENT_3D('',#3647,#2977,#2978);
#2493=AXIS2_PLACEMENT_3D('',#3649,#2979,#2980);
#2494=AXIS2_PLACEMENT_3D('',#3650,#2981,#2982);
#2495=AXIS2_PLACEMENT_3D('',#3651,#2983,#2984);
#2496=AXIS2_PLACEMENT_3D('',#3653,#2985,#2986);
#2497=AXIS2_PLACEMENT_3D('',#3654,#2987,#2988);
#2498=AXIS2_PLACEMENT_3D('',#3656,#2989,#2990);
#2499=AXIS2_PLACEMENT_3D('',#3657,#2991,#2992);
#2500=AXIS2_PLACEMENT_3D('',#3658,#2993,#2994);
#2501=AXIS2_PLACEMENT_3D('',#3660,#2995,#2996);
#2502=AXIS2_PLACEMENT_3D('',#3661,#2997,#2998);
#2503=AXIS2_PLACEMENT_3D('',#3663,#2999,#3000);
#2504=AXIS2_PLACEMENT_3D('',#3664,#3001,#3002);
#2505=AXIS2_PLACEMENT_3D('',#3666,#3004,#3005);
#2506=AXIS2_PLACEMENT_3D('',#3668,#3007,#3008);
#2507=AXIS2_PLACEMENT_3D('',#3669,#3009,#3010);
#2508=AXIS2_PLACEMENT_3D('',#3671,#3012,#3013);
#2509=AXIS2_PLACEMENT_3D('',#3673,#3015,#3016);
#2510=AXIS2_PLACEMENT_3D('',#3674,#3017,#3018);
#2511=AXIS2_PLACEMENT_3D('',#3675,#3019,#3020);
#2512=AXIS2_PLACEMENT_3D('',#3677,#3021,#3022);
#2513=AXIS2_PLACEMENT_3D('',#3679,#3023,#3024);
#2514=AXIS2_PLACEMENT_3D('',#3680,#3025,#3026);
#2515=AXIS2_PLACEMENT_3D('',#3682,#3027,#3028);
#2516=AXIS2_PLACEMENT_3D('',#3683,#3029,#3030);
#2517=AXIS2_PLACEMENT_3D('',#3684,#3031,#3032);
#2518=AXIS2_PLACEMENT_3D('',#3686,#3033,#3034);
#2519=AXIS2_PLACEMENT_3D('',#3687,#3035,#3036);
#2520=AXIS2_PLACEMENT_3D('',#3689,#3037,#3038);
#2521=AXIS2_PLACEMENT_3D('',#3691,#3039,#3040);
#2522=AXIS2_PLACEMENT_3D('',#3692,#3041,#3042);
#2523=AXIS2_PLACEMENT_3D('',#3694,#3043,#3044);
#2524=AXIS2_PLACEMENT_3D('',#3695,#3045,#3046);
#2525=AXIS2_PLACEMENT_3D('',#3696,#3047,#3048);
#2526=AXIS2_PLACEMENT_3D('',#3698,#3049,#3050);
#2527=AXIS2_PLACEMENT_3D('',#3699,#3051,#3052);
#2528=AXIS2_PLACEMENT_3D('',#3701,#3053,#3054);
#2529=AXIS2_PLACEMENT_3D('',#3702,#3055,#3056);
#2530=AXIS2_PLACEMENT_3D('',#3704,#3057,#3058);
#2531=AXIS2_PLACEMENT_3D('',#3705,#3059,#3060);
#2532=AXIS2_PLACEMENT_3D('',#3706,#3061,#3062);
#2533=AXIS2_PLACEMENT_3D('',#3708,#3063,#3064);
#2534=AXIS2_PLACEMENT_3D('',#3709,#3065,#3066);
#2535=AXIS2_PLACEMENT_3D('',#3711,#3067,#3068);
#2536=AXIS2_PLACEMENT_3D('',#3712,#3069,#3070);
#2537=AXIS2_PLACEMENT_3D('',#3713,#3071,#3072);
#2538=AXIS2_PLACEMENT_3D('',#3715,#3073,#3074);
#2539=AXIS2_PLACEMENT_3D('',#3716,#3075,#3076);
#2540=AXIS2_PLACEMENT_3D('',#3717,#3077,#3078);
#2541=AXIS2_PLACEMENT_3D('',#3719,#3079,#3080);
#2542=AXIS2_PLACEMENT_3D('',#3720,#3081,#3082);
#2543=AXIS2_PLACEMENT_3D('',#3721,#3083,#3084);
#2544=AXIS2_PLACEMENT_3D('',#3730,#3089,#3090);
#2545=AXIS2_PLACEMENT_3D('',#3739,#3095,#3096);
#2546=AXIS2_PLACEMENT_3D('',#3745,#3100,#3101);
#2547=AXIS2_PLACEMENT_3D('',#3746,#3102,#3103);
#2548=AXIS2_PLACEMENT_3D('',#3748,#3104,#3105);
#2549=AXIS2_PLACEMENT_3D('',#3755,#3109,#3110);
#2550=AXIS2_PLACEMENT_3D('',#3761,#3114,#3115);
#2551=AXIS2_PLACEMENT_3D('',#3770,#3120,#3121);
#2552=AXIS2_PLACEMENT_3D('',#3771,#3122,#3123);
#2553=AXIS2_PLACEMENT_3D('',#3773,#3124,#3125);
#2554=AXIS2_PLACEMENT_3D('',#3780,#3129,#3130);
#2555=AXIS2_PLACEMENT_3D('',#3791,#3137,#3138);
#2556=AXIS2_PLACEMENT_3D('',#3809,#3148,#3149);
#2557=AXIS2_PLACEMENT_3D('',#3823,#3157,#3158);
#2558=AXIS2_PLACEMENT_3D('',#3834,#3165,#3166);
#2559=AXIS2_PLACEMENT_3D('',#3835,#3167,#3168);
#2560=AXIS2_PLACEMENT_3D('',#3837,#3169,#3170);
#2561=AXIS2_PLACEMENT_3D('',#3854,#3180,#3181);
#2562=AXIS2_PLACEMENT_3D('',#3855,#3182,#3183);
#2563=AXIS2_PLACEMENT_3D('',#3858,#3185,#3186);
#2564=AXIS2_PLACEMENT_3D('',#3865,#3191,#3192);
#2565=AXIS2_PLACEMENT_3D('',#3869,#3195,#3196);
#2566=AXIS2_PLACEMENT_3D('',#3871,#3198,#3199);
#2567=AXIS2_PLACEMENT_3D('',#3872,#3200,#3201);
#2568=AXIS2_PLACEMENT_3D('',#3876,#3204,#3205);
#2569=AXIS2_PLACEMENT_3D('',#3878,#3207,#3208);
#2570=AXIS2_PLACEMENT_3D('',#3882,#3211,#3212);
#2571=AXIS2_PLACEMENT_3D('',#3884,#3214,#3215);
#2572=AXIS2_PLACEMENT_3D('',#3885,#3216,#3217);
#2573=AXIS2_PLACEMENT_3D('',#3889,#3220,#3221);
#2574=AXIS2_PLACEMENT_3D('',#3891,#3223,#3224);
#2575=AXIS2_PLACEMENT_3D('',#3892,#3225,#3226);
#2576=AXIS2_PLACEMENT_3D('',#3894,#3228,#3229);
#2577=AXIS2_PLACEMENT_3D('',#3896,#3231,#3232);
#2578=AXIS2_PLACEMENT_3D('',#3897,#3233,#3234);
#2579=AXIS2_PLACEMENT_3D('',#3899,#3235,#3236);
#2580=AXIS2_PLACEMENT_3D('',#3900,#3237,#3238);
#2581=AXIS2_PLACEMENT_3D('',#3902,#3239,#3240);
#2582=AXIS2_PLACEMENT_3D('',#3903,#3241,#3242);
#2583=AXIS2_PLACEMENT_3D('',#3904,#3243,#3244);
#2584=AXIS2_PLACEMENT_3D('',#3906,#3245,#3246);
#2585=AXIS2_PLACEMENT_3D('',#3907,#3247,#3248);
#2586=AXIS2_PLACEMENT_3D('',#3909,#3249,#3250);
#2587=AXIS2_PLACEMENT_3D('',#3910,#3251,#3252);
#2588=AXIS2_PLACEMENT_3D('',#3911,#3253,#3254);
#2589=AXIS2_PLACEMENT_3D('',#3913,#3255,#3256);
#2590=AXIS2_PLACEMENT_3D('',#3914,#3257,#3258);
#2591=AXIS2_PLACEMENT_3D('',#3916,#3259,#3260);
#2592=AXIS2_PLACEMENT_3D('',#3917,#3261,#3262);
#2593=AXIS2_PLACEMENT_3D('',#3918,#3263,#3264);
#2594=AXIS2_PLACEMENT_3D('',#3920,#3265,#3266);
#2595=AXIS2_PLACEMENT_3D('',#3921,#3267,#3268);
#2596=AXIS2_PLACEMENT_3D('',#3923,#3269,#3270);
#2597=AXIS2_PLACEMENT_3D('',#3924,#3271,#3272);
#2598=AXIS2_PLACEMENT_3D('',#3925,#3273,#3274);
#2599=AXIS2_PLACEMENT_3D('',#3927,#3275,#3276);
#2600=AXIS2_PLACEMENT_3D('',#3928,#3277,#3278);
#2601=AXIS2_PLACEMENT_3D('',#3929,#3279,#3280);
#2602=AXIS2_PLACEMENT_3D('',#3931,#3282,#3283);
#2603=AXIS2_PLACEMENT_3D('',#3932,#3284,#3285);
#2604=AXIS2_PLACEMENT_3D('',#3933,#3286,#3287);
#2605=DIRECTION('',(0.,0.,1.));
#2606=DIRECTION('',(1.,0.,0.));
#2607=DIRECTION('',(0.,1.,0.));
#2608=DIRECTION('',(0.,0.,1.));
#2609=DIRECTION('',(1.,0.,0.));
#2610=DIRECTION('',(0.,0.,-1.));
#2611=DIRECTION('',(1.,0.,0.));
#2612=DIRECTION('',(0.,0.,-1.));
#2613=DIRECTION('',(0.,1.,0.));
#2614=DIRECTION('',(0.,0.,1.));
#2615=DIRECTION('',(-1.,0.,0.));
#2616=DIRECTION('',(0.,0.,-1.));
#2617=DIRECTION('',(1.,0.,0.));
#2618=DIRECTION('',(0.,0.,-1.));
#2619=DIRECTION('',(0.,1.,0.));
#2620=DIRECTION('',(0.,0.,1.));
#2621=DIRECTION('',(1.,0.,0.));
#2622=DIRECTION('',(0.,0.,-1.));
#2623=DIRECTION('',(1.,0.,0.));
#2624=DIRECTION('',(0.,0.,-1.));
#2625=DIRECTION('',(0.,1.,0.));
#2626=DIRECTION('',(0.,0.,1.));
#2627=DIRECTION('',(-1.,0.,0.));
#2628=DIRECTION('',(0.,0.,-1.));
#2629=DIRECTION('',(1.,0.,0.));
#2630=DIRECTION('',(0.,0.,-1.));
#2631=DIRECTION('',(0.,-1.,0.));
#2632=DIRECTION('',(0.,0.,-1.));
#2633=DIRECTION('',(-1.,0.,0.));
#2634=DIRECTION('',(0.,0.,-1.));
#2635=DIRECTION('',(-1.,0.,0.));
#2636=DIRECTION('',(0.,0.,-1.));
#2637=DIRECTION('',(1.,0.,0.));
#2638=DIRECTION('',(0.,0.,-1.));
#2639=DIRECTION('',(-1.,0.,0.));
#2640=DIRECTION('',(0.,0.,1.));
#2641=DIRECTION('',(-1.,0.,0.));
#2642=DIRECTION('',(0.,0.,1.));
#2643=DIRECTION('',(0.,-1.,0.));
#2644=DIRECTION('',(0.,0.,-1.));
#2645=DIRECTION('',(0.,-1.,0.));
#2646=DIRECTION('',(0.,1.,0.));
#2647=DIRECTION('',(0.,0.,1.));
#2648=DIRECTION('',(0.,1.,0.));
#2649=DIRECTION('',(0.,0.,1.));
#2650=DIRECTION('',(0.,1.,0.));
#2651=DIRECTION('',(0.,0.,1.));
#2652=DIRECTION('',(1.,0.,0.));
#2653=DIRECTION('',(0.,0.,-1.));
#2654=DIRECTION('',(1.,0.,0.));
#2655=DIRECTION('',(-1.,0.,0.));
#2656=DIRECTION('',(0.,0.,1.));
#2657=DIRECTION('',(0.,1.,0.));
#2658=DIRECTION('',(0.,-1.,0.));
#2659=DIRECTION('',(0.,0.,1.));
#2660=DIRECTION('',(0.,-1.,0.));
#2661=DIRECTION('',(0.,1.,0.));
#2662=DIRECTION('',(1.,0.,0.));
#2663=DIRECTION('',(0.,0.,-1.));
#2664=DIRECTION('',(0.,-1.,0.));
#2665=DIRECTION('',(0.,0.,-1.));
#2666=DIRECTION('',(0.,-1.,0.));
#2667=DIRECTION('',(0.,-1.,0.));
#2668=DIRECTION('',(4.73106402539129E-16,0.,-1.));
#2669=DIRECTION('',(0.,-1.,0.));
#2670=DIRECTION('',(-2.84380897701116E-16,1.,0.));
#2671=DIRECTION('',(-1.,-2.84380897701116E-16,0.));
#2672=DIRECTION('',(0.,-1.,-3.96508223080413E-15));
#2673=DIRECTION('',(0.,3.96508223080413E-15,-1.));
#2674=DIRECTION('',(0.,-1.,-3.96508223080413E-15));
#2675=DIRECTION('',(0.,3.96508223080413E-15,-1.));
#2676=DIRECTION('',(0.,-1.,-3.96508223080413E-15));
#2677=DIRECTION('',(0.,3.96508223080413E-15,-1.));
#2678=DIRECTION('',(0.,-1.,-3.96508223080413E-15));
#2679=DIRECTION('',(0.,3.96508223080413E-15,-1.));
#2680=DIRECTION('',(1.,2.84380897701116E-16,0.));
#2681=DIRECTION('',(0.,0.,-1.));
#2682=DIRECTION('',(1.,2.84380897701116E-16,0.));
#2683=DIRECTION('',(-1.,0.,0.));
#2684=DIRECTION('',(0.,0.,1.));
#2685=DIRECTION('',(0.,1.,0.));
#2686=DIRECTION('',(0.,-1.,0.));
#2687=DIRECTION('',(-6.04524847688887E-16,0.,1.));
#2688=DIRECTION('',(0.,-1.,0.));
#2689=DIRECTION('',(0.,1.,0.));
#2690=DIRECTION('',(1.,0.,0.));
#2691=DIRECTION('',(0.,0.,-1.));
#2692=DIRECTION('',(0.,-1.,0.));
#2693=DIRECTION('',(0.,0.,-1.));
#2694=DIRECTION('',(0.,-1.,0.));
#2695=DIRECTION('',(0.,-1.,0.));
#2696=DIRECTION('',(1.5770213417971E-16,0.,-1.));
#2697=DIRECTION('',(0.,-1.,0.));
#2698=DIRECTION('',(0.,1.,0.));
#2699=DIRECTION('',(0.,0.,1.));
#2700=DIRECTION('',(0.,1.,0.));
#2701=DIRECTION('',(0.,0.,1.));
#2702=DIRECTION('',(0.,1.,0.));
#2703=DIRECTION('',(0.,0.,1.));
#2704=DIRECTION('',(1.,0.,0.));
#2705=DIRECTION('',(0.,0.,-1.));
#2706=DIRECTION('',(1.,0.,0.));
#2707=DIRECTION('',(-1.,0.,0.));
#2708=DIRECTION('',(0.,0.,1.));
#2709=DIRECTION('',(-1.,0.,0.));
#2710=DIRECTION('',(0.,0.,1.));
#2711=DIRECTION('',(-1.,0.,0.));
#2712=DIRECTION('',(0.,0.,1.));
#2713=DIRECTION('',(0.,1.,0.));
#2714=DIRECTION('',(0.,0.,-1.));
#2715=DIRECTION('',(0.,1.,0.));
#2716=DIRECTION('',(0.,-1.,0.));
#2717=DIRECTION('',(0.,0.,-1.));
#2718=DIRECTION('',(-1.,0.,0.));
#2719=DIRECTION('',(0.,0.,-1.));
#2720=DIRECTION('',(-1.,0.,0.));
#2721=DIRECTION('',(0.,0.,-1.));
#2722=DIRECTION('',(-1.,0.,0.));
#2723=DIRECTION('',(0.,0.,1.));
#2724=DIRECTION('',(1.,0.,0.));
#2725=DIRECTION('',(0.,0.,-1.));
#2726=DIRECTION('',(0.,0.,1.));
#2727=DIRECTION('',(1.,0.,0.));
#2728=DIRECTION('',(1.97773951540423E-15,1.,0.));
#2729=DIRECTION('',(-1.,1.97773951540423E-15,0.));
#2730=DIRECTION('',(1.,-1.97773951540423E-15,0.));
#2731=DIRECTION('',(0.,0.,-1.));
#2732=DIRECTION('',(1.,-1.97773951540423E-15,0.));
#2733=DIRECTION('',(-1.,0.,0.));
#2734=DIRECTION('',(0.,0.,1.));
#2735=DIRECTION('',(0.,1.,0.));
#2736=DIRECTION('',(0.,0.,-1.));
#2737=DIRECTION('',(0.,1.,0.));
#2738=DIRECTION('',(0.,-1.,0.));
#2739=DIRECTION('',(0.,0.,-1.));
#2740=DIRECTION('',(-1.,0.,0.));
#2741=DIRECTION('',(0.,0.,-1.));
#2742=DIRECTION('',(-1.,0.,0.));
#2743=DIRECTION('',(0.707106781186549,-0.707106781186546,0.));
#2744=DIRECTION('',(0.707106781186546,0.707106781186549,0.));
#2745=DIRECTION('',(-0.707106781186546,-0.707106781186549,0.));
#2746=DIRECTION('',(0.,0.,-1.));
#2747=DIRECTION('',(-0.707106781186546,-0.707106781186549,0.));
#2748=DIRECTION('',(0.,-1.,0.));
#2749=DIRECTION('',(0.,0.,-1.));
#2750=DIRECTION('',(0.,1.,0.));
#2751=DIRECTION('',(1.,0.,0.));
#2752=DIRECTION('',(0.,1.,0.));
#2753=DIRECTION('',(1.,0.,0.));
#2754=DIRECTION('',(0.,0.,1.));
#2755=DIRECTION('',(0.,1.,0.));
#2756=DIRECTION('',(1.,0.,0.));
#2757=DIRECTION('',(0.,0.,-1.));
#2758=DIRECTION('',(0.,-1.,-3.96508223080413E-15));
#2759=DIRECTION('',(0.,3.96508223080413E-15,-1.));
#2760=DIRECTION('',(0.,-1.,-3.96508223080413E-15));
#2761=DIRECTION('',(0.,3.96508223080413E-15,-1.));
#2762=DIRECTION('',(0.,-1.,-3.96508223080413E-15));
#2763=DIRECTION('',(0.,3.96508223080413E-15,-1.));
#2764=DIRECTION('',(0.,-1.,-3.96508223080413E-15));
#2765=DIRECTION('',(0.,3.96508223080413E-15,-1.));
#2766=DIRECTION('',(-1.,0.,0.));
#2767=DIRECTION('',(0.,0.,-1.));
#2768=DIRECTION('',(-1.,0.,0.));
#2769=DIRECTION('',(-0.707106781186545,-0.70710678118655,0.));
#2770=DIRECTION('',(0.70710678118655,-0.707106781186545,0.));
#2771=DIRECTION('',(-0.70710678118655,0.707106781186545,0.));
#2772=DIRECTION('',(0.,0.,-1.));
#2773=DIRECTION('',(-0.70710678118655,0.707106781186545,0.));
#2774=DIRECTION('',(0.,-1.,0.));
#2775=DIRECTION('',(0.,0.,-1.));
#2776=DIRECTION('',(-1.,0.,0.));
#2777=DIRECTION('',(0.,0.,-1.));
#2778=DIRECTION('',(-1.,0.,0.));
#2779=DIRECTION('',(1.,0.,0.));
#2780=DIRECTION('',(0.,0.,-1.));
#2781=DIRECTION('',(0.,-1.,0.));
#2782=DIRECTION('',(0.,0.,-1.));
#2783=DIRECTION('',(0.,-1.,0.));
#2784=DIRECTION('',(1.97773951540422E-15,1.,0.));
#2785=DIRECTION('',(-1.,1.97773951540422E-15,0.));
#2786=DIRECTION('',(1.,-1.97773951540422E-15,0.));
#2787=DIRECTION('',(0.,0.,-1.));
#2788=DIRECTION('',(1.,-1.97773951540422E-15,0.));
#2789=DIRECTION('',(0.,0.,-1.));
#2790=DIRECTION('',(-1.,0.,0.));
#2791=DIRECTION('',(0.,0.,1.));
#2792=DIRECTION('',(1.,0.,0.));
#2793=DIRECTION('',(0.,0.,1.));
#2794=DIRECTION('',(1.,0.,0.));
#2795=DIRECTION('',(0.,0.,1.));
#2796=DIRECTION('',(1.,0.,0.));
#2797=DIRECTION('',(0.,0.,1.));
#2798=DIRECTION('',(1.,0.,0.));
#2799=DIRECTION('',(0.,0.,1.));
#2800=DIRECTION('',(1.,0.,0.));
#2801=DIRECTION('',(0.,0.,1.));
#2802=DIRECTION('',(1.,0.,0.));
#2803=DIRECTION('',(0.,0.,1.));
#2804=DIRECTION('',(1.,0.,0.));
#2805=DIRECTION('',(0.,0.,1.));
#2806=DIRECTION('',(1.,0.,0.));
#2807=DIRECTION('',(0.,1.,3.96508223080413E-15));
#2808=DIRECTION('',(0.,-3.96508223080413E-15,1.));
#2809=DIRECTION('',(0.,-1.,-3.96508223080413E-15));
#2810=DIRECTION('',(0.,3.96508223080413E-15,-1.));
#2811=DIRECTION('',(0.,-1.,-3.96508223080413E-15));
#2812=DIRECTION('',(0.,3.96508223080413E-15,-1.));
#2813=DIRECTION('',(0.,-1.,-3.96508223080413E-15));
#2814=DIRECTION('',(0.,3.96508223080413E-15,-1.));
#2815=DIRECTION('',(0.,-1.,-3.96508223080413E-15));
#2816=DIRECTION('',(0.,3.96508223080413E-15,-1.));
#2817=DIRECTION('',(0.,-1.,-3.96508223080413E-15));
#2818=DIRECTION('',(0.,3.96508223080413E-15,-1.));
#2819=DIRECTION('',(0.,-1.,-3.96508223080413E-15));
#2820=DIRECTION('',(0.,3.96508223080413E-15,-1.));
#2821=DIRECTION('',(0.,-1.,-3.96508223080413E-15));
#2822=DIRECTION('',(0.,3.96508223080413E-15,-1.));
#2823=DIRECTION('',(0.,-1.,-3.96508223080413E-15));
#2824=DIRECTION('',(0.,3.96508223080413E-15,-1.));
#2825=DIRECTION('',(0.,-1.,-3.96508223080413E-15));
#2826=DIRECTION('',(0.,3.96508223080413E-15,-1.));
#2827=DIRECTION('',(0.,-1.,-3.96508223080413E-15));
#2828=DIRECTION('',(0.,3.96508223080413E-15,-1.));
#2829=DIRECTION('',(0.,1.,3.96508223080413E-15));
#2830=DIRECTION('',(0.,-3.96508223080413E-15,1.));
#2831=DIRECTION('',(0.,-1.,-3.96508223080413E-15));
#2832=DIRECTION('',(0.,3.96508223080413E-15,-1.));
#2833=DIRECTION('',(0.,-1.,-3.96508223080413E-15));
#2834=DIRECTION('',(0.,3.96508223080413E-15,-1.));
#2835=DIRECTION('',(0.,-1.,-3.96508223080413E-15));
#2836=DIRECTION('',(0.,3.96508223080413E-15,-1.));
#2837=DIRECTION('',(0.,-1.,-3.96508223080413E-15));
#2838=DIRECTION('',(0.,3.96508223080413E-15,-1.));
#2839=DIRECTION('',(0.,-1.,-3.96508223080413E-15));
#2840=DIRECTION('',(0.,3.96508223080413E-15,-1.));
#2841=DIRECTION('',(0.,-1.,-3.96508223080413E-15));
#2842=DIRECTION('',(0.,3.96508223080413E-15,-1.));
#2843=DIRECTION('',(0.,-1.,-3.96508223080413E-15));
#2844=DIRECTION('',(0.,3.96508223080413E-15,-1.));
#2845=DIRECTION('',(0.,-1.,-3.96508223080413E-15));
#2846=DIRECTION('',(0.,3.96508223080413E-15,-1.));
#2847=DIRECTION('',(0.,-1.,-3.96508223080413E-15));
#2848=DIRECTION('',(0.,3.96508223080413E-15,-1.));
#2849=DIRECTION('',(0.,-1.,-3.96508223080413E-15));
#2850=DIRECTION('',(0.,3.96508223080413E-15,-1.));
#2851=DIRECTION('',(0.,1.,3.96508223080413E-15));
#2852=DIRECTION('',(0.,-3.96508223080413E-15,1.));
#2853=DIRECTION('',(0.,-1.,-3.96508223080413E-15));
#2854=DIRECTION('',(0.,3.96508223080413E-15,-1.));
#2855=DIRECTION('',(0.,-1.,-3.96508223080413E-15));
#2856=DIRECTION('',(0.,3.96508223080413E-15,-1.));
#2857=DIRECTION('',(0.,-1.,-3.96508223080413E-15));
#2858=DIRECTION('',(0.,3.96508223080413E-15,-1.));
#2859=DIRECTION('',(0.,-1.,-3.96508223080413E-15));
#2860=DIRECTION('',(0.,3.96508223080413E-15,-1.));
#2861=DIRECTION('',(0.,-1.,-3.96508223080413E-15));
#2862=DIRECTION('',(0.,3.96508223080413E-15,-1.));
#2863=DIRECTION('',(0.,-1.,-3.96508223080413E-15));
#2864=DIRECTION('',(0.,3.96508223080413E-15,-1.));
#2865=DIRECTION('',(0.,-1.,-3.96508223080413E-15));
#2866=DIRECTION('',(0.,3.96508223080413E-15,-1.));
#2867=DIRECTION('',(0.,-1.,-3.96508223080413E-15));
#2868=DIRECTION('',(0.,3.96508223080413E-15,-1.));
#2869=DIRECTION('',(0.,-1.,-3.96508223080413E-15));
#2870=DIRECTION('',(0.,3.96508223080413E-15,-1.));
#2871=DIRECTION('',(0.,-1.,-3.96508223080413E-15));
#2872=DIRECTION('',(0.,3.96508223080413E-15,-1.));
#2873=DIRECTION('',(0.,1.,3.96508223080413E-15));
#2874=DIRECTION('',(0.,-3.96508223080413E-15,1.));
#2875=DIRECTION('',(0.,-1.,-3.96508223080413E-15));
#2876=DIRECTION('',(0.,3.96508223080413E-15,-1.));
#2877=DIRECTION('',(0.,-1.,-3.96508223080413E-15));
#2878=DIRECTION('',(0.,3.96508223080413E-15,-1.));
#2879=DIRECTION('',(0.,-1.,-3.96508223080413E-15));
#2880=DIRECTION('',(0.,3.96508223080413E-15,-1.));
#2881=DIRECTION('',(0.,-1.,-3.96508223080413E-15));
#2882=DIRECTION('',(0.,3.96508223080413E-15,-1.));
#2883=DIRECTION('',(0.,-1.,-3.96508223080413E-15));
#2884=DIRECTION('',(0.,3.96508223080413E-15,-1.));
#2885=DIRECTION('',(0.,-1.,-3.96508223080413E-15));
#2886=DIRECTION('',(0.,3.96508223080413E-15,-1.));
#2887=DIRECTION('',(0.,-1.,-3.96508223080413E-15));
#2888=DIRECTION('',(0.,3.96508223080413E-15,-1.));
#2889=DIRECTION('',(0.,-1.,-3.96508223080413E-15));
#2890=DIRECTION('',(0.,3.96508223080413E-15,-1.));
#2891=DIRECTION('',(0.,-1.,-3.96508223080413E-15));
#2892=DIRECTION('',(0.,3.96508223080413E-15,-1.));
#2893=DIRECTION('',(0.,-1.,-3.96508223080413E-15));
#2894=DIRECTION('',(0.,3.96508223080413E-15,-1.));
#2895=DIRECTION('',(-1.,0.,0.));
#2896=DIRECTION('',(0.,0.,1.));
#2897=DIRECTION('',(0.,1.,0.));
#2898=DIRECTION('',(0.,0.,1.));
#2899=DIRECTION('',(0.,1.,0.));
#2900=DIRECTION('',(0.,1.,0.));
#2901=DIRECTION('',(0.,0.,1.));
#2902=DIRECTION('',(0.,1.,0.));
#2903=DIRECTION('',(0.,1.,0.));
#2904=DIRECTION('',(1.,0.,0.));
#2905=DIRECTION('',(1.,0.,0.));
#2906=DIRECTION('',(0.,0.,-1.));
#2907=DIRECTION('',(0.,1.,0.));
#2908=DIRECTION('',(0.,0.,-1.));
#2909=DIRECTION('',(0.,1.,0.));
#2910=DIRECTION('',(0.,0.,1.));
#2911=DIRECTION('',(0.,1.,0.));
#2912=DIRECTION('',(1.,0.,0.));
#2913=DIRECTION('',(0.,1.,0.));
#2914=DIRECTION('',(0.,0.,1.));
#2915=DIRECTION('',(0.,1.,0.));
#2916=DIRECTION('',(0.,0.,1.));
#2917=DIRECTION('',(0.,1.,0.));
#2918=DIRECTION('',(1.,0.,0.));
#2919=DIRECTION('',(0.,1.,0.));
#2920=DIRECTION('',(0.,0.,1.));
#2921=DIRECTION('',(1.,0.,0.));
#2922=DIRECTION('',(0.,0.,-1.));
#2923=DIRECTION('',(-1.,0.,0.));
#2924=DIRECTION('',(0.,0.,1.));
#2925=DIRECTION('',(-1.,0.,0.));
#2926=DIRECTION('',(0.,0.,1.));
#2927=DIRECTION('',(-1.,0.,0.));
#2928=DIRECTION('',(0.,0.,1.));
#2929=DIRECTION('',(1.,0.,0.));
#2930=DIRECTION('',(0.,0.,-1.));
#2931=DIRECTION('',(1.,0.,0.));
#2932=DIRECTION('',(0.,0.,-1.));
#2933=DIRECTION('',(-1.,0.,0.));
#2934=DIRECTION('',(0.,0.,1.));
#2935=DIRECTION('',(-1.,0.,0.));
#2936=DIRECTION('',(0.,0.,1.));
#2937=DIRECTION('',(-1.,0.,0.));
#2938=DIRECTION('',(0.,0.,1.));
#2939=DIRECTION('',(1.,0.,0.));
#2940=DIRECTION('',(0.,0.,-1.));
#2941=DIRECTION('',(-1.,0.,0.));
#2942=DIRECTION('',(0.,0.,1.));
#2943=DIRECTION('',(-1.,0.,0.));
#2944=DIRECTION('',(0.,0.,1.));
#2945=DIRECTION('',(-1.,0.,0.));
#2946=DIRECTION('',(0.,0.,1.));
#2947=DIRECTION('',(-1.,0.,0.));
#2948=DIRECTION('',(0.,0.,1.));
#2949=DIRECTION('',(-1.,0.,0.));
#2950=DIRECTION('',(0.,0.,1.));
#2951=DIRECTION('',(-1.,0.,0.));
#2952=DIRECTION('',(0.,0.,1.));
#2953=DIRECTION('',(-1.,0.,0.));
#2954=DIRECTION('',(0.,0.,1.));
#2955=DIRECTION('',(-1.,0.,0.));
#2956=DIRECTION('',(0.,0.,1.));
#2957=DIRECTION('',(-1.,0.,0.));
#2958=DIRECTION('',(0.,0.,1.));
#2959=DIRECTION('',(-1.,0.,0.));
#2960=DIRECTION('',(0.,0.,1.));
#2961=DIRECTION('',(0.,-1.,0.));
#2962=DIRECTION('',(0.,0.,-1.));
#2963=DIRECTION('',(0.,1.,0.));
#2964=DIRECTION('',(0.,0.,1.));
#2965=DIRECTION('',(0.,1.,0.));
#2966=DIRECTION('',(0.,0.,1.));
#2967=DIRECTION('',(0.,1.,0.));
#2968=DIRECTION('',(0.,0.,1.));
#2969=DIRECTION('',(0.,-1.,0.));
#2970=DIRECTION('',(0.,0.,-1.));
#2971=DIRECTION('',(0.,-1.,0.));
#2972=DIRECTION('',(0.,0.,-1.));
#2973=DIRECTION('',(0.,1.,0.));
#2974=DIRECTION('',(0.,0.,1.));
#2975=DIRECTION('',(0.,1.,0.));
#2976=DIRECTION('',(0.,0.,1.));
#2977=DIRECTION('',(0.,1.,0.));
#2978=DIRECTION('',(0.,0.,1.));
#2979=DIRECTION('',(0.,-1.,0.));
#2980=DIRECTION('',(0.,0.,-1.));
#2981=DIRECTION('',(0.,-1.,0.));
#2982=DIRECTION('',(0.,0.,-1.));
#2983=DIRECTION('',(0.,1.,0.));
#2984=DIRECTION('',(0.,0.,1.));
#2985=DIRECTION('',(0.,1.,0.));
#2986=DIRECTION('',(0.,0.,1.));
#2987=DIRECTION('',(0.,1.,0.));
#2988=DIRECTION('',(0.,0.,1.));
#2989=DIRECTION('',(0.,-1.,0.));
#2990=DIRECTION('',(0.,0.,-1.));
#2991=DIRECTION('',(0.,-1.,0.));
#2992=DIRECTION('',(0.,0.,-1.));
#2993=DIRECTION('',(0.,1.,0.));
#2994=DIRECTION('',(0.,0.,1.));
#2995=DIRECTION('',(0.,1.,0.));
#2996=DIRECTION('',(0.,0.,1.));
#2997=DIRECTION('',(0.,1.,0.));
#2998=DIRECTION('',(0.,0.,1.));
#2999=DIRECTION('',(0.,-1.,0.));
#3000=DIRECTION('',(0.,0.,-1.));
#3001=DIRECTION('',(0.,0.,-1.));
#3002=DIRECTION('',(-1.,0.,0.));
#3003=DIRECTION('',(1.,0.,0.));
#3004=DIRECTION('',(0.,0.,1.));
#3005=DIRECTION('',(1.,0.,0.));
#3006=DIRECTION('',(-1.,0.,0.));
#3007=DIRECTION('',(0.,1.,0.));
#3008=DIRECTION('',(0.,0.,1.));
#3009=DIRECTION('',(0.,0.,-1.));
#3010=DIRECTION('',(-1.,0.,0.));
#3011=DIRECTION('',(1.,0.,0.));
#3012=DIRECTION('',(0.,0.,1.));
#3013=DIRECTION('',(1.,0.,0.));
#3014=DIRECTION('',(-1.,0.,0.));
#3015=DIRECTION('',(0.,1.,0.));
#3016=DIRECTION('',(0.,0.,1.));
#3017=DIRECTION('',(0.,0.,1.));
#3018=DIRECTION('',(1.,0.,0.));
#3019=DIRECTION('',(0.,0.,1.));
#3020=DIRECTION('',(1.,0.,0.));
#3021=DIRECTION('',(0.,0.,1.));
#3022=DIRECTION('',(1.,0.,0.));
#3023=DIRECTION('',(0.,0.,1.));
#3024=DIRECTION('',(1.,0.,0.));
#3025=DIRECTION('',(0.,0.,1.));
#3026=DIRECTION('',(1.,0.,0.));
#3027=DIRECTION('',(0.,0.,1.));
#3028=DIRECTION('',(1.,0.,0.));
#3029=DIRECTION('',(0.,0.,1.));
#3030=DIRECTION('',(1.,0.,0.));
#3031=DIRECTION('',(0.,0.,-1.));
#3032=DIRECTION('',(-1.,0.,0.));
#3033=DIRECTION('',(0.,0.,1.));
#3034=DIRECTION('',(1.,0.,0.));
#3035=DIRECTION('',(0.,0.,1.));
#3036=DIRECTION('',(1.,0.,0.));
#3037=DIRECTION('',(0.,0.,1.));
#3038=DIRECTION('',(1.,0.,0.));
#3039=DIRECTION('',(0.,0.,1.));
#3040=DIRECTION('',(1.,0.,0.));
#3041=DIRECTION('',(0.,0.,1.));
#3042=DIRECTION('',(1.,0.,0.));
#3043=DIRECTION('',(0.,0.,1.));
#3044=DIRECTION('',(1.,0.,0.));
#3045=DIRECTION('',(0.,0.,1.));
#3046=DIRECTION('',(1.,0.,0.));
#3047=DIRECTION('',(0.,0.,-1.));
#3048=DIRECTION('',(-1.,0.,0.));
#3049=DIRECTION('',(0.,0.,1.));
#3050=DIRECTION('',(1.,0.,0.));
#3051=DIRECTION('',(0.,0.,-1.));
#3052=DIRECTION('',(-1.,0.,0.));
#3053=DIRECTION('',(0.,0.,-1.));
#3054=DIRECTION('',(-1.,0.,0.));
#3055=DIRECTION('',(0.,0.,-1.));
#3056=DIRECTION('',(-1.,0.,0.));
#3057=DIRECTION('',(0.,0.,1.));
#3058=DIRECTION('',(1.,0.,0.));
#3059=DIRECTION('',(0.,0.,1.));
#3060=DIRECTION('',(1.,0.,0.));
#3061=DIRECTION('',(0.,0.,-1.));
#3062=DIRECTION('',(-1.,0.,0.));
#3063=DIRECTION('',(0.,0.,-1.));
#3064=DIRECTION('',(-1.,0.,0.));
#3065=DIRECTION('',(0.,0.,-1.));
#3066=DIRECTION('',(-1.,0.,0.));
#3067=DIRECTION('',(0.,0.,1.));
#3068=DIRECTION('',(1.,0.,0.));
#3069=DIRECTION('',(0.,0.,-1.));
#3070=DIRECTION('',(-1.,0.,0.));
#3071=DIRECTION('',(0.,0.,1.));
#3072=DIRECTION('',(1.,0.,0.));
#3073=DIRECTION('',(0.,0.,1.));
#3074=DIRECTION('',(1.,0.,0.));
#3075=DIRECTION('',(0.,0.,-1.));
#3076=DIRECTION('',(-1.,0.,0.));
#3077=DIRECTION('',(0.,0.,1.));
#3078=DIRECTION('',(1.,0.,0.));
#3079=DIRECTION('',(0.,0.,1.));
#3080=DIRECTION('',(1.,0.,0.));
#3081=DIRECTION('',(0.,0.,1.));
#3082=DIRECTION('',(1.,0.,0.));
#3083=DIRECTION('',(-1.64095463943752E-15,-1.,0.));
#3084=DIRECTION('',(1.,-1.64095463943752E-15,0.));
#3085=DIRECTION('',(1.,0.,0.));
#3086=DIRECTION('',(0.,0.,-1.));
#3087=DIRECTION('',(-1.,0.,0.));
#3088=DIRECTION('',(0.,0.,-1.));
#3089=DIRECTION('',(0.,-1.,0.));
#3090=DIRECTION('',(0.,0.,-1.));
#3091=DIRECTION('',(-1.,0.,0.));
#3092=DIRECTION('',(0.,0.,-1.));
#3093=DIRECTION('',(-1.,0.,0.));
#3094=DIRECTION('',(0.,0.,-1.));
#3095=DIRECTION('',(1.,0.,0.));
#3096=DIRECTION('',(0.,0.,-1.));
#3097=DIRECTION('',(0.,-1.,0.));
#3098=DIRECTION('',(0.,-1.,0.));
#3099=DIRECTION('',(0.,0.,-1.));
#3100=DIRECTION('',(0.,1.,0.));
#3101=DIRECTION('',(0.,0.,1.));
#3102=DIRECTION('',(0.,-1.,0.));
#3103=DIRECTION('',(0.,0.,-1.));
#3104=DIRECTION('',(0.,-1.,0.));
#3105=DIRECTION('',(0.,0.,-1.));
#3106=DIRECTION('',(1.,-2.63163976207445E-16,0.));
#3107=DIRECTION('',(1.,0.,0.));
#3108=DIRECTION('',(0.,0.,-1.));
#3109=DIRECTION('',(-0.707106781186548,0.707106781186547,0.));
#3110=DIRECTION('',(-0.707106781186547,-0.707106781186548,0.));
#3111=DIRECTION('',(0.707106781186547,0.707106781186548,0.));
#3112=DIRECTION('',(0.707106781186547,0.707106781186548,0.));
#3113=DIRECTION('',(0.,0.,-1.));
#3114=DIRECTION('',(0.70710678118655,0.707106781186546,0.));
#3115=DIRECTION('',(-0.707106781186546,0.70710678118655,0.));
#3116=DIRECTION('',(0.707106781186546,-0.70710678118655,0.));
#3117=DIRECTION('',(0.,0.,-1.));
#3118=DIRECTION('',(0.707106781186546,-0.70710678118655,0.));
#3119=DIRECTION('',(0.,0.,-1.));
#3120=DIRECTION('',(0.,1.,0.));
#3121=DIRECTION('',(0.,0.,1.));
#3122=DIRECTION('',(0.,-1.,0.));
#3123=DIRECTION('',(0.,0.,-1.));
#3124=DIRECTION('',(0.,-1.,0.));
#3125=DIRECTION('',(0.,0.,-1.));
#3126=DIRECTION('',(1.,-2.63163976207445E-16,0.));
#3127=DIRECTION('',(1.,0.,0.));
#3128=DIRECTION('',(0.,0.,-1.));
#3129=DIRECTION('',(-1.,0.,0.));
#3130=DIRECTION('',(0.,0.,1.));
#3131=DIRECTION('',(0.,1.,0.));
#3132=DIRECTION('',(0.,1.,0.));
#3133=DIRECTION('',(0.,0.,1.));
#3134=DIRECTION('',(0.,1.,0.));
#3135=DIRECTION('',(0.,0.,-1.));
#3136=DIRECTION('',(0.,1.,0.));
#3137=DIRECTION('',(1.,6.5875575037094E-16,0.));
#3138=DIRECTION('',(-6.5875575037094E-16,1.,0.));
#3139=DIRECTION('',(0.,0.,1.));
#3140=DIRECTION('',(6.5875575037094E-16,-1.,0.));
#3141=DIRECTION('',(0.,0.,-1.));
#3142=DIRECTION('',(6.5875575037094E-16,-1.,0.));
#3143=DIRECTION('',(0.,0.,1.));
#3144=DIRECTION('',(0.,-1.,0.));
#3145=DIRECTION('',(0.,-1.,0.));
#3146=DIRECTION('',(0.,0.,-1.));
#3147=DIRECTION('',(0.,-1.,0.));
#3148=DIRECTION('',(-1.,-1.73472347597681E-16,0.));
#3149=DIRECTION('',(1.73472347597681E-16,-1.,0.));
#3150=DIRECTION('',(0.,1.,0.));
#3151=DIRECTION('',(0.,0.,1.));
#3152=DIRECTION('',(-1.73472347597681E-16,1.,0.));
#3153=DIRECTION('',(0.,0.,-1.));
#3154=DIRECTION('',(-1.73472347597681E-16,1.,0.));
#3155=DIRECTION('',(0.,0.,-1.));
#3156=DIRECTION('',(2.16840434497102E-15,1.,0.));
#3157=DIRECTION('',(0.,0.,1.));
#3158=DIRECTION('',(1.,0.,0.));
#3159=DIRECTION('',(1.,0.,0.));
#3160=DIRECTION('',(0.,-1.,0.));
#3161=DIRECTION('',(1.,0.,0.));
#3162=DIRECTION('',(-3.8125790680809E-16,1.,0.));
#3163=DIRECTION('',(1.,0.,0.));
#3164=DIRECTION('',(-1.,0.,0.));
#3165=DIRECTION('',(0.,1.,0.));
#3166=DIRECTION('',(0.,0.,1.));
#3167=DIRECTION('',(0.,1.,0.));
#3168=DIRECTION('',(0.,0.,1.));
#3169=DIRECTION('',(0.,1.,0.));
#3170=DIRECTION('',(0.,0.,1.));
#3171=DIRECTION('',(1.,0.,0.));
#3172=DIRECTION('',(0.,0.,1.));
#3173=DIRECTION('',(-1.,2.64936621096082E-17,0.));
#3174=DIRECTION('',(-1.,2.64936621096082E-17,0.));
#3175=DIRECTION('',(0.,0.,-1.));
#3176=DIRECTION('',(0.,0.,-1.));
#3177=DIRECTION('',(-1.,2.64936621096082E-17,0.));
#3178=DIRECTION('',(-1.,2.64936621096082E-17,0.));
#3179=DIRECTION('',(0.,0.,1.));
#3180=DIRECTION('',(0.,-1.,0.));
#3181=DIRECTION('',(0.,0.,-1.));
#3182=DIRECTION('',(0.,-1.,0.));
#3183=DIRECTION('',(0.,0.,-1.));
#3184=DIRECTION('',(-1.,0.,0.));
#3185=DIRECTION('',(0.,0.,1.));
#3186=DIRECTION('',(1.,0.,0.));
#3187=DIRECTION('',(1.,-9.63735264431559E-16,0.));
#3188=DIRECTION('',(1.,0.,0.));
#3189=DIRECTION('',(0.,1.,0.));
#3190=DIRECTION('',(-1.14377372042427E-15,-1.,0.));
#3191=DIRECTION('',(0.,1.,0.));
#3192=DIRECTION('',(0.,0.,1.));
#3193=DIRECTION('',(0.,0.,-1.));
#3194=DIRECTION('',(1.,0.,0.));
#3195=DIRECTION('',(-1.,-3.8125790680809E-16,0.));
#3196=DIRECTION('',(3.8125790680809E-16,-1.,0.));
#3197=DIRECTION('',(-3.8125790680809E-16,1.,0.));
#3198=DIRECTION('',(0.,0.,1.));
#3199=DIRECTION('',(1.,0.,0.));
#3200=DIRECTION('',(0.,0.,1.));
#3201=DIRECTION('',(1.,0.,0.));
#3202=DIRECTION('',(0.,-1.,0.));
#3203=DIRECTION('',(1.,0.,0.));
#3204=DIRECTION('',(1.,0.,0.));
#3205=DIRECTION('',(0.,0.,-1.));
#3206=DIRECTION('',(0.,0.,-1.));
#3207=DIRECTION('',(0.,-1.,0.));
#3208=DIRECTION('',(0.,0.,-1.));
#3209=DIRECTION('',(1.,0.,0.));
#3210=DIRECTION('',(0.,0.,1.));
#3211=DIRECTION('',(1.,0.,0.));
#3212=DIRECTION('',(0.,0.,-1.));
#3213=DIRECTION('',(0.,1.,0.));
#3214=DIRECTION('',(0.,0.,1.));
#3215=DIRECTION('',(1.,0.,0.));
#3216=DIRECTION('',(0.,0.,1.));
#3217=DIRECTION('',(1.,0.,0.));
#3218=DIRECTION('',(1.,-9.63735264431559E-16,0.));
#3219=DIRECTION('',(-1.14377372042427E-15,-1.,0.));
#3220=DIRECTION('',(-9.63735264431559E-16,-1.,0.));
#3221=DIRECTION('',(1.,-9.63735264431559E-16,0.));
#3222=DIRECTION('',(0.,0.,1.));
#3223=DIRECTION('',(-1.,1.14377372042427E-15,0.));
#3224=DIRECTION('',(-1.14377372042427E-15,-1.,0.));
#3225=DIRECTION('',(0.,-1.,0.));
#3226=DIRECTION('',(0.,0.,-1.));
#3227=DIRECTION('',(1.,0.,0.));
#3228=DIRECTION('',(0.,0.,1.));
#3229=DIRECTION('',(1.,0.,0.));
#3230=DIRECTION('',(-1.,0.,0.));
#3231=DIRECTION('',(0.,-1.,0.));
#3232=DIRECTION('',(0.,0.,-1.));
#3233=DIRECTION('',(0.,-1.,0.));
#3234=DIRECTION('',(0.,0.,-1.));
#3235=DIRECTION('',(0.,-1.,0.));
#3236=DIRECTION('',(0.,0.,-1.));
#3237=DIRECTION('',(0.,-1.,0.));
#3238=DIRECTION('',(0.,0.,-1.));
#3239=DIRECTION('',(0.,-1.,0.));
#3240=DIRECTION('',(0.,0.,-1.));
#3241=DIRECTION('',(0.,-1.,0.));
#3242=DIRECTION('',(0.,0.,-1.));
#3243=DIRECTION('',(0.,-1.,0.));
#3244=DIRECTION('',(0.,0.,-1.));
#3245=DIRECTION('',(0.,-1.,0.));
#3246=DIRECTION('',(0.,0.,-1.));
#3247=DIRECTION('',(0.,-1.,0.));
#3248=DIRECTION('',(0.,0.,-1.));
#3249=DIRECTION('',(0.,-1.,0.));
#3250=DIRECTION('',(0.,0.,-1.));
#3251=DIRECTION('',(0.,-1.,0.));
#3252=DIRECTION('',(0.,0.,-1.));
#3253=DIRECTION('',(0.,-1.,0.));
#3254=DIRECTION('',(0.,0.,-1.));
#3255=DIRECTION('',(0.,-1.,0.));
#3256=DIRECTION('',(0.,0.,-1.));
#3257=DIRECTION('',(0.,-1.,0.));
#3258=DIRECTION('',(0.,0.,-1.));
#3259=DIRECTION('',(0.,-1.,0.));
#3260=DIRECTION('',(0.,0.,-1.));
#3261=DIRECTION('',(0.,-1.,0.));
#3262=DIRECTION('',(0.,0.,-1.));
#3263=DIRECTION('',(0.,-1.,0.));
#3264=DIRECTION('',(0.,0.,-1.));
#3265=DIRECTION('',(0.,-1.,0.));
#3266=DIRECTION('',(0.,0.,-1.));
#3267=DIRECTION('',(0.,-1.,0.));
#3268=DIRECTION('',(0.,0.,-1.));
#3269=DIRECTION('',(0.,-1.,0.));
#3270=DIRECTION('',(0.,0.,-1.));
#3271=DIRECTION('',(0.,-1.,0.));
#3272=DIRECTION('',(0.,0.,-1.));
#3273=DIRECTION('',(0.,1.,0.));
#3274=DIRECTION('',(1.,0.,0.));
#3275=DIRECTION('',(0.,1.,0.));
#3276=DIRECTION('',(0.,0.,1.));
#3277=DIRECTION('',(0.,-1.,0.));
#3278=DIRECTION('',(0.,0.,-1.));
#3279=DIRECTION('',(0.,-1.,0.));
#3280=DIRECTION('',(0.,0.,-1.));
#3281=DIRECTION('',(-1.,0.,0.));
#3282=DIRECTION('',(0.,0.,1.));
#3283=DIRECTION('',(1.,0.,0.));
#3284=DIRECTION('',(0.,0.,1.));
#3285=DIRECTION('',(1.,0.,0.));
#3286=DIRECTION('',(0.,0.,-1.));
#3287=DIRECTION('',(-1.,0.,0.));
#3288=CARTESIAN_POINT('',(0.,0.,0.));
#3289=CARTESIAN_POINT('',(6.1,-20.,71.));
#3290=CARTESIAN_POINT('',(6.09999999999999,-20.,-20.8));
#3291=CARTESIAN_POINT('',(6.09999999999999,-20.,-20.8));
#3292=CARTESIAN_POINT('',(14.,-20.,-20.8));
#3293=CARTESIAN_POINT('',(14.,-20.,71.));
#3294=CARTESIAN_POINT('',(14.,-20.,71.));
#3295=CARTESIAN_POINT('',(6.1,-20.,71.));
#3296=CARTESIAN_POINT('',(6.1,-20.,71.));
#3297=CARTESIAN_POINT('',(6.1,-20.,71.));
#3298=CARTESIAN_POINT('',(6.1,-20.,71.));
#3299=CARTESIAN_POINT('',(14.,-20.,-53.8));
#3300=CARTESIAN_POINT('',(14.,-20.,-53.8));
#3301=CARTESIAN_POINT('',(6.10000000000001,-20.,-53.8));
#3302=CARTESIAN_POINT('',(6.1,-20.,71.));
#3303=CARTESIAN_POINT('',(6.1,-20.,-71.));
#3304=CARTESIAN_POINT('',(6.1,-20.,-71.));
#3305=CARTESIAN_POINT('',(14.,-20.,-71.));
#3306=CARTESIAN_POINT('',(14.,-20.,71.));
#3307=CARTESIAN_POINT('',(-14.,-20.,71.));
#3308=CARTESIAN_POINT('',(-14.,-20.,53.8));
#3309=CARTESIAN_POINT('',(-14.,-20.,53.8));
#3310=CARTESIAN_POINT('',(-6.1,-20.,53.8));
#3311=CARTESIAN_POINT('',(-6.1,-20.,71.));
#3312=CARTESIAN_POINT('',(-6.1,-20.,71.));
#3313=CARTESIAN_POINT('',(-14.,-20.,71.));
#3314=CARTESIAN_POINT('',(-14.,-20.,71.));
#3315=CARTESIAN_POINT('',(-14.,-20.,71.));
#3316=CARTESIAN_POINT('',(-14.,-20.,71.));
#3317=CARTESIAN_POINT('',(-6.09999999999999,-20.,20.8));
#3318=CARTESIAN_POINT('',(-6.1,-20.,20.8));
#3319=CARTESIAN_POINT('',(-14.,-20.,20.8));
#3320=CARTESIAN_POINT('',(-14.,-20.,71.));
#3321=CARTESIAN_POINT('',(-14.,-20.,-71.));
#3322=CARTESIAN_POINT('',(-14.,-20.,-71.));
#3323=CARTESIAN_POINT('',(-6.1,-20.,-71.));
#3324=CARTESIAN_POINT('',(-6.1,-20.,71.));
#3325=CARTESIAN_POINT('',(-24.1228756555323,-6.1,71.));
#3326=CARTESIAN_POINT('',(-24.1228756555323,-6.1,-71.));
#3327=CARTESIAN_POINT('',(-24.1228756555323,-6.1,-71.));
#3328=CARTESIAN_POINT('',(-25.,-6.1,-71.));
#3329=CARTESIAN_POINT('',(-25.,-6.1,71.));
#3330=CARTESIAN_POINT('',(-25.,-6.1,71.));
#3331=CARTESIAN_POINT('',(-24.1228756555323,-6.1,71.));
#3332=CARTESIAN_POINT('',(-24.1228756555323,-6.1,71.));
#3333=CARTESIAN_POINT('',(-24.1228756555323,-6.1,71.));
#3334=CARTESIAN_POINT('',(-25.,-6.1,71.));
#3335=CARTESIAN_POINT('',(-25.,-20.,61.));
#3336=CARTESIAN_POINT('',(-25.,-20.,63.5));
#3337=CARTESIAN_POINT('',(-25.,-20.,-61.));
#3338=CARTESIAN_POINT('',(-25.,-20.,-58.5));
#3339=CARTESIAN_POINT('',(-25.,-6.1,-71.));
#3340=CARTESIAN_POINT('',(-25.,-24.,-71.));
#3341=CARTESIAN_POINT('',(-25.,-24.,71.));
#3342=CARTESIAN_POINT('',(-25.,-24.,71.));
#3343=CARTESIAN_POINT('',(-25.,-6.1,71.));
#3344=CARTESIAN_POINT('',(-25.,-24.,71.));
#3345=CARTESIAN_POINT('',(-21.5,-24.,-53.));
#3346=CARTESIAN_POINT('',(-21.5,-24.,-50.5));
#3347=CARTESIAN_POINT('',(-21.5,-24.,53.));
#3348=CARTESIAN_POINT('',(-21.5,-24.,55.5));
#3349=CARTESIAN_POINT('',(-25.,-24.,-71.));
#3350=CARTESIAN_POINT('',(-14.,-24.,-71.));
#3351=CARTESIAN_POINT('',(-14.,-24.,71.));
#3352=CARTESIAN_POINT('',(-14.,-24.,71.));
#3353=CARTESIAN_POINT('',(-25.,-24.,71.));
#3354=CARTESIAN_POINT('',(-14.,-24.,71.));
#3355=CARTESIAN_POINT('',(-14.,-24.,-71.));
#3356=CARTESIAN_POINT('',(-14.,-18.4,20.8));
#3357=CARTESIAN_POINT('',(-14.,-18.4,20.8));
#3358=CARTESIAN_POINT('',(-14.,-18.4,20.8));
#3359=CARTESIAN_POINT('',(-14.,-18.4,53.8));
#3360=CARTESIAN_POINT('',(-14.,-18.4,53.8));
#3361=CARTESIAN_POINT('',(-14.,-24.,71.));
#3362=CARTESIAN_POINT('',(-6.1,-20.,71.));
#3363=CARTESIAN_POINT('',(-6.1,-20.,-71.));
#3364=CARTESIAN_POINT('',(-6.1,-28.3,-71.));
#3365=CARTESIAN_POINT('',(-6.1,-28.3,71.));
#3366=CARTESIAN_POINT('',(-6.1,-28.3,71.));
#3367=CARTESIAN_POINT('',(-6.1,-20.,71.));
#3368=CARTESIAN_POINT('',(-6.1,-18.4,53.8));
#3369=CARTESIAN_POINT('',(-6.1,-18.4,53.8));
#3370=CARTESIAN_POINT('',(-6.1,-18.4,53.8));
#3371=CARTESIAN_POINT('',(-6.09999999999999,-18.4,20.8));
#3372=CARTESIAN_POINT('',(-6.09999999999999,-18.4,20.8));
#3373=CARTESIAN_POINT('',(-6.1,-28.3,71.));
#3374=CARTESIAN_POINT('',(0.,-28.3,-18.0000000000001));
#3375=CARTESIAN_POINT('',(0.,-28.3,-21.7500000000001));
#3376=CARTESIAN_POINT('',(0.,-28.3,17.9999999999999));
#3377=CARTESIAN_POINT('',(0.,-28.3,14.2499999999999));
#3378=CARTESIAN_POINT('',(0.,-28.3,53.9999999999999));
#3379=CARTESIAN_POINT('',(0.,-28.3,50.2499999999999));
#3380=CARTESIAN_POINT('',(0.,-28.3,-54.));
#3381=CARTESIAN_POINT('',(0.,-28.3,-57.75));
#3382=CARTESIAN_POINT('',(-6.1,-28.3,-71.));
#3383=CARTESIAN_POINT('',(6.1,-28.3,-71.));
#3384=CARTESIAN_POINT('',(6.1,-28.3,71.));
#3385=CARTESIAN_POINT('',(6.1,-28.3,71.));
#3386=CARTESIAN_POINT('',(-6.1,-28.3,71.));
#3387=CARTESIAN_POINT('',(6.1,-28.3,71.));
#3388=CARTESIAN_POINT('',(6.1,-28.3,-71.));
#3389=CARTESIAN_POINT('',(6.10000000000001,-18.4,-53.8));
#3390=CARTESIAN_POINT('',(6.10000000000001,-18.4,-53.8));
#3391=CARTESIAN_POINT('',(6.10000000000001,-18.4,-53.8));
#3392=CARTESIAN_POINT('',(6.09999999999999,-18.4,-20.8));
#3393=CARTESIAN_POINT('',(6.09999999999999,-18.4,-20.8));
#3394=CARTESIAN_POINT('',(6.1,-28.3,71.));
#3395=CARTESIAN_POINT('',(14.,-20.,71.));
#3396=CARTESIAN_POINT('',(14.,-20.,-71.));
#3397=CARTESIAN_POINT('',(14.,-24.,-71.));
#3398=CARTESIAN_POINT('',(14.,-24.,71.));
#3399=CARTESIAN_POINT('',(14.,-24.,71.));
#3400=CARTESIAN_POINT('',(14.,-20.,71.));
#3401=CARTESIAN_POINT('',(14.,-18.4,-20.8));
#3402=CARTESIAN_POINT('',(14.,-18.4,-20.8));
#3403=CARTESIAN_POINT('',(14.,-18.4,-20.8));
#3404=CARTESIAN_POINT('',(14.,-18.4,-53.8));
#3405=CARTESIAN_POINT('',(14.,-18.4,-53.8));
#3406=CARTESIAN_POINT('',(14.,-24.,71.));
#3407=CARTESIAN_POINT('',(21.5,-24.,53.));
#3408=CARTESIAN_POINT('',(21.5,-24.,55.5));
#3409=CARTESIAN_POINT('',(21.5,-24.,-53.));
#3410=CARTESIAN_POINT('',(21.5,-24.,-50.5));
#3411=CARTESIAN_POINT('',(14.,-24.,-71.));
#3412=CARTESIAN_POINT('',(25.,-24.,-71.));
#3413=CARTESIAN_POINT('',(25.,-24.,71.));
#3414=CARTESIAN_POINT('',(25.,-24.,71.));
#3415=CARTESIAN_POINT('',(14.,-24.,71.));
#3416=CARTESIAN_POINT('',(25.,-24.,71.));
#3417=CARTESIAN_POINT('',(25.,-20.,61.));
#3418=CARTESIAN_POINT('',(25.,-20.,63.5));
#3419=CARTESIAN_POINT('',(25.,-20.,-61.));
#3420=CARTESIAN_POINT('',(25.,-20.,-58.5));
#3421=CARTESIAN_POINT('',(25.,-24.,-71.));
#3422=CARTESIAN_POINT('',(25.,-6.1,-71.));
#3423=CARTESIAN_POINT('',(25.,-6.1,71.));
#3424=CARTESIAN_POINT('',(25.,-6.1,71.));
#3425=CARTESIAN_POINT('',(25.,-24.,71.));
#3426=CARTESIAN_POINT('',(25.,-6.1,71.));
#3427=CARTESIAN_POINT('',(25.,-6.1,-71.));
#3428=CARTESIAN_POINT('',(24.1228756555323,-6.1,-71.));
#3429=CARTESIAN_POINT('',(24.1228756555323,-6.1,71.));
#3430=CARTESIAN_POINT('',(24.1228756555323,-6.1,71.));
#3431=CARTESIAN_POINT('',(25.,-6.1,71.));
#3432=CARTESIAN_POINT('',(22.8,-4.6,71.));
#3433=CARTESIAN_POINT('',(22.8,-4.6,-71.));
#3434=CARTESIAN_POINT('',(24.1228756555323,-3.1,-71.));
#3435=CARTESIAN_POINT('',(24.1228756555323,-3.1,71.));
#3436=CARTESIAN_POINT('',(24.1228756555323,-3.1,71.));
#3437=CARTESIAN_POINT('',(22.8,-4.6,71.));
#3438=CARTESIAN_POINT('',(24.1228756555323,-3.1,71.));
#3439=CARTESIAN_POINT('',(24.1228756555323,-3.1,-71.));
#3440=CARTESIAN_POINT('',(25.,-3.1,-71.));
#3441=CARTESIAN_POINT('',(25.,-3.1,71.));
#3442=CARTESIAN_POINT('',(25.,-3.1,71.));
#3443=CARTESIAN_POINT('',(24.1228756555323,-3.1,71.));
#3444=CARTESIAN_POINT('',(25.,-3.1,71.));
#3445=CARTESIAN_POINT('',(25.,-3.1,-71.));
#3446=CARTESIAN_POINT('',(25.,0.,-71.));
#3447=CARTESIAN_POINT('',(25.,0.,71.));
#3448=CARTESIAN_POINT('',(25.,0.,71.));
#3449=CARTESIAN_POINT('',(25.,-3.1,71.));
#3450=CARTESIAN_POINT('',(25.,0.,71.));
#3451=CARTESIAN_POINT('',(25.,0.,-71.));
#3452=CARTESIAN_POINT('',(7.5,0.,-71.));
#3453=CARTESIAN_POINT('',(7.5,0.,71.));
#3454=CARTESIAN_POINT('',(7.5,0.,71.));
#3455=CARTESIAN_POINT('',(25.,0.,71.));
#3456=CARTESIAN_POINT('',(7.5,0.,71.));
#3457=CARTESIAN_POINT('',(7.5,0.,-71.));
#3458=CARTESIAN_POINT('',(7.2,-0.299999999999997,-71.));
#3459=CARTESIAN_POINT('',(7.2,-0.299999999999997,71.));
#3460=CARTESIAN_POINT('',(7.2,-0.299999999999997,71.));
#3461=CARTESIAN_POINT('',(7.5,0.,71.));
#3462=CARTESIAN_POINT('',(7.2,-0.299999999999997,71.));
#3463=CARTESIAN_POINT('',(0.,-0.3,65.));
#3464=CARTESIAN_POINT('',(2.,-0.3,65.));
#3465=CARTESIAN_POINT('',(-2.16840434497101E-16,-0.3,-64.5));
#3466=CARTESIAN_POINT('',(-2.,-0.3,-64.5));
#3467=CARTESIAN_POINT('',(2.,-0.3,-64.5));
#3468=CARTESIAN_POINT('',(-2.,-0.3,-65.5));
#3469=CARTESIAN_POINT('',(-2.,-0.3,-65.5));
#3470=CARTESIAN_POINT('',(2.16840434497101E-16,-0.3,-65.5));
#3471=CARTESIAN_POINT('',(2.,-0.299999999999997,-65.5));
#3472=CARTESIAN_POINT('',(2.,-0.3,-64.5));
#3473=CARTESIAN_POINT('',(0.,-0.300000000000012,-18.));
#3474=CARTESIAN_POINT('',(0.,-0.300000000000002,-20.5000000000001));
#3475=CARTESIAN_POINT('',(0.,-0.300000000000012,18.));
#3476=CARTESIAN_POINT('',(0.,-0.300000000000002,15.4999999999999));
#3477=CARTESIAN_POINT('',(0.,-0.300000000000012,54.));
#3478=CARTESIAN_POINT('',(0.,-0.300000000000002,51.4999999999999));
#3479=CARTESIAN_POINT('',(0.,-0.300000000000012,-53.9999999999999));
#3480=CARTESIAN_POINT('',(0.,-0.300000000000002,-56.5));
#3481=CARTESIAN_POINT('',(7.2,-0.299999999999997,-71.));
#3482=CARTESIAN_POINT('',(-7.2,-0.299999999999997,-71.));
#3483=CARTESIAN_POINT('',(-7.2,-0.299999999999997,71.));
#3484=CARTESIAN_POINT('',(-7.2,-0.299999999999997,71.));
#3485=CARTESIAN_POINT('',(7.2,-0.299999999999997,71.));
#3486=CARTESIAN_POINT('',(-7.2,-0.299999999999997,71.));
#3487=CARTESIAN_POINT('',(-7.2,-0.299999999999997,-71.));
#3488=CARTESIAN_POINT('',(-7.5,0.,-71.));
#3489=CARTESIAN_POINT('',(-7.5,0.,71.));
#3490=CARTESIAN_POINT('',(-7.5,0.,71.));
#3491=CARTESIAN_POINT('',(-7.2,-0.299999999999997,71.));
#3492=CARTESIAN_POINT('',(-7.5,0.,71.));
#3493=CARTESIAN_POINT('',(-7.5,0.,-71.));
#3494=CARTESIAN_POINT('',(-25.,0.,-71.));
#3495=CARTESIAN_POINT('',(-25.,0.,71.));
#3496=CARTESIAN_POINT('',(-25.,0.,71.));
#3497=CARTESIAN_POINT('',(-7.5,0.,71.));
#3498=CARTESIAN_POINT('',(-25.,0.,71.));
#3499=CARTESIAN_POINT('',(-25.,0.,-71.));
#3500=CARTESIAN_POINT('',(-25.,-3.1,-71.));
#3501=CARTESIAN_POINT('',(-25.,-3.1,71.));
#3502=CARTESIAN_POINT('',(-25.,-3.1,71.));
#3503=CARTESIAN_POINT('',(-25.,0.,71.));
#3504=CARTESIAN_POINT('',(-25.,-3.1,71.));
#3505=CARTESIAN_POINT('',(-25.,-3.1,-71.));
#3506=CARTESIAN_POINT('',(-24.1228756555323,-3.1,-71.));
#3507=CARTESIAN_POINT('',(-24.1228756555323,-3.1,71.));
#3508=CARTESIAN_POINT('',(-24.1228756555323,-3.1,71.));
#3509=CARTESIAN_POINT('',(-25.,-3.1,71.));
#3510=CARTESIAN_POINT('',(-22.8,-4.6,71.));
#3511=CARTESIAN_POINT('',(-22.8,-4.6,-71.));
#3512=CARTESIAN_POINT('',(-22.8,-4.6,71.));
#3513=CARTESIAN_POINT('',(22.8,-4.6,71.));
#3514=CARTESIAN_POINT('',(-13.,-10.6,71.));
#3515=CARTESIAN_POINT('',(-4.5,-10.6,71.));
#3516=CARTESIAN_POINT('',(13.,-10.6,71.));
#3517=CARTESIAN_POINT('',(21.5,-10.6,71.));
#3518=CARTESIAN_POINT('',(22.8,-4.6,-71.));
#3519=CARTESIAN_POINT('',(-13.,-10.6,-71.));
#3520=CARTESIAN_POINT('',(-4.5,-10.6,-71.));
#3521=CARTESIAN_POINT('',(13.,-10.6,-71.));
#3522=CARTESIAN_POINT('',(21.5,-10.6,-71.));
#3523=CARTESIAN_POINT('',(0.,-0.300000000000012,-53.9999999999999));
#3524=CARTESIAN_POINT('',(0.,-0.733000000000008,-53.9999999999999));
#3525=CARTESIAN_POINT('',(0.,-0.733,-56.067));
#3526=CARTESIAN_POINT('',(0.,-28.3,-54.));
#3527=CARTESIAN_POINT('',(0.,-12.3,-53.9999999999999));
#3528=CARTESIAN_POINT('',(0.,-12.3,-56.067));
#3529=CARTESIAN_POINT('',(0.,-12.3,-56.067));
#3530=CARTESIAN_POINT('',(0.,-12.3,-53.9999999999999));
#3531=CARTESIAN_POINT('',(0.,-12.3,-56.15));
#3532=CARTESIAN_POINT('',(0.,-28.3,-54.));
#3533=CARTESIAN_POINT('',(0.,-20.,-54.));
#3534=CARTESIAN_POINT('',(0.,-20.,-56.15));
#3535=CARTESIAN_POINT('',(0.,-20.,-56.15));
#3536=CARTESIAN_POINT('',(0.,-20.,-54.));
#3537=CARTESIAN_POINT('',(0.,-20.,-57.75));
#3538=CARTESIAN_POINT('',(0.,-28.3,-54.));
#3539=CARTESIAN_POINT('',(0.,-0.300000000000012,54.));
#3540=CARTESIAN_POINT('',(0.,-0.733000000000008,54.));
#3541=CARTESIAN_POINT('',(0.,-0.733,51.9329999999999));
#3542=CARTESIAN_POINT('',(0.,-28.3,53.9999999999999));
#3543=CARTESIAN_POINT('',(0.,-12.3,54.));
#3544=CARTESIAN_POINT('',(0.,-12.3,51.9329999999999));
#3545=CARTESIAN_POINT('',(0.,-12.3,51.9329999999999));
#3546=CARTESIAN_POINT('',(0.,-12.3,54.));
#3547=CARTESIAN_POINT('',(0.,-12.3,51.8499999999999));
#3548=CARTESIAN_POINT('',(0.,-28.3,53.9999999999999));
#3549=CARTESIAN_POINT('',(0.,-20.,53.9999999999999));
#3550=CARTESIAN_POINT('',(0.,-20.,51.8499999999999));
#3551=CARTESIAN_POINT('',(0.,-20.,51.8499999999999));
#3552=CARTESIAN_POINT('',(0.,-20.,53.9999999999999));
#3553=CARTESIAN_POINT('',(0.,-20.,50.2499999999999));
#3554=CARTESIAN_POINT('',(0.,-28.3,53.9999999999999));
#3555=CARTESIAN_POINT('',(0.,-0.300000000000012,18.));
#3556=CARTESIAN_POINT('',(0.,-0.733000000000008,18.));
#3557=CARTESIAN_POINT('',(0.,-0.733,15.9329999999999));
#3558=CARTESIAN_POINT('',(0.,-28.3,17.9999999999999));
#3559=CARTESIAN_POINT('',(0.,-12.3,18.));
#3560=CARTESIAN_POINT('',(0.,-12.3,15.9329999999999));
#3561=CARTESIAN_POINT('',(0.,-12.3,15.9329999999999));
#3562=CARTESIAN_POINT('',(0.,-12.3,18.));
#3563=CARTESIAN_POINT('',(0.,-12.3,15.8499999999999));
#3564=CARTESIAN_POINT('',(0.,-28.3,17.9999999999999));
#3565=CARTESIAN_POINT('',(0.,-20.,17.9999999999999));
#3566=CARTESIAN_POINT('',(0.,-20.,15.8499999999999));
#3567=CARTESIAN_POINT('',(0.,-20.,15.8499999999999));
#3568=CARTESIAN_POINT('',(0.,-20.,17.9999999999999));
#3569=CARTESIAN_POINT('',(0.,-20.,14.2499999999999));
#3570=CARTESIAN_POINT('',(0.,-28.3,17.9999999999999));
#3571=CARTESIAN_POINT('',(0.,-0.300000000000012,-18.));
#3572=CARTESIAN_POINT('',(0.,-0.733000000000008,-18.));
#3573=CARTESIAN_POINT('',(0.,-0.733,-20.0670000000001));
#3574=CARTESIAN_POINT('',(0.,-28.3,-18.0000000000001));
#3575=CARTESIAN_POINT('',(0.,-12.3,-18.));
#3576=CARTESIAN_POINT('',(0.,-12.3,-20.0670000000001));
#3577=CARTESIAN_POINT('',(0.,-12.3,-20.0670000000001));
#3578=CARTESIAN_POINT('',(0.,-12.3,-18.));
#3579=CARTESIAN_POINT('',(0.,-12.3,-20.1500000000001));
#3580=CARTESIAN_POINT('',(0.,-28.3,-18.0000000000001));
#3581=CARTESIAN_POINT('',(0.,-20.,-18.0000000000001));
#3582=CARTESIAN_POINT('',(0.,-20.,-20.1500000000001));
#3583=CARTESIAN_POINT('',(0.,-20.,-20.1500000000001));
#3584=CARTESIAN_POINT('',(0.,-20.,-18.0000000000001));
#3585=CARTESIAN_POINT('',(0.,-20.,-21.7500000000001));
#3586=CARTESIAN_POINT('',(0.,-28.3,-18.0000000000001));
#3587=CARTESIAN_POINT('',(-2.,-3.3,-65.5));
#3588=CARTESIAN_POINT('',(-2.,-3.3,-64.5));
#3589=CARTESIAN_POINT('',(-2.,-3.3,-64.5));
#3590=CARTESIAN_POINT('',(-2.,-3.3,-65.5));
#3591=CARTESIAN_POINT('',(-2.,-3.3,-65.5));
#3592=CARTESIAN_POINT('',(-2.,-3.3,-65.5));
#3593=CARTESIAN_POINT('',(-2.16840434497101E-16,-3.3,-64.5));
#3594=CARTESIAN_POINT('',(2.,-3.3,-64.5));
#3595=CARTESIAN_POINT('',(2.,-3.3,-64.5));
#3596=CARTESIAN_POINT('',(-2.16840434497101E-16,-3.3,-64.5));
#3597=CARTESIAN_POINT('',(2.,-3.3,-64.5));
#3598=CARTESIAN_POINT('',(2.,-3.3,-65.5));
#3599=CARTESIAN_POINT('',(2.,-3.3,-65.5));
#3600=CARTESIAN_POINT('',(2.,-3.3,-64.5));
#3601=CARTESIAN_POINT('',(2.16840434497101E-16,-3.3,-65.5));
#3602=CARTESIAN_POINT('',(2.16840434497101E-16,-3.3,-65.5));
#3603=CARTESIAN_POINT('',(-2.16840434497101E-16,-3.3,-64.5));
#3604=CARTESIAN_POINT('',(0.,-3.3,65.));
#3605=CARTESIAN_POINT('',(0.,-3.3,65.));
#3606=CARTESIAN_POINT('',(2.,-3.3,65.));
#3607=CARTESIAN_POINT('',(0.,-3.3,65.));
#3608=CARTESIAN_POINT('',(25.,-20.,-61.));
#3609=CARTESIAN_POINT('',(24.567,-20.,-61.));
#3610=CARTESIAN_POINT('',(24.567,-20.,-58.933));
#3611=CARTESIAN_POINT('',(19.5,-20.,-61.));
#3612=CARTESIAN_POINT('',(19.5,-20.,-61.));
#3613=CARTESIAN_POINT('',(19.5,-20.,-58.933));
#3614=CARTESIAN_POINT('',(19.5,-20.,-58.933));
#3615=CARTESIAN_POINT('',(25.,-20.,61.));
#3616=CARTESIAN_POINT('',(24.567,-20.,61.));
#3617=CARTESIAN_POINT('',(24.567,-20.,63.067));
#3618=CARTESIAN_POINT('',(19.5,-20.,61.));
#3619=CARTESIAN_POINT('',(19.5,-20.,61.));
#3620=CARTESIAN_POINT('',(19.5,-20.,63.067));
#3621=CARTESIAN_POINT('',(19.5,-20.,63.067));
#3622=CARTESIAN_POINT('',(-19.5,-20.,-61.));
#3623=CARTESIAN_POINT('',(-19.5,-20.,-61.));
#3624=CARTESIAN_POINT('',(-19.5,-20.,-58.933));
#3625=CARTESIAN_POINT('',(-25.,-20.,-61.));
#3626=CARTESIAN_POINT('',(-24.567,-20.,-61.));
#3627=CARTESIAN_POINT('',(-24.567,-20.,-58.933));
#3628=CARTESIAN_POINT('',(-24.567,-20.,-61.));
#3629=CARTESIAN_POINT('',(-19.5,-20.,61.));
#3630=CARTESIAN_POINT('',(-19.5,-20.,61.));
#3631=CARTESIAN_POINT('',(-19.5,-20.,63.067));
#3632=CARTESIAN_POINT('',(-25.,-20.,61.));
#3633=CARTESIAN_POINT('',(-24.567,-20.,61.));
#3634=CARTESIAN_POINT('',(-24.567,-20.,63.067));
#3635=CARTESIAN_POINT('',(-24.567,-20.,61.));
#3636=CARTESIAN_POINT('',(21.5,-24.,-53.));
#3637=CARTESIAN_POINT('',(21.5,-23.567,-53.));
#3638=CARTESIAN_POINT('',(21.5,-23.567,-50.933));
#3639=CARTESIAN_POINT('',(21.5,-18.5,-53.));
#3640=CARTESIAN_POINT('',(21.5,-18.5,-53.));
#3641=CARTESIAN_POINT('',(21.5,-18.5,-50.933));
#3642=CARTESIAN_POINT('',(21.5,-18.5,-50.933));
#3643=CARTESIAN_POINT('',(21.5,-24.,53.));
#3644=CARTESIAN_POINT('',(21.5,-23.567,53.));
#3645=CARTESIAN_POINT('',(21.5,-23.567,55.067));
#3646=CARTESIAN_POINT('',(21.5,-18.5,53.));
#3647=CARTESIAN_POINT('',(21.5,-18.5,53.));
#3648=CARTESIAN_POINT('',(21.5,-18.5,55.067));
#3649=CARTESIAN_POINT('',(21.5,-18.5,55.067));
#3650=CARTESIAN_POINT('',(-21.5,-24.,53.));
#3651=CARTESIAN_POINT('',(-21.5,-23.567,53.));
#3652=CARTESIAN_POINT('',(-21.5,-23.567,55.067));
#3653=CARTESIAN_POINT('',(-21.5,-18.5,53.));
#3654=CARTESIAN_POINT('',(-21.5,-18.5,53.));
#3655=CARTESIAN_POINT('',(-21.5,-18.5,55.067));
#3656=CARTESIAN_POINT('',(-21.5,-18.5,55.067));
#3657=CARTESIAN_POINT('',(-21.5,-24.,-53.));
#3658=CARTESIAN_POINT('',(-21.5,-23.567,-53.));
#3659=CARTESIAN_POINT('',(-21.5,-23.567,-50.933));
#3660=CARTESIAN_POINT('',(-21.5,-18.5,-53.));
#3661=CARTESIAN_POINT('',(-21.5,-18.5,-53.));
#3662=CARTESIAN_POINT('',(-21.5,-18.5,-50.933));
#3663=CARTESIAN_POINT('',(-21.5,-18.5,-50.933));
#3664=CARTESIAN_POINT('',(-14.,-18.4,53.8));
#3665=CARTESIAN_POINT('',(-14.,-18.4,53.8));
#3666=CARTESIAN_POINT('',(-6.09999999999999,-18.4,20.8));
#3667=CARTESIAN_POINT('',(-6.09999999999999,-18.4,20.8));
#3668=CARTESIAN_POINT('',(0.,-18.4,0.));
#3669=CARTESIAN_POINT('',(6.09999999999999,-18.4,-20.8));
#3670=CARTESIAN_POINT('',(6.09999999999999,-18.4,-20.8));
#3671=CARTESIAN_POINT('',(14.,-18.4,-53.8));
#3672=CARTESIAN_POINT('',(14.,-18.4,-53.8));
#3673=CARTESIAN_POINT('',(0.,-18.4,0.));
#3674=CARTESIAN_POINT('',(13.,-10.6,69.5));
#3675=CARTESIAN_POINT('',(13.,-10.6,69.5));
#3676=CARTESIAN_POINT('',(17.4,-10.6,69.5));
#3677=CARTESIAN_POINT('',(13.,-10.6,71.));
#3678=CARTESIAN_POINT('',(17.4,-10.6,71.));
#3679=CARTESIAN_POINT('',(13.,-10.6,69.5));
#3680=CARTESIAN_POINT('',(13.,-10.6,69.5));
#3681=CARTESIAN_POINT('',(21.5,-10.6,69.5));
#3682=CARTESIAN_POINT('',(13.,-10.6,69.5));
#3683=CARTESIAN_POINT('',(22.8,-4.6,71.));
#3684=CARTESIAN_POINT('',(13.,-10.6,71.));
#3685=CARTESIAN_POINT('',(10.5,-10.6,71.));
#3686=CARTESIAN_POINT('',(-13.,-10.6,69.5));
#3687=CARTESIAN_POINT('',(-13.,-10.6,69.5));
#3688=CARTESIAN_POINT('',(-8.6,-10.6,69.5));
#3689=CARTESIAN_POINT('',(-13.,-10.6,71.));
#3690=CARTESIAN_POINT('',(-8.6,-10.6,71.));
#3691=CARTESIAN_POINT('',(-13.,-10.6,69.5));
#3692=CARTESIAN_POINT('',(-13.,-10.6,69.5));
#3693=CARTESIAN_POINT('',(-4.5,-10.6,69.5));
#3694=CARTESIAN_POINT('',(-13.,-10.6,69.5));
#3695=CARTESIAN_POINT('',(22.8,-4.6,71.));
#3696=CARTESIAN_POINT('',(-13.,-10.6,71.));
#3697=CARTESIAN_POINT('',(-15.5,-10.6,71.));
#3698=CARTESIAN_POINT('',(13.,-10.6,71.));
#3699=CARTESIAN_POINT('',(13.,-10.6,70.567));
#3700=CARTESIAN_POINT('',(10.933,-10.6,70.567));
#3701=CARTESIAN_POINT('',(13.,-10.6,66.));
#3702=CARTESIAN_POINT('',(13.,-10.6,66.));
#3703=CARTESIAN_POINT('',(10.933,-10.6,66.));
#3704=CARTESIAN_POINT('',(10.933,-10.6,66.));
#3705=CARTESIAN_POINT('',(-13.,-10.6,71.));
#3706=CARTESIAN_POINT('',(-13.,-10.6,70.567));
#3707=CARTESIAN_POINT('',(-15.067,-10.6,70.567));
#3708=CARTESIAN_POINT('',(-13.,-10.6,66.));
#3709=CARTESIAN_POINT('',(-13.,-10.6,66.));
#3710=CARTESIAN_POINT('',(-15.067,-10.6,66.));
#3711=CARTESIAN_POINT('',(-15.067,-10.6,66.));
#3712=CARTESIAN_POINT('',(13.,-10.6,-69.5));
#3713=CARTESIAN_POINT('',(13.,-10.6,-69.5));
#3714=CARTESIAN_POINT('',(21.5,-10.6,-69.5));
#3715=CARTESIAN_POINT('',(13.,-10.6,-69.5));
#3716=CARTESIAN_POINT('',(-13.,-10.6,-69.5));
#3717=CARTESIAN_POINT('',(-13.,-10.6,-69.5));
#3718=CARTESIAN_POINT('',(-4.5,-10.6,-69.5));
#3719=CARTESIAN_POINT('',(-13.,-10.6,-69.5));
#3720=CARTESIAN_POINT('',(0.,0.,0.));
#3721=CARTESIAN_POINT('',(13.5,12.6,39.4));
#3722=CARTESIAN_POINT('',(6.1,12.6,-52.8));
#3723=CARTESIAN_POINT('',(6.09999999999999,12.6,-52.8));
#3724=CARTESIAN_POINT('',(13.5,12.6,-52.8));
#3725=CARTESIAN_POINT('',(6.09999999999999,12.6,39.4));
#3726=CARTESIAN_POINT('',(6.1,12.6,38.2));
#3727=CARTESIAN_POINT('',(13.5,12.6,38.2));
#3728=CARTESIAN_POINT('',(13.5,12.6,38.2));
#3729=CARTESIAN_POINT('',(13.5,12.6,39.4));
#3730=CARTESIAN_POINT('',(-6.1,9.7,39.4));
#3731=CARTESIAN_POINT('',(-6.1,9.7,38.2));
#3732=CARTESIAN_POINT('',(-6.1,9.7,38.2));
#3733=CARTESIAN_POINT('',(-13.5,9.7,38.2));
#3734=CARTESIAN_POINT('',(-6.1,9.7,39.4));
#3735=CARTESIAN_POINT('',(-6.1,9.7,1.2));
#3736=CARTESIAN_POINT('',(-6.1,9.7,1.2));
#3737=CARTESIAN_POINT('',(-13.5,9.7,1.2));
#3738=CARTESIAN_POINT('',(-13.5,9.7,39.4));
#3739=CARTESIAN_POINT('',(-13.5,9.7,39.4));
#3740=CARTESIAN_POINT('',(-13.5,9.7,38.2));
#3741=CARTESIAN_POINT('',(-13.5,1.38777878078145E-14,38.2));
#3742=CARTESIAN_POINT('',(-13.5,9.7,1.2));
#3743=CARTESIAN_POINT('',(-13.5,1.73472347597681E-15,1.2));
#3744=CARTESIAN_POINT('',(-13.5,0.,39.4));
#3745=CARTESIAN_POINT('',(-13.5,0.,39.4));
#3746=CARTESIAN_POINT('',(-10.,0.,32.7));
#3747=CARTESIAN_POINT('',(-10.,0.,30.7));
#3748=CARTESIAN_POINT('',(-10.,0.,6.7));
#3749=CARTESIAN_POINT('',(-10.,0.,4.7));
#3750=CARTESIAN_POINT('',(-13.5,1.4210854715202E-14,38.2));
#3751=CARTESIAN_POINT('',(-6.39999999999999,1.14251972080679E-14,38.2));
#3752=CARTESIAN_POINT('',(-13.5,0.,1.2));
#3753=CARTESIAN_POINT('',(-6.40000000000001,-8.67361737988404E-16,1.2));
#3754=CARTESIAN_POINT('',(-6.4,0.,39.4));
#3755=CARTESIAN_POINT('',(-6.4,0.,39.4));
#3756=CARTESIAN_POINT('',(-6.4,0.,38.2));
#3757=CARTESIAN_POINT('',(-6.2,0.2,38.2));
#3758=CARTESIAN_POINT('',(-6.4,0.,1.2));
#3759=CARTESIAN_POINT('',(-6.2,0.2,1.2));
#3760=CARTESIAN_POINT('',(-6.2,0.2,39.4));
#3761=CARTESIAN_POINT('',(6.2,0.2,39.4));
#3762=CARTESIAN_POINT('',(6.2,0.2,38.2));
#3763=CARTESIAN_POINT('',(6.20000000000001,0.199999999999999,38.2));
#3764=CARTESIAN_POINT('',(6.4,8.97389158867386E-15,38.2));
#3765=CARTESIAN_POINT('',(6.2,0.2,39.4));
#3766=CARTESIAN_POINT('',(6.20000000000001,0.199999999999999,1.2));
#3767=CARTESIAN_POINT('',(6.2,0.2,1.2));
#3768=CARTESIAN_POINT('',(6.4,0.,1.2));
#3769=CARTESIAN_POINT('',(6.4,0.,39.4));
#3770=CARTESIAN_POINT('',(6.4,0.,39.4));
#3771=CARTESIAN_POINT('',(10.,0.,32.7));
#3772=CARTESIAN_POINT('',(10.,0.,30.7));
#3773=CARTESIAN_POINT('',(10.,0.,6.7));
#3774=CARTESIAN_POINT('',(10.,0.,4.7));
#3775=CARTESIAN_POINT('',(-13.5,1.4210854715202E-14,38.2));
#3776=CARTESIAN_POINT('',(13.5,7.105427357601E-15,38.2));
#3777=CARTESIAN_POINT('',(-13.5,0.,1.2));
#3778=CARTESIAN_POINT('',(13.5,0.,1.2));
#3779=CARTESIAN_POINT('',(13.5,0.,39.4));
#3780=CARTESIAN_POINT('',(13.5,0.,39.4));
#3781=CARTESIAN_POINT('',(13.5,7.105427357601E-15,38.2));
#3782=CARTESIAN_POINT('',(13.5,0.,1.2));
#3783=CARTESIAN_POINT('',(13.5,9.4,1.2));
#3784=CARTESIAN_POINT('',(13.5,9.4,-53.8));
#3785=CARTESIAN_POINT('',(13.5,9.4,-53.8));
#3786=CARTESIAN_POINT('',(13.5,9.4,-53.8));
#3787=CARTESIAN_POINT('',(13.5,14.6,-53.8));
#3788=CARTESIAN_POINT('',(13.5,14.6,-52.8));
#3789=CARTESIAN_POINT('',(13.5,14.6,-52.8));
#3790=CARTESIAN_POINT('',(13.5,12.6,-52.8));
#3791=CARTESIAN_POINT('',(6.09999999999999,12.6,39.4));
#3792=CARTESIAN_POINT('',(6.1,9.4,-53.8));
#3793=CARTESIAN_POINT('',(6.1,9.4,-53.8));
#3794=CARTESIAN_POINT('',(6.1,9.4,0.));
#3795=CARTESIAN_POINT('',(6.09999999999999,12.6,0.));
#3796=CARTESIAN_POINT('',(6.1,4.7,0.));
#3797=CARTESIAN_POINT('',(6.1,4.7,39.4));
#3798=CARTESIAN_POINT('',(6.1,4.7,39.4));
#3799=CARTESIAN_POINT('',(6.09999999999999,12.6,39.4));
#3800=CARTESIAN_POINT('',(6.1,9.3,39.4));
#3801=CARTESIAN_POINT('',(6.1,9.3,38.2));
#3802=CARTESIAN_POINT('',(6.1,9.3,38.2));
#3803=CARTESIAN_POINT('',(6.1,12.6,38.2));
#3804=CARTESIAN_POINT('',(6.1,14.6,-52.8));
#3805=CARTESIAN_POINT('',(6.1,14.6,-52.8));
#3806=CARTESIAN_POINT('',(6.1,14.6,-52.8));
#3807=CARTESIAN_POINT('',(6.1,14.6,-53.8));
#3808=CARTESIAN_POINT('',(6.1,12.6,-53.8));
#3809=CARTESIAN_POINT('',(-6.1,4.7,39.4));
#3810=CARTESIAN_POINT('',(-6.1,9.3,38.2));
#3811=CARTESIAN_POINT('',(-6.1,9.3,38.2));
#3812=CARTESIAN_POINT('',(-6.1,9.3,38.2));
#3813=CARTESIAN_POINT('',(-6.1,9.3,39.4));
#3814=CARTESIAN_POINT('',(-6.1,4.7,39.4));
#3815=CARTESIAN_POINT('',(-6.1,4.7,39.4));
#3816=CARTESIAN_POINT('',(-6.1,4.7,39.4));
#3817=CARTESIAN_POINT('',(-6.1,4.7,0.));
#3818=CARTESIAN_POINT('',(-6.1,4.7,0.));
#3819=CARTESIAN_POINT('',(-6.1,9.3,0.));
#3820=CARTESIAN_POINT('',(-6.1,9.3,1.2));
#3821=CARTESIAN_POINT('',(-6.1,9.3,1.2));
#3822=CARTESIAN_POINT('',(-6.1,9.3,1.2));
#3823=CARTESIAN_POINT('',(0.,0.,0.));
#3824=CARTESIAN_POINT('',(0.,9.4,0.));
#3825=CARTESIAN_POINT('',(13.3,9.4,0.));
#3826=CARTESIAN_POINT('',(13.3,9.7,0.));
#3827=CARTESIAN_POINT('',(13.3,0.199999999999999,0.));
#3828=CARTESIAN_POINT('',(-6.2,0.2,0.));
#3829=CARTESIAN_POINT('',(-13.3,0.2,0.));
#3830=CARTESIAN_POINT('',(-13.3,0.2,0.));
#3831=CARTESIAN_POINT('',(-13.3,9.3,0.));
#3832=CARTESIAN_POINT('',(-13.3,9.3,0.));
#3833=CARTESIAN_POINT('',(6.1,4.7,0.));
#3834=CARTESIAN_POINT('',(-6.2,0.2,39.4));
#3835=CARTESIAN_POINT('',(0.,0.2,17.7));
#3836=CARTESIAN_POINT('',(0.,0.2,21.7));
#3837=CARTESIAN_POINT('',(0.,0.2,32.7));
#3838=CARTESIAN_POINT('',(0.,0.2,34.2));
#3839=CARTESIAN_POINT('',(-6.2,0.2,39.4));
#3840=CARTESIAN_POINT('',(-13.3,0.2,39.4));
#3841=CARTESIAN_POINT('',(13.3,0.199999999999999,39.4));
#3842=CARTESIAN_POINT('',(-13.3,0.2,38.2));
#3843=CARTESIAN_POINT('',(-13.3,0.2,38.2));
#3844=CARTESIAN_POINT('',(13.3,0.199999999999999,38.2));
#3845=CARTESIAN_POINT('',(13.3,0.199999999999999,1.2));
#3846=CARTESIAN_POINT('',(-13.3,0.2,1.2));
#3847=CARTESIAN_POINT('',(-13.3,0.2,1.2));
#3848=CARTESIAN_POINT('',(13.3,0.199999999999999,1.2));
#3849=CARTESIAN_POINT('',(13.3,0.199999999999999,1.2));
#3850=CARTESIAN_POINT('',(13.3,0.199999999999999,1.2));
#3851=CARTESIAN_POINT('',(13.3,0.199999999999999,38.2));
#3852=CARTESIAN_POINT('',(13.3,0.199999999999999,38.2));
#3853=CARTESIAN_POINT('',(13.3,0.199999999999999,38.2));
#3854=CARTESIAN_POINT('',(6.1,4.7,39.4));
#3855=CARTESIAN_POINT('',(0.,4.7,17.7));
#3856=CARTESIAN_POINT('',(0.,4.7,13.7));
#3857=CARTESIAN_POINT('',(6.1,4.7,39.4));
#3858=CARTESIAN_POINT('',(0.,0.,39.4));
#3859=CARTESIAN_POINT('',(6.1,9.3,39.4));
#3860=CARTESIAN_POINT('',(13.3,9.3,39.4));
#3861=CARTESIAN_POINT('',(-13.3,9.3,39.4));
#3862=CARTESIAN_POINT('',(-13.3,9.3,39.4));
#3863=CARTESIAN_POINT('',(-13.3,0.2,39.4));
#3864=CARTESIAN_POINT('',(13.3,9.3,39.4));
#3865=CARTESIAN_POINT('',(-13.3,9.3,1.2));
#3866=CARTESIAN_POINT('',(-13.3,9.3,1.2));
#3867=CARTESIAN_POINT('',(-13.3,9.3,1.2));
#3868=CARTESIAN_POINT('',(-13.3,9.3,1.2));
#3869=CARTESIAN_POINT('',(-13.3,0.2,1.2));
#3870=CARTESIAN_POINT('',(-13.3,0.2,1.2));
#3871=CARTESIAN_POINT('',(0.,0.,1.2));
#3872=CARTESIAN_POINT('',(0.,0.,1.2));
#3873=CARTESIAN_POINT('',(13.3,9.7,1.2));
#3874=CARTESIAN_POINT('',(13.3,9.4,1.2));
#3875=CARTESIAN_POINT('',(6.1,9.4,1.2));
#3876=CARTESIAN_POINT('',(13.3,9.7,1.2));
#3877=CARTESIAN_POINT('',(13.3,9.4,1.2));
#3878=CARTESIAN_POINT('',(-13.3,9.3,38.2));
#3879=CARTESIAN_POINT('',(-13.3,9.3,38.2));
#3880=CARTESIAN_POINT('',(-13.3,9.3,38.2));
#3881=CARTESIAN_POINT('',(-13.3,9.3,38.2));
#3882=CARTESIAN_POINT('',(-13.3,0.2,38.2));
#3883=CARTESIAN_POINT('',(-13.3,0.2,38.2));
#3884=CARTESIAN_POINT('',(0.,0.,38.2));
#3885=CARTESIAN_POINT('',(0.,0.,38.2));
#3886=CARTESIAN_POINT('',(6.1,9.3,38.2));
#3887=CARTESIAN_POINT('',(13.3,9.3,38.2));
#3888=CARTESIAN_POINT('',(13.3,9.3,38.2));
#3889=CARTESIAN_POINT('',(6.1,9.3,38.2));
#3890=CARTESIAN_POINT('',(13.3,9.3,38.2));
#3891=CARTESIAN_POINT('',(13.3,9.3,38.2));
#3892=CARTESIAN_POINT('',(6.1,9.4,-53.8));
#3893=CARTESIAN_POINT('',(6.1,9.4,-53.8));
#3894=CARTESIAN_POINT('',(0.,0.,-53.8));
#3895=CARTESIAN_POINT('',(13.5,14.6,-53.8));
#3896=CARTESIAN_POINT('',(10.,4.,6.7));
#3897=CARTESIAN_POINT('',(10.,4.,6.7));
#3898=CARTESIAN_POINT('',(10.,4.,5.079));
#3899=CARTESIAN_POINT('',(10.,0.,6.7));
#3900=CARTESIAN_POINT('',(10.,0.379,6.7));
#3901=CARTESIAN_POINT('',(10.,0.379,5.079));
#3902=CARTESIAN_POINT('',(10.,0.379,6.7));
#3903=CARTESIAN_POINT('',(-10.,4.,6.7));
#3904=CARTESIAN_POINT('',(-10.,4.,6.7));
#3905=CARTESIAN_POINT('',(-10.,4.,5.079));
#3906=CARTESIAN_POINT('',(-10.,0.,6.7));
#3907=CARTESIAN_POINT('',(-10.,0.379,6.7));
#3908=CARTESIAN_POINT('',(-10.,0.379,5.079));
#3909=CARTESIAN_POINT('',(-10.,0.379,6.7));
#3910=CARTESIAN_POINT('',(10.,4.,32.7));
#3911=CARTESIAN_POINT('',(10.,4.,32.7));
#3912=CARTESIAN_POINT('',(10.,4.,31.079));
#3913=CARTESIAN_POINT('',(10.,0.,32.7));
#3914=CARTESIAN_POINT('',(10.,0.379,32.7));
#3915=CARTESIAN_POINT('',(10.,0.379,31.079));
#3916=CARTESIAN_POINT('',(10.,0.379,32.7));
#3917=CARTESIAN_POINT('',(-10.,4.,32.7));
#3918=CARTESIAN_POINT('',(-10.,4.,32.7));
#3919=CARTESIAN_POINT('',(-10.,4.,31.079));
#3920=CARTESIAN_POINT('',(-10.,0.,32.7));
#3921=CARTESIAN_POINT('',(-10.,0.379,32.7));
#3922=CARTESIAN_POINT('',(-10.,0.379,31.079));
#3923=CARTESIAN_POINT('',(-10.,0.379,32.7));
#3924=CARTESIAN_POINT('',(0.,3.2,32.7));
#3925=CARTESIAN_POINT('',(0.,3.2,32.7));
#3926=CARTESIAN_POINT('',(1.5,3.2,32.7));
#3927=CARTESIAN_POINT('',(0.,3.2,32.7));
#3928=CARTESIAN_POINT('',(0.,4.8,17.7));
#3929=CARTESIAN_POINT('',(13.5,14.6,-52.8));
#3930=CARTESIAN_POINT('',(13.5,14.6,-52.8));
#3931=CARTESIAN_POINT('',(0.,0.,-52.8));
#3932=CARTESIAN_POINT('',(0.,-33.,32.));
#3933=CARTESIAN_POINT('',(0.,-33.,-32.));
#3934=MECHANICAL_DESIGN_GEOMETRIC_PRESENTATION_REPRESENTATION('',(#2331,
#2332),#3935);
#3935=(
GEOMETRIC_REPRESENTATION_CONTEXT(3)
GLOBAL_UNCERTAINTY_ASSIGNED_CONTEXT((#3938))
GLOBAL_UNIT_ASSIGNED_CONTEXT((#3943,#3942,#3941))
REPRESENTATION_CONTEXT('MHF2-16D2(64_0_)','TOP_LEVEL_ASSEMBLY_PART')
);
#3936=(
GEOMETRIC_REPRESENTATION_CONTEXT(3)
GLOBAL_UNCERTAINTY_ASSIGNED_CONTEXT((#3939))
GLOBAL_UNIT_ASSIGNED_CONTEXT((#3943,#3942,#3941))
REPRESENTATION_CONTEXT('MHF2-16D2(0)_BODY_X','COMPONENT_PART')
);
#3937=(
GEOMETRIC_REPRESENTATION_CONTEXT(3)
GLOBAL_UNCERTAINTY_ASSIGNED_CONTEXT((#3940))
GLOBAL_UNIT_ASSIGNED_CONTEXT((#3943,#3942,#3941))
REPRESENTATION_CONTEXT('MHF2-16D2(0)_FINGER','COMPONENT_PART')
);
#3938=UNCERTAINTY_MEASURE_WITH_UNIT(LENGTH_MEASURE(1.E-5),#3943,
'DISTANCE_ACCURACY_VALUE','Maximum Tolerance applied to model');
#3939=UNCERTAINTY_MEASURE_WITH_UNIT(LENGTH_MEASURE(1.E-5),#3943,
'DISTANCE_ACCURACY_VALUE','Maximum Tolerance applied to model');
#3940=UNCERTAINTY_MEASURE_WITH_UNIT(LENGTH_MEASURE(1.E-5),#3943,
'DISTANCE_ACCURACY_VALUE','Maximum Tolerance applied to model');
#3941=(
NAMED_UNIT(*)
SI_UNIT($,.STERADIAN.)
SOLID_ANGLE_UNIT()
);
#3942=(
NAMED_UNIT(*)
PLANE_ANGLE_UNIT()
SI_UNIT($,.RADIAN.)
);
#3943=(
LENGTH_UNIT()
NAMED_UNIT(*)
SI_UNIT(.MILLI.,.METRE.)
);
#3944=PRODUCT_DEFINITION_SHAPE('','',#3950);
#3945=PRODUCT_DEFINITION_SHAPE('','',#3951);
#3946=PRODUCT_DEFINITION_SHAPE(' ','NAUO PRDDFN',#21);
#3947=PRODUCT_DEFINITION_SHAPE('','',#3952);
#3948=PRODUCT_DEFINITION_SHAPE(' ','NAUO PRDDFN',#22);
#3949=PRODUCT_DEFINITION_SHAPE(' ','NAUO PRDDFN',#23);
#3950=PRODUCT_DEFINITION('','',#3956,#3953);
#3951=PRODUCT_DEFINITION('','',#3957,#3954);
#3952=PRODUCT_DEFINITION('','',#3958,#3955);
#3953=PRODUCT_DEFINITION_CONTEXT('',#3972,'design');
#3954=PRODUCT_DEFINITION_CONTEXT('',#3972,'design');
#3955=PRODUCT_DEFINITION_CONTEXT('',#3972,'design');
#3956=PRODUCT_DEFINITION_FORMATION_WITH_SPECIFIED_SOURCE('','',#3962,
 .NOT_KNOWN.);
#3957=PRODUCT_DEFINITION_FORMATION_WITH_SPECIFIED_SOURCE('','',#3963,
 .NOT_KNOWN.);
#3958=PRODUCT_DEFINITION_FORMATION_WITH_SPECIFIED_SOURCE('','',#3964,
 .NOT_KNOWN.);
#3959=PRODUCT_RELATED_PRODUCT_CATEGORY('','',(#3962));
#3960=PRODUCT_RELATED_PRODUCT_CATEGORY('','',(#3963));
#3961=PRODUCT_RELATED_PRODUCT_CATEGORY('','',(#3964));
#3962=PRODUCT('MHF2-16D2(64_0_)','MHF2-16D2(64_0_)','MHF2-16D2(64_0_)',
(#3968));
#3963=PRODUCT('MHF2-16D2(0)_BODY_X','MHF2-16D2(0)_BODY_X',
'MHF2-16D2(0)_BODY_X',(#3969));
#3964=PRODUCT('MHF2-16D2(0)_FINGER','MHF2-16D2(0)_FINGER',
'MHF2-16D2(0)_FINGER',(#3970));
#3965=PRODUCT_CATEGORY('','');
#3966=PRODUCT_CATEGORY('','');
#3967=PRODUCT_CATEGORY('','');
#3968=PRODUCT_CONTEXT('',#3972,'mechanical');
#3969=PRODUCT_CONTEXT('',#3972,'mechanical');
#3970=PRODUCT_CONTEXT('',#3972,'mechanical');
#3971=APPLICATION_PROTOCOL_DEFINITION('international standard',
'automotive_design',2010,#3972);
#3972=APPLICATION_CONTEXT(
'core data for automotive mechanical design processes');
ENDSEC;
END-ISO-10303-21;
