ISO-10303-21;
HEADER;
FILE_DESCRIPTION(('Open CASCADE Model'),'2;1');
FILE_NAME('Open CASCADE Shape Model','2026-09-11T09:51:41',('Author'),(
    'Open CASCADE'),'Open CASCADE STEP processor 7.8','Open CASCADE 7.8'
  ,'Unknown');
FILE_SCHEMA(('AUTOMOTIVE_DESIGN { 1 0 10303 214 1 1 1 1 }'));
ENDSEC;
DATA;
#1 = APPLICATION_PROTOCOL_DEFINITION('international standard',
  'automotive_design',2000,#2);
#2 = APPLICATION_CONTEXT(
  'core data for automotive mechanical design processes');
#3 = SHAPE_DEFINITION_REPRESENTATION(#4,#10);
#4 = PRODUCT_DEFINITION_SHAPE('','',#5);
#5 = PRODUCT_DEFINITION('design','',#6,#9);
#6 = PRODUCT_DEFINITION_FORMATION('','',#7);
#7 = PRODUCT('Open CASCADE STEP translator 7.8 1',
  'Open CASCADE STEP translator 7.8 1','',(#8));
#8 = PRODUCT_CONTEXT('',#2,'mechanical');
#9 = PRODUCT_DEFINITION_CONTEXT('part definition',#2,'design');
#10 = ADVANCED_BREP_SHAPE_REPRESENTATION('',(#11,#15),#7131);
#11 = AXIS2_PLACEMENT_3D('',#12,#13,#14);
#12 = CARTESIAN_POINT('',(0.,0.,0.));
#13 = DIRECTION('',(0.,0.,1.));
#14 = DIRECTION('',(1.,0.,-0.));
#15 = MANIFOLD_SOLID_BREP('',#16);
#16 = CLOSED_SHELL('',(#17,#137,#345,#394,#515,#561,#685,#711,#759,#852,
    #879,#886,#933,#1038,#1167,#1237,#1463,#1597,#1747,#1874,#1949,#2173
    ,#2861,#2956,#2982,#3009,#3037,#3043,#3171,#3242,#3288,#3444,#3491,
    #3569,#3646,#4270,#4345,#4390,#4418,#4425,#4472,#4499,#4526,#4533,
    #4610,#4658,#4707,#4734,#4809,#4858,#4908,#4935,#5010,#5059,#5109,
    #5136,#5213,#5261,#5310,#5337,#5363,#5368,#5568,#5617,#5713,#5890,
    #6004,#6032,#6104,#6153,#6202,#6230,#6301,#6351,#6401,#6428,#6499,
    #6549,#6598,#6626,#6698,#6747,#6796,#6824,#6830,#6843,#6856,#6869,
    #6882,#6888,#6915,#6942,#6949,#7021,#7070,#7096,#7125));
#17 = ADVANCED_FACE('',(#18),#32,.F.);
#18 = FACE_BOUND('',#19,.F.);
#19 = EDGE_LOOP('',(#20,#55,#83,#111));
#20 = ORIENTED_EDGE('',*,*,#21,.F.);
#21 = EDGE_CURVE('',#22,#24,#26,.T.);
#22 = VERTEX_POINT('',#23);
#23 = CARTESIAN_POINT('',(-70.,-29.,26.));
#24 = VERTEX_POINT('',#25);
#25 = CARTESIAN_POINT('',(-70.,-29.,38.));
#26 = SURFACE_CURVE('',#27,(#31,#43),.PCURVE_S1.);
#27 = LINE('',#28,#29);
#28 = CARTESIAN_POINT('',(-70.,-29.,26.));
#29 = VECTOR('',#30,1.);
#30 = DIRECTION('',(0.,0.,1.));
#31 = PCURVE('',#32,#37);
#32 = PLANE('',#33);
#33 = AXIS2_PLACEMENT_3D('',#34,#35,#36);
#34 = CARTESIAN_POINT('',(-70.,-29.,26.));
#35 = DIRECTION('',(1.,0.,0.));
#36 = DIRECTION('',(0.,0.,1.));
#37 = DEFINITIONAL_REPRESENTATION('',(#38),#42);
#38 = LINE('',#39,#40);
#39 = CARTESIAN_POINT('',(0.,0.));
#40 = VECTOR('',#41,1.);
#41 = DIRECTION('',(1.,0.));
#42 = ( GEOMETRIC_REPRESENTATION_CONTEXT(2) 
PARAMETRIC_REPRESENTATION_CONTEXT() REPRESENTATION_CONTEXT('2D SPACE',''
  ) );
#43 = PCURVE('',#44,#49);
#44 = PLANE('',#45);
#45 = AXIS2_PLACEMENT_3D('',#46,#47,#48);
#46 = CARTESIAN_POINT('',(-70.,-29.,26.));
#47 = DIRECTION('',(0.,1.,0.));
#48 = DIRECTION('',(0.,0.,1.));
#49 = DEFINITIONAL_REPRESENTATION('',(#50),#54);
#50 = LINE('',#51,#52);
#51 = CARTESIAN_POINT('',(0.,0.));
#52 = VECTOR('',#53,1.);
#53 = DIRECTION('',(1.,0.));
#54 = ( GEOMETRIC_REPRESENTATION_CONTEXT(2) 
PARAMETRIC_REPRESENTATION_CONTEXT() REPRESENTATION_CONTEXT('2D SPACE',''
  ) );
#55 = ORIENTED_EDGE('',*,*,#56,.T.);
#56 = EDGE_CURVE('',#22,#57,#59,.T.);
#57 = VERTEX_POINT('',#58);
#58 = CARTESIAN_POINT('',(-70.,-25.,26.));
#59 = SURFACE_CURVE('',#60,(#64,#71),.PCURVE_S1.);
#60 = LINE('',#61,#62);
#61 = CARTESIAN_POINT('',(-70.,-29.,26.));
#62 = VECTOR('',#63,1.);
#63 = DIRECTION('',(0.,1.,0.));
#64 = PCURVE('',#32,#65);
#65 = DEFINITIONAL_REPRESENTATION('',(#66),#70);
#66 = LINE('',#67,#68);
#67 = CARTESIAN_POINT('',(0.,0.));
#68 = VECTOR('',#69,1.);
#69 = DIRECTION('',(0.,-1.));
#70 = ( GEOMETRIC_REPRESENTATION_CONTEXT(2) 
PARAMETRIC_REPRESENTATION_CONTEXT() REPRESENTATION_CONTEXT('2D SPACE',''
  ) );
#71 = PCURVE('',#72,#77);
#72 = PLANE('',#73);
#73 = AXIS2_PLACEMENT_3D('',#74,#75,#76);
#74 = CARTESIAN_POINT('',(-70.,-29.,26.));
#75 = DIRECTION('',(0.,0.,1.));
#76 = DIRECTION('',(1.,0.,0.));
#77 = DEFINITIONAL_REPRESENTATION('',(#78),#82);
#78 = LINE('',#79,#80);
#79 = CARTESIAN_POINT('',(0.,0.));
#80 = VECTOR('',#81,1.);
#81 = DIRECTION('',(0.,1.));
#82 = ( GEOMETRIC_REPRESENTATION_CONTEXT(2) 
PARAMETRIC_REPRESENTATION_CONTEXT() REPRESENTATION_CONTEXT('2D SPACE',''
  ) );
#83 = ORIENTED_EDGE('',*,*,#84,.T.);
#84 = EDGE_CURVE('',#57,#85,#87,.T.);
#85 = VERTEX_POINT('',#86);
#86 = CARTESIAN_POINT('',(-70.,-25.,38.));
#87 = SURFACE_CURVE('',#88,(#92,#99),.PCURVE_S1.);
#88 = LINE('',#89,#90);
#89 = CARTESIAN_POINT('',(-70.,-25.,26.));
#90 = VECTOR('',#91,1.);
#91 = DIRECTION('',(0.,0.,1.));
#92 = PCURVE('',#32,#93);
#93 = DEFINITIONAL_REPRESENTATION('',(#94),#98);
#94 = LINE('',#95,#96);
#95 = CARTESIAN_POINT('',(0.,-4.));
#96 = VECTOR('',#97,1.);
#97 = DIRECTION('',(1.,0.));
#98 = ( GEOMETRIC_REPRESENTATION_CONTEXT(2) 
PARAMETRIC_REPRESENTATION_CONTEXT() REPRESENTATION_CONTEXT('2D SPACE',''
  ) );
#99 = PCURVE('',#100,#105);
#100 = PLANE('',#101);
#101 = AXIS2_PLACEMENT_3D('',#102,#103,#104);
#102 = CARTESIAN_POINT('',(-70.,-25.,26.));
#103 = DIRECTION('',(0.,1.,0.));
#104 = DIRECTION('',(0.,0.,1.));
#105 = DEFINITIONAL_REPRESENTATION('',(#106),#110);
#106 = LINE('',#107,#108);
#107 = CARTESIAN_POINT('',(0.,0.));
#108 = VECTOR('',#109,1.);
#109 = DIRECTION('',(1.,0.));
#110 = ( GEOMETRIC_REPRESENTATION_CONTEXT(2) 
PARAMETRIC_REPRESENTATION_CONTEXT() REPRESENTATION_CONTEXT('2D SPACE',''
  ) );
#111 = ORIENTED_EDGE('',*,*,#112,.F.);
#112 = EDGE_CURVE('',#24,#85,#113,.T.);
#113 = SURFACE_CURVE('',#114,(#118,#125),.PCURVE_S1.);
#114 = LINE('',#115,#116);
#115 = CARTESIAN_POINT('',(-70.,-29.,38.));
#116 = VECTOR('',#117,1.);
#117 = DIRECTION('',(0.,1.,0.));
#118 = PCURVE('',#32,#119);
#119 = DEFINITIONAL_REPRESENTATION('',(#120),#124);
#120 = LINE('',#121,#122);
#121 = CARTESIAN_POINT('',(12.,0.));
#122 = VECTOR('',#123,1.);
#123 = DIRECTION('',(0.,-1.));
#124 = ( GEOMETRIC_REPRESENTATION_CONTEXT(2) 
PARAMETRIC_REPRESENTATION_CONTEXT() REPRESENTATION_CONTEXT('2D SPACE',''
  ) );
#125 = PCURVE('',#126,#131);
#126 = PLANE('',#127);
#127 = AXIS2_PLACEMENT_3D('',#128,#129,#130);
#128 = CARTESIAN_POINT('',(-70.,-29.,38.));
#129 = DIRECTION('',(0.,0.,1.));
#130 = DIRECTION('',(1.,0.,0.));
#131 = DEFINITIONAL_REPRESENTATION('',(#132),#136);
#132 = LINE('',#133,#134);
#133 = CARTESIAN_POINT('',(0.,0.));
#134 = VECTOR('',#135,1.);
#135 = DIRECTION('',(0.,1.));
#136 = ( GEOMETRIC_REPRESENTATION_CONTEXT(2) 
PARAMETRIC_REPRESENTATION_CONTEXT() REPRESENTATION_CONTEXT('2D SPACE',''
  ) );
#137 = ADVANCED_FACE('',(#138),#44,.F.);
#138 = FACE_BOUND('',#139,.F.);
#139 = EDGE_LOOP('',(#140,#163,#164,#187,#215,#243,#269,#295,#321));
#140 = ORIENTED_EDGE('',*,*,#141,.F.);
#141 = EDGE_CURVE('',#22,#142,#144,.T.);
#142 = VERTEX_POINT('',#143);
#143 = CARTESIAN_POINT('',(-67.71198120706,-29.,26.));
#144 = SURFACE_CURVE('',#145,(#149,#156),.PCURVE_S1.);
#145 = LINE('',#146,#147);
#146 = CARTESIAN_POINT('',(-70.,-29.,26.));
#147 = VECTOR('',#148,1.);
#148 = DIRECTION('',(1.,0.,0.));
#149 = PCURVE('',#44,#150);
#150 = DEFINITIONAL_REPRESENTATION('',(#151),#155);
#151 = LINE('',#152,#153);
#152 = CARTESIAN_POINT('',(0.,0.));
#153 = VECTOR('',#154,1.);
#154 = DIRECTION('',(0.,1.));
#155 = ( GEOMETRIC_REPRESENTATION_CONTEXT(2) 
PARAMETRIC_REPRESENTATION_CONTEXT() REPRESENTATION_CONTEXT('2D SPACE',''
  ) );
#156 = PCURVE('',#72,#157);
#157 = DEFINITIONAL_REPRESENTATION('',(#158),#162);
#158 = LINE('',#159,#160);
#159 = CARTESIAN_POINT('',(0.,0.));
#160 = VECTOR('',#161,1.);
#161 = DIRECTION('',(1.,0.));
#162 = ( GEOMETRIC_REPRESENTATION_CONTEXT(2) 
PARAMETRIC_REPRESENTATION_CONTEXT() REPRESENTATION_CONTEXT('2D SPACE',''
  ) );
#163 = ORIENTED_EDGE('',*,*,#21,.T.);
#164 = ORIENTED_EDGE('',*,*,#165,.T.);
#165 = EDGE_CURVE('',#24,#166,#168,.T.);
#166 = VERTEX_POINT('',#167);
#167 = CARTESIAN_POINT('',(-52.,-29.,38.));
#168 = SURFACE_CURVE('',#169,(#173,#180),.PCURVE_S1.);
#169 = LINE('',#170,#171);
#170 = CARTESIAN_POINT('',(-70.,-29.,38.));
#171 = VECTOR('',#172,1.);
#172 = DIRECTION('',(1.,0.,0.));
#173 = PCURVE('',#44,#174);
#174 = DEFINITIONAL_REPRESENTATION('',(#175),#179);
#175 = LINE('',#176,#177);
#176 = CARTESIAN_POINT('',(12.,0.));
#177 = VECTOR('',#178,1.);
#178 = DIRECTION('',(0.,1.));
#179 = ( GEOMETRIC_REPRESENTATION_CONTEXT(2) 
PARAMETRIC_REPRESENTATION_CONTEXT() REPRESENTATION_CONTEXT('2D SPACE',''
  ) );
#180 = PCURVE('',#126,#181);
#181 = DEFINITIONAL_REPRESENTATION('',(#182),#186);
#182 = LINE('',#183,#184);
#183 = CARTESIAN_POINT('',(0.,0.));
#184 = VECTOR('',#185,1.);
#185 = DIRECTION('',(1.,0.));
#186 = ( GEOMETRIC_REPRESENTATION_CONTEXT(2) 
PARAMETRIC_REPRESENTATION_CONTEXT() REPRESENTATION_CONTEXT('2D SPACE',''
  ) );
#187 = ORIENTED_EDGE('',*,*,#188,.F.);
#188 = EDGE_CURVE('',#189,#166,#191,.T.);
#189 = VERTEX_POINT('',#190);
#190 = CARTESIAN_POINT('',(-52.,-29.,26.));
#191 = SURFACE_CURVE('',#192,(#196,#203),.PCURVE_S1.);
#192 = LINE('',#193,#194);
#193 = CARTESIAN_POINT('',(-52.,-29.,26.));
#194 = VECTOR('',#195,1.);
#195 = DIRECTION('',(0.,0.,1.));
#196 = PCURVE('',#44,#197);
#197 = DEFINITIONAL_REPRESENTATION('',(#198),#202);
#198 = LINE('',#199,#200);
#199 = CARTESIAN_POINT('',(0.,18.));
#200 = VECTOR('',#201,1.);
#201 = DIRECTION('',(1.,0.));
#202 = ( GEOMETRIC_REPRESENTATION_CONTEXT(2) 
PARAMETRIC_REPRESENTATION_CONTEXT() REPRESENTATION_CONTEXT('2D SPACE',''
  ) );
#203 = PCURVE('',#204,#209);
#204 = PLANE('',#205);
#205 = AXIS2_PLACEMENT_3D('',#206,#207,#208);
#206 = CARTESIAN_POINT('',(-52.,-29.,26.));
#207 = DIRECTION('',(1.,0.,0.));
#208 = DIRECTION('',(0.,0.,1.));
#209 = DEFINITIONAL_REPRESENTATION('',(#210),#214);
#210 = LINE('',#211,#212);
#211 = CARTESIAN_POINT('',(0.,0.));
#212 = VECTOR('',#213,1.);
#213 = DIRECTION('',(1.,0.));
#214 = ( GEOMETRIC_REPRESENTATION_CONTEXT(2) 
PARAMETRIC_REPRESENTATION_CONTEXT() REPRESENTATION_CONTEXT('2D SPACE',''
  ) );
#215 = ORIENTED_EDGE('',*,*,#216,.F.);
#216 = EDGE_CURVE('',#217,#189,#219,.T.);
#217 = VERTEX_POINT('',#218);
#218 = CARTESIAN_POINT('',(-52.9546854596,-29.,26.));
#219 = SURFACE_CURVE('',#220,(#224,#231),.PCURVE_S1.);
#220 = LINE('',#221,#222);
#221 = CARTESIAN_POINT('',(-70.,-29.,26.));
#222 = VECTOR('',#223,1.);
#223 = DIRECTION('',(1.,0.,0.));
#224 = PCURVE('',#44,#225);
#225 = DEFINITIONAL_REPRESENTATION('',(#226),#230);
#226 = LINE('',#227,#228);
#227 = CARTESIAN_POINT('',(0.,0.));
#228 = VECTOR('',#229,1.);
#229 = DIRECTION('',(0.,1.));
#230 = ( GEOMETRIC_REPRESENTATION_CONTEXT(2) 
PARAMETRIC_REPRESENTATION_CONTEXT() REPRESENTATION_CONTEXT('2D SPACE',''
  ) );
#231 = PCURVE('',#232,#237);
#232 = PLANE('',#233);
#233 = AXIS2_PLACEMENT_3D('',#234,#235,#236);
#234 = CARTESIAN_POINT('',(-70.,-29.,26.));
#235 = DIRECTION('',(0.,0.,1.));
#236 = DIRECTION('',(1.,0.,0.));
#237 = DEFINITIONAL_REPRESENTATION('',(#238),#242);
#238 = LINE('',#239,#240);
#239 = CARTESIAN_POINT('',(0.,0.));
#240 = VECTOR('',#241,1.);
#241 = DIRECTION('',(1.,0.));
#242 = ( GEOMETRIC_REPRESENTATION_CONTEXT(2) 
PARAMETRIC_REPRESENTATION_CONTEXT() REPRESENTATION_CONTEXT('2D SPACE',''
  ) );
#243 = ORIENTED_EDGE('',*,*,#244,.T.);
#244 = EDGE_CURVE('',#217,#245,#247,.T.);
#245 = VERTEX_POINT('',#246);
#246 = CARTESIAN_POINT('',(-52.9546854596,-29.,35.449102308356));
#247 = SURFACE_CURVE('',#248,(#252,#258),.PCURVE_S1.);
#248 = LINE('',#249,#250);
#249 = CARTESIAN_POINT('',(-52.9546854596,-29.,26.89770533532));
#250 = VECTOR('',#251,1.);
#251 = DIRECTION('',(2.925694557147E-17,-0.,1.));
#252 = PCURVE('',#44,#253);
#253 = DEFINITIONAL_REPRESENTATION('',(#254),#257);
#254 = B_SPLINE_CURVE_WITH_KNOTS('',1,(#255,#256),.UNSPECIFIED.,.F.,.F.,
  (2,2),(-0.89770533532,8.551396973037),.PIECEWISE_BEZIER_KNOTS.);
#255 = CARTESIAN_POINT('',(0.,17.045314540393));
#256 = CARTESIAN_POINT('',(9.449102308356,17.045314540393));
#257 = ( GEOMETRIC_REPRESENTATION_CONTEXT(2) 
PARAMETRIC_REPRESENTATION_CONTEXT() REPRESENTATION_CONTEXT('2D SPACE',''
  ) );
#258 = PCURVE('',#259,#264);
#259 = PLANE('',#260);
#260 = AXIS2_PLACEMENT_3D('',#261,#262,#263);
#261 = CARTESIAN_POINT('',(-55.4804407348,-21.42273417439,27.79541067064
    ));
#262 = DIRECTION('',(-0.948683298051,-0.316227766017,2.775557561563E-17)
  );
#263 = DIRECTION('',(0.203858876575,-0.611576629725,0.764470787156));
#264 = DEFINITIONAL_REPRESENTATION('',(#265),#268);
#265 = B_SPLINE_CURVE_WITH_KNOTS('',1,(#266,#267),.UNSPECIFIED.,.F.,.F.,
  (2,2),(-0.89770533532,8.551396973037),.PIECEWISE_BEZIER_KNOTS.);
#266 = CARTESIAN_POINT('',(3.776437320409,-7.263361325404));
#267 = CARTESIAN_POINT('',(11.,-1.171918421805));
#268 = ( GEOMETRIC_REPRESENTATION_CONTEXT(2) 
PARAMETRIC_REPRESENTATION_CONTEXT() REPRESENTATION_CONTEXT('2D SPACE',''
  ) );
#269 = ORIENTED_EDGE('',*,*,#270,.T.);
#270 = EDGE_CURVE('',#245,#271,#273,.T.);
#271 = VERTEX_POINT('',#272);
#272 = CARTESIAN_POINT('',(-55.78776178837,-29.,36.20458932936));
#273 = SURFACE_CURVE('',#274,(#278,#284),.PCURVE_S1.);
#274 = LINE('',#275,#276);
#275 = CARTESIAN_POINT('',(-59.96157979932,-29.,37.317607465615));
#276 = VECTOR('',#277,1.);
#277 = DIRECTION('',(-0.966234939601,0.,0.25766265056));
#278 = PCURVE('',#44,#279);
#279 = DEFINITIONAL_REPRESENTATION('',(#280),#283);
#280 = B_SPLINE_CURVE_WITH_KNOTS('',1,(#281,#282),.UNSPECIFIED.,.F.,.F.,
  (2,2),(-7.251750120535,-4.319671996829),.PIECEWISE_BEZIER_KNOTS.);
#281 = CARTESIAN_POINT('',(9.449102308356,17.045314540393));
#282 = CARTESIAN_POINT('',(10.20458932936,14.212238211628));
#283 = ( GEOMETRIC_REPRESENTATION_CONTEXT(2) 
PARAMETRIC_REPRESENTATION_CONTEXT() REPRESENTATION_CONTEXT('2D SPACE',''
  ) );
#284 = PCURVE('',#285,#290);
#285 = PLANE('',#286);
#286 = AXIS2_PLACEMENT_3D('',#287,#288,#289);
#287 = CARTESIAN_POINT('',(-53.23799309248,-28.15007710137,
    36.20458932936));
#288 = DIRECTION('',(-0.203858876575,0.611576629725,-0.764470787156));
#289 = DIRECTION('',(-0.948683298051,-0.316227766017,-2.775557561563E-17
    ));
#290 = DEFINITIONAL_REPRESENTATION('',(#291),#294);
#291 = B_SPLINE_CURVE_WITH_KNOTS('',1,(#292,#293),.UNSPECIFIED.,.F.,.F.,
  (2,2),(-7.251750120535,-4.319671996829),.PIECEWISE_BEZIER_KNOTS.);
#292 = CARTESIAN_POINT('',(-8.881784197001E-16,-1.171918421805));
#293 = CARTESIAN_POINT('',(2.687692195202,-2.22044604925E-16));
#294 = ( GEOMETRIC_REPRESENTATION_CONTEXT(2) 
PARAMETRIC_REPRESENTATION_CONTEXT() REPRESENTATION_CONTEXT('2D SPACE',''
  ) );
#295 = ORIENTED_EDGE('',*,*,#296,.T.);
#296 = EDGE_CURVE('',#271,#297,#299,.T.);
#297 = VERTEX_POINT('',#298);
#298 = CARTESIAN_POINT('',(-67.71198120706,-29.,31.733007047353));
#299 = SURFACE_CURVE('',#300,(#304,#310),.PCURVE_S1.);
#300 = LINE('',#301,#302);
#301 = CARTESIAN_POINT('',(-66.67123287671,-29.,32.123287671233));
#302 = VECTOR('',#303,1.);
#303 = DIRECTION('',(-0.936329177569,0.,-0.351123441588));
#304 = PCURVE('',#44,#305);
#305 = DEFINITIONAL_REPRESENTATION('',(#306),#309);
#306 = B_SPLINE_CURVE_WITH_KNOTS('',1,(#307,#308),.UNSPECIFIED.,.F.,.F.,
  (2,2),(-14.34670637852,2.232947643725),.PIECEWISE_BEZIER_KNOTS.);
#307 = CARTESIAN_POINT('',(11.160752590319,16.762006907516));
#308 = CARTESIAN_POINT('',(5.339247409681,1.237993092484));
#309 = ( GEOMETRIC_REPRESENTATION_CONTEXT(2) 
PARAMETRIC_REPRESENTATION_CONTEXT() REPRESENTATION_CONTEXT('2D SPACE',''
  ) );
#310 = PCURVE('',#311,#316);
#311 = PLANE('',#312);
#312 = AXIS2_PLACEMENT_3D('',#313,#314,#315);
#313 = CARTESIAN_POINT('',(-61.,-27.,32.));
#314 = DIRECTION('',(0.241746889208,-0.725240667623,-0.64465837122));
#315 = DIRECTION('',(0.,0.66436383883,-0.747409318684));
#316 = DEFINITIONAL_REPRESENTATION('',(#317),#320);
#317 = B_SPLINE_CURVE_WITH_KNOTS('',1,(#318,#319),.UNSPECIFIED.,.F.,.F.,
  (2,2),(-14.34670637852,2.232947643725),.PIECEWISE_BEZIER_KNOTS.);
#318 = CARTESIAN_POINT('',(-5.185922255085,7.999270522681));
#319 = CARTESIAN_POINT('',(-0.834875034311,-7.999270522681));
#320 = ( GEOMETRIC_REPRESENTATION_CONTEXT(2) 
PARAMETRIC_REPRESENTATION_CONTEXT() REPRESENTATION_CONTEXT('2D SPACE',''
  ) );
#321 = ORIENTED_EDGE('',*,*,#322,.T.);
#322 = EDGE_CURVE('',#297,#142,#323,.T.);
#323 = SURFACE_CURVE('',#324,(#328,#334),.PCURVE_S1.);
#324 = LINE('',#325,#326);
#325 = CARTESIAN_POINT('',(-67.71198120706,-29.,31.10229466468));
#326 = VECTOR('',#327,1.);
#327 = DIRECTION('',(-2.925694557147E-17,0.,-1.));
#328 = PCURVE('',#44,#329);
#329 = DEFINITIONAL_REPRESENTATION('',(#330),#333);
#330 = B_SPLINE_CURVE_WITH_KNOTS('',1,(#331,#332),.UNSPECIFIED.,.F.,.F.,
  (2,2),(-0.630712382672,5.10229466468),.PIECEWISE_BEZIER_KNOTS.);
#331 = CARTESIAN_POINT('',(5.733007047353,2.28801879294));
#332 = CARTESIAN_POINT('',(0.,2.28801879294));
#333 = ( GEOMETRIC_REPRESENTATION_CONTEXT(2) 
PARAMETRIC_REPRESENTATION_CONTEXT() REPRESENTATION_CONTEXT('2D SPACE',''
  ) );
#334 = PCURVE('',#335,#340);
#335 = PLANE('',#336);
#336 = AXIS2_PLACEMENT_3D('',#337,#338,#339);
#337 = CARTESIAN_POINT('',(-66.51955926519,-32.5772658256,36.20458932936
    ));
#338 = DIRECTION('',(0.948683298051,0.316227766017,-2.775557561563E-17)
  );
#339 = DIRECTION('',(-0.203858876575,0.611576629725,-0.764470787156));
#340 = DEFINITIONAL_REPRESENTATION('',(#341),#344);
#341 = B_SPLINE_CURVE_WITH_KNOTS('',1,(#342,#343),.UNSPECIFIED.,.F.,.F.,
  (2,2),(-0.630712382672,5.10229466468),.PIECEWISE_BEZIER_KNOTS.);
#342 = CARTESIAN_POINT('',(5.849252001689,2.331468351713E-15));
#343 = CARTESIAN_POINT('',(10.231968411952,-3.695830985341));
#344 = ( GEOMETRIC_REPRESENTATION_CONTEXT(2) 
PARAMETRIC_REPRESENTATION_CONTEXT() REPRESENTATION_CONTEXT('2D SPACE',''
  ) );
#345 = ADVANCED_FACE('',(#346),#126,.T.);
#346 = FACE_BOUND('',#347,.T.);
#347 = EDGE_LOOP('',(#348,#349,#350,#373));
#348 = ORIENTED_EDGE('',*,*,#112,.F.);
#349 = ORIENTED_EDGE('',*,*,#165,.T.);
#350 = ORIENTED_EDGE('',*,*,#351,.T.);
#351 = EDGE_CURVE('',#166,#352,#354,.T.);
#352 = VERTEX_POINT('',#353);
#353 = CARTESIAN_POINT('',(-52.,-25.,38.));
#354 = SURFACE_CURVE('',#355,(#359,#366),.PCURVE_S1.);
#355 = LINE('',#356,#357);
#356 = CARTESIAN_POINT('',(-52.,-29.,38.));
#357 = VECTOR('',#358,1.);
#358 = DIRECTION('',(0.,1.,0.));
#359 = PCURVE('',#126,#360);
#360 = DEFINITIONAL_REPRESENTATION('',(#361),#365);
#361 = LINE('',#362,#363);
#362 = CARTESIAN_POINT('',(18.,0.));
#363 = VECTOR('',#364,1.);
#364 = DIRECTION('',(0.,1.));
#365 = ( GEOMETRIC_REPRESENTATION_CONTEXT(2) 
PARAMETRIC_REPRESENTATION_CONTEXT() REPRESENTATION_CONTEXT('2D SPACE',''
  ) );
#366 = PCURVE('',#204,#367);
#367 = DEFINITIONAL_REPRESENTATION('',(#368),#372);
#368 = LINE('',#369,#370);
#369 = CARTESIAN_POINT('',(12.,0.));
#370 = VECTOR('',#371,1.);
#371 = DIRECTION('',(0.,-1.));
#372 = ( GEOMETRIC_REPRESENTATION_CONTEXT(2) 
PARAMETRIC_REPRESENTATION_CONTEXT() REPRESENTATION_CONTEXT('2D SPACE',''
  ) );
#373 = ORIENTED_EDGE('',*,*,#374,.F.);
#374 = EDGE_CURVE('',#85,#352,#375,.T.);
#375 = SURFACE_CURVE('',#376,(#380,#387),.PCURVE_S1.);
#376 = LINE('',#377,#378);
#377 = CARTESIAN_POINT('',(-70.,-25.,38.));
#378 = VECTOR('',#379,1.);
#379 = DIRECTION('',(1.,0.,0.));
#380 = PCURVE('',#126,#381);
#381 = DEFINITIONAL_REPRESENTATION('',(#382),#386);
#382 = LINE('',#383,#384);
#383 = CARTESIAN_POINT('',(0.,4.));
#384 = VECTOR('',#385,1.);
#385 = DIRECTION('',(1.,0.));
#386 = ( GEOMETRIC_REPRESENTATION_CONTEXT(2) 
PARAMETRIC_REPRESENTATION_CONTEXT() REPRESENTATION_CONTEXT('2D SPACE',''
  ) );
#387 = PCURVE('',#100,#388);
#388 = DEFINITIONAL_REPRESENTATION('',(#389),#393);
#389 = LINE('',#390,#391);
#390 = CARTESIAN_POINT('',(12.,0.));
#391 = VECTOR('',#392,1.);
#392 = DIRECTION('',(0.,1.));
#393 = ( GEOMETRIC_REPRESENTATION_CONTEXT(2) 
PARAMETRIC_REPRESENTATION_CONTEXT() REPRESENTATION_CONTEXT('2D SPACE',''
  ) );
#394 = ADVANCED_FACE('',(#395),#100,.T.);
#395 = FACE_BOUND('',#396,.T.);
#396 = EDGE_LOOP('',(#397,#420,#421,#422,#445,#468,#490));
#397 = ORIENTED_EDGE('',*,*,#398,.F.);
#398 = EDGE_CURVE('',#57,#399,#401,.T.);
#399 = VERTEX_POINT('',#400);
#400 = CARTESIAN_POINT('',(-59.47944819672,-25.,26.));
#401 = SURFACE_CURVE('',#402,(#406,#413),.PCURVE_S1.);
#402 = LINE('',#403,#404);
#403 = CARTESIAN_POINT('',(-70.,-25.,26.));
#404 = VECTOR('',#405,1.);
#405 = DIRECTION('',(1.,0.,0.));
#406 = PCURVE('',#100,#407);
#407 = DEFINITIONAL_REPRESENTATION('',(#408),#412);
#408 = LINE('',#409,#410);
#409 = CARTESIAN_POINT('',(0.,0.));
#410 = VECTOR('',#411,1.);
#411 = DIRECTION('',(0.,1.));
#412 = ( GEOMETRIC_REPRESENTATION_CONTEXT(2) 
PARAMETRIC_REPRESENTATION_CONTEXT() REPRESENTATION_CONTEXT('2D SPACE',''
  ) );
#413 = PCURVE('',#72,#414);
#414 = DEFINITIONAL_REPRESENTATION('',(#415),#419);
#415 = LINE('',#416,#417);
#416 = CARTESIAN_POINT('',(0.,4.));
#417 = VECTOR('',#418,1.);
#418 = DIRECTION('',(1.,0.));
#419 = ( GEOMETRIC_REPRESENTATION_CONTEXT(2) 
PARAMETRIC_REPRESENTATION_CONTEXT() REPRESENTATION_CONTEXT('2D SPACE',''
  ) );
#420 = ORIENTED_EDGE('',*,*,#84,.T.);
#421 = ORIENTED_EDGE('',*,*,#374,.T.);
#422 = ORIENTED_EDGE('',*,*,#423,.F.);
#423 = EDGE_CURVE('',#424,#352,#426,.T.);
#424 = VERTEX_POINT('',#425);
#425 = CARTESIAN_POINT('',(-52.,-25.,26.));
#426 = SURFACE_CURVE('',#427,(#431,#438),.PCURVE_S1.);
#427 = LINE('',#428,#429);
#428 = CARTESIAN_POINT('',(-52.,-25.,26.));
#429 = VECTOR('',#430,1.);
#430 = DIRECTION('',(0.,0.,1.));
#431 = PCURVE('',#100,#432);
#432 = DEFINITIONAL_REPRESENTATION('',(#433),#437);
#433 = LINE('',#434,#435);
#434 = CARTESIAN_POINT('',(0.,18.));
#435 = VECTOR('',#436,1.);
#436 = DIRECTION('',(1.,0.));
#437 = ( GEOMETRIC_REPRESENTATION_CONTEXT(2) 
PARAMETRIC_REPRESENTATION_CONTEXT() REPRESENTATION_CONTEXT('2D SPACE',''
  ) );
#438 = PCURVE('',#204,#439);
#439 = DEFINITIONAL_REPRESENTATION('',(#440),#444);
#440 = LINE('',#441,#442);
#441 = CARTESIAN_POINT('',(0.,-4.));
#442 = VECTOR('',#443,1.);
#443 = DIRECTION('',(1.,0.));
#444 = ( GEOMETRIC_REPRESENTATION_CONTEXT(2) 
PARAMETRIC_REPRESENTATION_CONTEXT() REPRESENTATION_CONTEXT('2D SPACE',''
  ) );
#445 = ORIENTED_EDGE('',*,*,#446,.F.);
#446 = EDGE_CURVE('',#447,#424,#449,.T.);
#447 = VERTEX_POINT('',#448);
#448 = CARTESIAN_POINT('',(-54.28801879294,-25.,26.));
#449 = SURFACE_CURVE('',#450,(#454,#461),.PCURVE_S1.);
#450 = LINE('',#451,#452);
#451 = CARTESIAN_POINT('',(-70.,-25.,26.));
#452 = VECTOR('',#453,1.);
#453 = DIRECTION('',(1.,0.,0.));
#454 = PCURVE('',#100,#455);
#455 = DEFINITIONAL_REPRESENTATION('',(#456),#460);
#456 = LINE('',#457,#458);
#457 = CARTESIAN_POINT('',(0.,0.));
#458 = VECTOR('',#459,1.);
#459 = DIRECTION('',(0.,1.));
#460 = ( GEOMETRIC_REPRESENTATION_CONTEXT(2) 
PARAMETRIC_REPRESENTATION_CONTEXT() REPRESENTATION_CONTEXT('2D SPACE',''
  ) );
#461 = PCURVE('',#232,#462);
#462 = DEFINITIONAL_REPRESENTATION('',(#463),#467);
#463 = LINE('',#464,#465);
#464 = CARTESIAN_POINT('',(0.,4.));
#465 = VECTOR('',#466,1.);
#466 = DIRECTION('',(1.,0.));
#467 = ( GEOMETRIC_REPRESENTATION_CONTEXT(2) 
PARAMETRIC_REPRESENTATION_CONTEXT() REPRESENTATION_CONTEXT('2D SPACE',''
  ) );
#468 = ORIENTED_EDGE('',*,*,#469,.T.);
#469 = EDGE_CURVE('',#447,#470,#472,.T.);
#470 = VERTEX_POINT('',#471);
#471 = CARTESIAN_POINT('',(-54.28801879294,-25.,24.615618825656));
#472 = SURFACE_CURVE('',#473,(#477,#484),.PCURVE_S1.);
#473 = LINE('',#474,#475);
#474 = CARTESIAN_POINT('',(-54.28801879294,-25.,-86.10229466468));
#475 = VECTOR('',#476,1.);
#476 = DIRECTION('',(-2.925694557147E-17,0.,-1.));
#477 = PCURVE('',#100,#478);
#478 = DEFINITIONAL_REPRESENTATION('',(#479),#483);
#479 = LINE('',#480,#481);
#480 = CARTESIAN_POINT('',(-112.1022946646,15.71198120706));
#481 = VECTOR('',#482,1.);
#482 = DIRECTION('',(-1.,-2.925694557147E-17));
#483 = ( GEOMETRIC_REPRESENTATION_CONTEXT(2) 
PARAMETRIC_REPRESENTATION_CONTEXT() REPRESENTATION_CONTEXT('2D SPACE',''
  ) );
#484 = PCURVE('',#259,#485);
#485 = DEFINITIONAL_REPRESENTATION('',(#486),#489);
#486 = B_SPLINE_CURVE_WITH_KNOTS('',1,(#487,#488),.UNSPECIFIED.,.F.,.F.,
  (2,2),(-118.3692876173,-110.7179134903),.PIECEWISE_BEZIER_KNOTS.);
#487 = CARTESIAN_POINT('',(5.849252001689,1.42108547152E-14));
#488 = CARTESIAN_POINT('',(1.42108547152E-14,-4.932522382303));
#489 = ( GEOMETRIC_REPRESENTATION_CONTEXT(2) 
PARAMETRIC_REPRESENTATION_CONTEXT() REPRESENTATION_CONTEXT('2D SPACE',''
  ) );
#490 = ORIENTED_EDGE('',*,*,#491,.T.);
#491 = EDGE_CURVE('',#470,#399,#492,.T.);
#492 = SURFACE_CURVE('',#493,(#497,#504),.PCURVE_S1.);
#493 = LINE('',#494,#495);
#494 = CARTESIAN_POINT('',(-101.4990011135,-25.,37.205214111149));
#495 = VECTOR('',#496,1.);
#496 = DIRECTION('',(-0.966234939601,0.,0.25766265056));
#497 = PCURVE('',#100,#498);
#498 = DEFINITIONAL_REPRESENTATION('',(#499),#503);
#499 = LINE('',#500,#501);
#500 = CARTESIAN_POINT('',(11.205214111149,-31.49900111353));
#501 = VECTOR('',#502,1.);
#502 = DIRECTION('',(0.25766265056,-0.966234939601));
#503 = ( GEOMETRIC_REPRESENTATION_CONTEXT(2) 
PARAMETRIC_REPRESENTATION_CONTEXT() REPRESENTATION_CONTEXT('2D SPACE',''
  ) );
#504 = PCURVE('',#505,#510);
#505 = PLANE('',#506);
#506 = AXIS2_PLACEMENT_3D('',#507,#508,#509);
#507 = CARTESIAN_POINT('',(-68.76200690751,-25.84992289863,
    27.79541067064));
#508 = DIRECTION('',(0.203858876575,-0.611576629725,0.764470787156));
#509 = DIRECTION('',(0.948683298051,0.316227766017,2.775557561563E-17));
#510 = DEFINITIONAL_REPRESENTATION('',(#511),#514);
#511 = B_SPLINE_CURVE_WITH_KNOTS('',1,(#512,#513),.UNSPECIFIED.,.F.,.F.,
  (2,2),(-48.86076914179,-36.51985811698),.PIECEWISE_BEZIER_KNOTS.);
#512 = CARTESIAN_POINT('',(14.,-4.932522382303));
#513 = CARTESIAN_POINT('',(2.687692195202,-3.552713678801E-15));
#514 = ( GEOMETRIC_REPRESENTATION_CONTEXT(2) 
PARAMETRIC_REPRESENTATION_CONTEXT() REPRESENTATION_CONTEXT('2D SPACE',''
  ) );
#515 = ADVANCED_FACE('',(#516),#72,.F.);
#516 = FACE_BOUND('',#517,.F.);
#517 = EDGE_LOOP('',(#518,#519,#520,#521,#542));
#518 = ORIENTED_EDGE('',*,*,#398,.F.);
#519 = ORIENTED_EDGE('',*,*,#56,.F.);
#520 = ORIENTED_EDGE('',*,*,#141,.T.);
#521 = ORIENTED_EDGE('',*,*,#522,.T.);
#522 = EDGE_CURVE('',#142,#523,#525,.T.);
#523 = VERTEX_POINT('',#524);
#524 = CARTESIAN_POINT('',(-68.08872790602,-27.86975990309,26.));
#525 = SURFACE_CURVE('',#526,(#530,#536),.PCURVE_S1.);
#526 = LINE('',#527,#528);
#527 = CARTESIAN_POINT('',(-67.23017117577,-30.44543009386,26.));
#528 = VECTOR('',#529,1.);
#529 = DIRECTION('',(-0.316227766017,0.948683298051,0.));
#530 = PCURVE('',#72,#531);
#531 = DEFINITIONAL_REPRESENTATION('',(#532),#535);
#532 = B_SPLINE_CURVE_WITH_KNOTS('',1,(#533,#534),.UNSPECIFIED.,.F.,.F.,
  (2,2),(1.523617098385,2.71499476807),.PIECEWISE_BEZIER_KNOTS.);
#533 = CARTESIAN_POINT('',(2.28801879294,2.22044604925E-16));
#534 = CARTESIAN_POINT('',(1.911272093973,1.130240096901));
#535 = ( GEOMETRIC_REPRESENTATION_CONTEXT(2) 
PARAMETRIC_REPRESENTATION_CONTEXT() REPRESENTATION_CONTEXT('2D SPACE',''
  ) );
#536 = PCURVE('',#335,#537);
#537 = DEFINITIONAL_REPRESENTATION('',(#538),#541);
#538 = B_SPLINE_CURVE_WITH_KNOTS('',1,(#539,#540),.UNSPECIFIED.,.F.,.F.,
  (2,2),(1.523617098385,2.71499476807),.PIECEWISE_BEZIER_KNOTS.);
#539 = CARTESIAN_POINT('',(10.231968411952,-3.695830985341));
#540 = CARTESIAN_POINT('',(11.,-2.785057560396));
#541 = ( GEOMETRIC_REPRESENTATION_CONTEXT(2) 
PARAMETRIC_REPRESENTATION_CONTEXT() REPRESENTATION_CONTEXT('2D SPACE',''
  ) );
#542 = ORIENTED_EDGE('',*,*,#543,.T.);
#543 = EDGE_CURVE('',#523,#399,#544,.T.);
#544 = SURFACE_CURVE('',#545,(#549,#555),.PCURVE_S1.);
#545 = LINE('',#546,#547);
#546 = CARTESIAN_POINT('',(-69.11833636285,-28.21296272204,26.));
#547 = VECTOR('',#548,1.);
#548 = DIRECTION('',(0.948683298051,0.316227766017,-0.));
#549 = PCURVE('',#72,#550);
#550 = DEFINITIONAL_REPRESENTATION('',(#551),#554);
#551 = B_SPLINE_CURVE_WITH_KNOTS('',1,(#552,#553),.UNSPECIFIED.,.F.,.F.,
  (2,2),(1.085302607244,10.160280238861),.PIECEWISE_BEZIER_KNOTS.);
#552 = CARTESIAN_POINT('',(1.911272093973,1.130240096901));
#553 = CARTESIAN_POINT('',(10.520551803271,4.));
#554 = ( GEOMETRIC_REPRESENTATION_CONTEXT(2) 
PARAMETRIC_REPRESENTATION_CONTEXT() REPRESENTATION_CONTEXT('2D SPACE',''
  ) );
#555 = PCURVE('',#505,#556);
#556 = DEFINITIONAL_REPRESENTATION('',(#557),#560);
#557 = B_SPLINE_CURVE_WITH_KNOTS('',1,(#558,#559),.UNSPECIFIED.,.F.,.F.,
  (2,2),(1.085302607244,10.160280238861),.PIECEWISE_BEZIER_KNOTS.);
#558 = CARTESIAN_POINT('',(-1.554312234475E-15,-2.785057560396));
#559 = CARTESIAN_POINT('',(9.074977631617,-2.785057560396));
#560 = ( GEOMETRIC_REPRESENTATION_CONTEXT(2) 
PARAMETRIC_REPRESENTATION_CONTEXT() REPRESENTATION_CONTEXT('2D SPACE',''
  ) );
#561 = ADVANCED_FACE('',(#562),#335,.F.);
#562 = FACE_BOUND('',#563,.F.);
#563 = EDGE_LOOP('',(#564,#587,#610,#636,#662,#683,#684));
#564 = ORIENTED_EDGE('',*,*,#565,.F.);
#565 = EDGE_CURVE('',#566,#297,#568,.T.);
#566 = VERTEX_POINT('',#567);
#567 = CARTESIAN_POINT('',(-66.51955926519,-32.5772658256,36.20458932936
    ));
#568 = SURFACE_CURVE('',#569,(#573,#580),.PCURVE_S1.);
#569 = LINE('',#570,#571);
#570 = CARTESIAN_POINT('',(-66.51955926519,-32.5772658256,36.20458932936
    ));
#571 = VECTOR('',#572,1.);
#572 = DIRECTION('',(-0.203858876575,0.611576629725,-0.764470787156));
#573 = PCURVE('',#335,#574);
#574 = DEFINITIONAL_REPRESENTATION('',(#575),#579);
#575 = LINE('',#576,#577);
#576 = CARTESIAN_POINT('',(0.,0.));
#577 = VECTOR('',#578,1.);
#578 = DIRECTION('',(1.,0.));
#579 = ( GEOMETRIC_REPRESENTATION_CONTEXT(2) 
PARAMETRIC_REPRESENTATION_CONTEXT() REPRESENTATION_CONTEXT('2D SPACE',''
  ) );
#580 = PCURVE('',#311,#581);
#581 = DEFINITIONAL_REPRESENTATION('',(#582),#586);
#582 = LINE('',#583,#584);
#583 = CARTESIAN_POINT('',(-6.847882980076,-5.68827730435));
#584 = VECTOR('',#585,1.);
#585 = DIRECTION('',(0.977681987645,-0.210090292576));
#586 = ( GEOMETRIC_REPRESENTATION_CONTEXT(2) 
PARAMETRIC_REPRESENTATION_CONTEXT() REPRESENTATION_CONTEXT('2D SPACE',''
  ) );
#587 = ORIENTED_EDGE('',*,*,#588,.T.);
#588 = EDGE_CURVE('',#566,#589,#591,.T.);
#589 = VERTEX_POINT('',#590);
#590 = CARTESIAN_POINT('',(-61.88865419097,-46.46998104824,
    23.855509131457));
#591 = SURFACE_CURVE('',#592,(#596,#603),.PCURVE_S1.);
#592 = LINE('',#593,#594);
#593 = CARTESIAN_POINT('',(-66.51955926519,-32.5772658256,36.20458932936
    ));
#594 = VECTOR('',#595,1.);
#595 = DIRECTION('',(0.241746889208,-0.725240667623,-0.64465837122));
#596 = PCURVE('',#335,#597);
#597 = DEFINITIONAL_REPRESENTATION('',(#598),#602);
#598 = LINE('',#599,#600);
#599 = CARTESIAN_POINT('',(0.,0.));
#600 = VECTOR('',#601,1.);
#601 = DIRECTION('',(0.,-1.));
#602 = ( GEOMETRIC_REPRESENTATION_CONTEXT(2) 
PARAMETRIC_REPRESENTATION_CONTEXT() REPRESENTATION_CONTEXT('2D SPACE',''
  ) );
#603 = PCURVE('',#285,#604);
#604 = DEFINITIONAL_REPRESENTATION('',(#605),#609);
#605 = LINE('',#606,#607);
#606 = CARTESIAN_POINT('',(14.,-4.440892098501E-16));
#607 = VECTOR('',#608,1.);
#608 = DIRECTION('',(4.564843978428E-17,-1.));
#609 = ( GEOMETRIC_REPRESENTATION_CONTEXT(2) 
PARAMETRIC_REPRESENTATION_CONTEXT() REPRESENTATION_CONTEXT('2D SPACE',''
  ) );
#610 = ORIENTED_EDGE('',*,*,#611,.T.);
#611 = EDGE_CURVE('',#589,#612,#614,.T.);
#612 = VERTEX_POINT('',#613);
#613 = CARTESIAN_POINT('',(-62.05843499196,-45.96063864528,
    23.919948265482));
#614 = SURFACE_CURVE('',#615,(#619,#625),.PCURVE_S1.);
#615 = LINE('',#616,#617);
#616 = CARTESIAN_POINT('',(-65.70743101752,-35.0136505686,
    25.304899582576));
#617 = VECTOR('',#618,1.);
#618 = DIRECTION('',(-0.313974404717,0.941923214152,0.119166823505));
#619 = PCURVE('',#335,#620);
#620 = DEFINITIONAL_REPRESENTATION('',(#621),#624);
#621 = B_SPLINE_CURVE_WITH_KNOTS('',1,(#622,#623),.UNSPECIFIED.,.F.,.F.,
  (2,2),(-12.16270106471,-11.62195379857),.PIECEWISE_BEZIER_KNOTS.);
#622 = CARTESIAN_POINT('',(-1.7763568394E-15,-19.15600688551));
#623 = CARTESIAN_POINT('',(0.296851398025,-18.70402585347));
#624 = ( GEOMETRIC_REPRESENTATION_CONTEXT(2) 
PARAMETRIC_REPRESENTATION_CONTEXT() REPRESENTATION_CONTEXT('2D SPACE',''
  ) );
#625 = PCURVE('',#626,#631);
#626 = PLANE('',#627);
#627 = AXIS2_PLACEMENT_3D('',#628,#629,#630);
#628 = CARTESIAN_POINT('',(-61.41850432026,-37.49485364813,
    23.919948265482));
#629 = DIRECTION('',(-0.295488023008,2.233600890038E-02,-0.955085300361)
  );
#630 = DIRECTION('',(-7.537519851053E-02,-0.997155243405,0.));
#631 = DEFINITIONAL_REPRESENTATION('',(#632),#635);
#632 = B_SPLINE_CURVE_WITH_KNOTS('',1,(#633,#634),.UNSPECIFIED.,.F.,.F.,
  (2,2),(-12.16270106471,-11.62195379857),.PIECEWISE_BEZIER_KNOTS.);
#633 = CARTESIAN_POINT('',(8.985032987081,-0.217456598474));
#634 = CARTESIAN_POINT('',(8.489936800851,2.6645352591E-15));
#635 = ( GEOMETRIC_REPRESENTATION_CONTEXT(2) 
PARAMETRIC_REPRESENTATION_CONTEXT() REPRESENTATION_CONTEXT('2D SPACE',''
  ) );
#636 = ORIENTED_EDGE('',*,*,#637,.T.);
#637 = EDGE_CURVE('',#612,#638,#640,.T.);
#638 = VERTEX_POINT('',#639);
#639 = CARTESIAN_POINT('',(-64.1767586117,-39.60566778605,
    15.568081881821));
#640 = SURFACE_CURVE('',#641,(#645,#651),.PCURVE_S1.);
#641 = LINE('',#642,#643);
#642 = CARTESIAN_POINT('',(-62.51305268008,-44.59678558093,
    22.127537440529));
#643 = VECTOR('',#644,1.);
#644 = DIRECTION('',(-0.197856153741,0.593568461224,-0.780082959862));
#645 = PCURVE('',#335,#646);
#646 = DEFINITIONAL_REPRESENTATION('',(#647),#650);
#647 = B_SPLINE_CURVE_WITH_KNOTS('',1,(#648,#649),.UNSPECIFIED.,.F.,.F.,
  (2,2),(-2.534296840656,8.408664073207),.PIECEWISE_BEZIER_KNOTS.);
#648 = CARTESIAN_POINT('',(6.03442255587E-02,-18.69821171758));
#649 = CARTESIAN_POINT('',(11.,-18.96714497893));
#650 = ( GEOMETRIC_REPRESENTATION_CONTEXT(2) 
PARAMETRIC_REPRESENTATION_CONTEXT() REPRESENTATION_CONTEXT('2D SPACE',''
  ) );
#651 = PCURVE('',#652,#657);
#652 = PLANE('',#653);
#653 = AXIS2_PLACEMENT_3D('',#654,#655,#656);
#654 = CARTESIAN_POINT('',(-63.57131483638,-44.35209230301,
    18.666979113499));
#655 = DIRECTION('',(0.952368315153,-7.198974410917E-02,-0.296331012611)
  );
#656 = DIRECTION('',(0.297101881375,-3.469446951954E-18,0.954845784451)
  );
#657 = DEFINITIONAL_REPRESENTATION('',(#658),#661);
#658 = B_SPLINE_CURVE_WITH_KNOTS('',1,(#659,#660),.UNSPECIFIED.,.F.,.F.,
  (2,2),(-2.534296840656,8.408664073207),.PIECEWISE_BEZIER_KNOTS.);
#659 = CARTESIAN_POINT('',(5.655379505204,1.753521689818));
#660 = CARTESIAN_POINT('',(-3.138847442831,-4.758771757868));
#661 = ( GEOMETRIC_REPRESENTATION_CONTEXT(2) 
PARAMETRIC_REPRESENTATION_CONTEXT() REPRESENTATION_CONTEXT('2D SPACE',''
  ) );
#662 = ORIENTED_EDGE('',*,*,#663,.F.);
#663 = EDGE_CURVE('',#523,#638,#664,.T.);
#664 = SURFACE_CURVE('',#665,(#669,#676),.PCURVE_S1.);
#665 = LINE('',#666,#667);
#666 = CARTESIAN_POINT('',(-68.76200690751,-25.84992289863,
    27.79541067064));
#667 = VECTOR('',#668,1.);
#668 = DIRECTION('',(0.241746889208,-0.725240667623,-0.64465837122));
#669 = PCURVE('',#335,#670);
#670 = DEFINITIONAL_REPRESENTATION('',(#671),#675);
#671 = LINE('',#672,#673);
#672 = CARTESIAN_POINT('',(11.,1.7763568394E-15));
#673 = VECTOR('',#674,1.);
#674 = DIRECTION('',(0.,-1.));
#675 = ( GEOMETRIC_REPRESENTATION_CONTEXT(2) 
PARAMETRIC_REPRESENTATION_CONTEXT() REPRESENTATION_CONTEXT('2D SPACE',''
  ) );
#676 = PCURVE('',#505,#677);
#677 = DEFINITIONAL_REPRESENTATION('',(#678),#682);
#678 = LINE('',#679,#680);
#679 = CARTESIAN_POINT('',(0.,0.));
#680 = VECTOR('',#681,1.);
#681 = DIRECTION('',(-4.564843978428E-17,-1.));
#682 = ( GEOMETRIC_REPRESENTATION_CONTEXT(2) 
PARAMETRIC_REPRESENTATION_CONTEXT() REPRESENTATION_CONTEXT('2D SPACE',''
  ) );
#683 = ORIENTED_EDGE('',*,*,#522,.F.);
#684 = ORIENTED_EDGE('',*,*,#322,.F.);
#685 = ADVANCED_FACE('',(#686),#311,.F.);
#686 = FACE_BOUND('',#687,.F.);
#687 = EDGE_LOOP('',(#688,#689,#710));
#688 = ORIENTED_EDGE('',*,*,#296,.F.);
#689 = ORIENTED_EDGE('',*,*,#690,.T.);
#690 = EDGE_CURVE('',#271,#566,#691,.T.);
#691 = SURFACE_CURVE('',#692,(#696,#703),.PCURVE_S1.);
#692 = LINE('',#693,#694);
#693 = CARTESIAN_POINT('',(-53.23799309248,-28.15007710137,
    36.20458932936));
#694 = VECTOR('',#695,1.);
#695 = DIRECTION('',(-0.948683298051,-0.316227766017,0.));
#696 = PCURVE('',#311,#697);
#697 = DEFINITIONAL_REPRESENTATION('',(#698),#702);
#698 = LINE('',#699,#700);
#699 = CARTESIAN_POINT('',(-3.906618884019,7.999270522681));
#700 = VECTOR('',#701,1.);
#701 = DIRECTION('',(-0.210090292576,-0.977681987645));
#702 = ( GEOMETRIC_REPRESENTATION_CONTEXT(2) 
PARAMETRIC_REPRESENTATION_CONTEXT() REPRESENTATION_CONTEXT('2D SPACE',''
  ) );
#703 = PCURVE('',#285,#704);
#704 = DEFINITIONAL_REPRESENTATION('',(#705),#709);
#705 = LINE('',#706,#707);
#706 = CARTESIAN_POINT('',(-0.,0.));
#707 = VECTOR('',#708,1.);
#708 = DIRECTION('',(1.,0.));
#709 = ( GEOMETRIC_REPRESENTATION_CONTEXT(2) 
PARAMETRIC_REPRESENTATION_CONTEXT() REPRESENTATION_CONTEXT('2D SPACE',''
  ) );
#710 = ORIENTED_EDGE('',*,*,#565,.T.);
#711 = ADVANCED_FACE('',(#712),#285,.F.);
#712 = FACE_BOUND('',#713,.F.);
#713 = EDGE_LOOP('',(#714,#715,#738,#757,#758));
#714 = ORIENTED_EDGE('',*,*,#270,.F.);
#715 = ORIENTED_EDGE('',*,*,#716,.T.);
#716 = EDGE_CURVE('',#245,#717,#719,.T.);
#717 = VERTEX_POINT('',#718);
#718 = CARTESIAN_POINT('',(-46.85573233311,-47.29685937947,
    19.185227304377));
#719 = SURFACE_CURVE('',#720,(#724,#731),.PCURVE_S1.);
#720 = LINE('',#721,#722);
#721 = CARTESIAN_POINT('',(-53.23799309248,-28.15007710137,
    36.20458932936));
#722 = VECTOR('',#723,1.);
#723 = DIRECTION('',(0.241746889208,-0.725240667623,-0.64465837122));
#724 = PCURVE('',#285,#725);
#725 = DEFINITIONAL_REPRESENTATION('',(#726),#730);
#726 = LINE('',#727,#728);
#727 = CARTESIAN_POINT('',(-0.,0.));
#728 = VECTOR('',#729,1.);
#729 = DIRECTION('',(4.564843978428E-17,-1.));
#730 = ( GEOMETRIC_REPRESENTATION_CONTEXT(2) 
PARAMETRIC_REPRESENTATION_CONTEXT() REPRESENTATION_CONTEXT('2D SPACE',''
  ) );
#731 = PCURVE('',#259,#732);
#732 = DEFINITIONAL_REPRESENTATION('',(#733),#737);
#733 = LINE('',#734,#735);
#734 = CARTESIAN_POINT('',(11.,0.));
#735 = VECTOR('',#736,1.);
#736 = DIRECTION('',(0.,-1.));
#737 = ( GEOMETRIC_REPRESENTATION_CONTEXT(2) 
PARAMETRIC_REPRESENTATION_CONTEXT() REPRESENTATION_CONTEXT('2D SPACE',''
  ) );
#738 = ORIENTED_EDGE('',*,*,#739,.T.);
#739 = EDGE_CURVE('',#717,#589,#740,.T.);
#740 = SURFACE_CURVE('',#741,(#745,#751),.PCURVE_S1.);
#741 = LINE('',#742,#743);
#742 = CARTESIAN_POINT('',(-60.17750910304,-46.56410172606,
    23.323907232423));
#743 = VECTOR('',#744,1.);
#744 = DIRECTION('',(-0.953661357825,5.245566494474E-02,0.296274227376)
  );
#745 = PCURVE('',#285,#746);
#746 = DEFINITIONAL_REPRESENTATION('',(#747),#750);
#747 = B_SPLINE_CURVE_WITH_KNOTS('',1,(#748,#749),.UNSPECIFIED.,.F.,.F.,
  (2,2),(-13.96908521103,1.794290052643),.PIECEWISE_BEZIER_KNOTS.);
#748 = CARTESIAN_POINT('',(1.7763568394E-15,-26.40059104912));
#749 = CARTESIAN_POINT('',(14.,-19.15600688551));
#750 = ( GEOMETRIC_REPRESENTATION_CONTEXT(2) 
PARAMETRIC_REPRESENTATION_CONTEXT() REPRESENTATION_CONTEXT('2D SPACE',''
  ) );
#751 = PCURVE('',#626,#752);
#752 = DEFINITIONAL_REPRESENTATION('',(#753),#756);
#753 = B_SPLINE_CURVE_WITH_KNOTS('',1,(#754,#755),.UNSPECIFIED.,.F.,.F.,
  (2,2),(-13.96908521103,1.794290052643),.PIECEWISE_BEZIER_KNOTS.);
#754 = CARTESIAN_POINT('',(8.676449581494,-15.97781116255));
#755 = CARTESIAN_POINT('',(8.985032987081,-0.217456598474));
#756 = ( GEOMETRIC_REPRESENTATION_CONTEXT(2) 
PARAMETRIC_REPRESENTATION_CONTEXT() REPRESENTATION_CONTEXT('2D SPACE',''
  ) );
#757 = ORIENTED_EDGE('',*,*,#588,.F.);
#758 = ORIENTED_EDGE('',*,*,#690,.F.);
#759 = ADVANCED_FACE('',(#760),#259,.F.);
#760 = FACE_BOUND('',#761,.F.);
#761 = EDGE_LOOP('',(#762,#763,#786,#812,#831,#832,#833));
#762 = ORIENTED_EDGE('',*,*,#469,.T.);
#763 = ORIENTED_EDGE('',*,*,#764,.T.);
#764 = EDGE_CURVE('',#470,#765,#767,.T.);
#765 = VERTEX_POINT('',#766);
#766 = CARTESIAN_POINT('',(-49.8311027776,-38.370748046,12.730509451434)
  );
#767 = SURFACE_CURVE('',#768,(#772,#779),.PCURVE_S1.);
#768 = LINE('',#769,#770);
#769 = CARTESIAN_POINT('',(-55.4804407348,-21.42273417439,27.79541067064
    ));
#770 = VECTOR('',#771,1.);
#771 = DIRECTION('',(0.241746889208,-0.725240667623,-0.64465837122));
#772 = PCURVE('',#259,#773);
#773 = DEFINITIONAL_REPRESENTATION('',(#774),#778);
#774 = LINE('',#775,#776);
#775 = CARTESIAN_POINT('',(0.,0.));
#776 = VECTOR('',#777,1.);
#777 = DIRECTION('',(0.,-1.));
#778 = ( GEOMETRIC_REPRESENTATION_CONTEXT(2) 
PARAMETRIC_REPRESENTATION_CONTEXT() REPRESENTATION_CONTEXT('2D SPACE',''
  ) );
#779 = PCURVE('',#505,#780);
#780 = DEFINITIONAL_REPRESENTATION('',(#781),#785);
#781 = LINE('',#782,#783);
#782 = CARTESIAN_POINT('',(14.,-1.33226762955E-15));
#783 = VECTOR('',#784,1.);
#784 = DIRECTION('',(-4.564843978428E-17,-1.));
#785 = ( GEOMETRIC_REPRESENTATION_CONTEXT(2) 
PARAMETRIC_REPRESENTATION_CONTEXT() REPRESENTATION_CONTEXT('2D SPACE',''
  ) );
#786 = ORIENTED_EDGE('',*,*,#787,.T.);
#787 = EDGE_CURVE('',#765,#788,#790,.T.);
#788 = VERTEX_POINT('',#789);
#789 = CARTESIAN_POINT('',(-49.8311027776,-38.370748046,20.314508670286)
  );
#790 = SURFACE_CURVE('',#791,(#795,#801),.PCURVE_S1.);
#791 = LINE('',#792,#793);
#792 = CARTESIAN_POINT('',(-49.8311027776,-38.370748046,20.604710316077)
  );
#793 = VECTOR('',#794,1.);
#794 = DIRECTION('',(3.001318000805E-17,-2.268703309742E-18,1.));
#795 = PCURVE('',#259,#796);
#796 = DEFINITIONAL_REPRESENTATION('',(#797),#800);
#797 = B_SPLINE_CURVE_WITH_KNOTS('',1,(#798,#799),.UNSPECIFIED.,.F.,.F.,
  (2,2),(-7.874200864644,-0.290201645791),.PIECEWISE_BEZIER_KNOTS.);
#798 = CARTESIAN_POINT('',(-2.6645352591E-15,-23.36881345492));
#799 = CARTESIAN_POINT('',(5.79774585263,-18.47972487116));
#800 = ( GEOMETRIC_REPRESENTATION_CONTEXT(2) 
PARAMETRIC_REPRESENTATION_CONTEXT() REPRESENTATION_CONTEXT('2D SPACE',''
  ) );
#801 = PCURVE('',#802,#807);
#802 = PLANE('',#803);
#803 = AXIS2_PLACEMENT_3D('',#804,#805,#806);
#804 = CARTESIAN_POINT('',(-64.66887257335,-37.24915755023,
    13.414009961515));
#805 = DIRECTION('',(-7.537519851053E-02,-0.997155243405,0.));
#806 = DIRECTION('',(0.295488023008,-2.233600890038E-02,0.955085300361)
  );
#807 = DEFINITIONAL_REPRESENTATION('',(#808),#811);
#808 = B_SPLINE_CURVE_WITH_KNOTS('',1,(#809,#810),.UNSPECIFIED.,.F.,.F.,
  (2,2),(-7.874200864644,-0.290201645791),.PIECEWISE_BEZIER_KNOTS.);
#809 = CARTESIAN_POINT('',(3.756633828128,-14.41430723206));
#810 = CARTESIAN_POINT('',(11.,-12.1669330639));
#811 = ( GEOMETRIC_REPRESENTATION_CONTEXT(2) 
PARAMETRIC_REPRESENTATION_CONTEXT() REPRESENTATION_CONTEXT('2D SPACE',''
  ) );
#812 = ORIENTED_EDGE('',*,*,#813,.T.);
#813 = EDGE_CURVE('',#788,#717,#814,.T.);
#814 = SURFACE_CURVE('',#815,(#819,#825),.PCURVE_S1.);
#815 = LINE('',#816,#817);
#816 = CARTESIAN_POINT('',(-53.5237199744,-27.29289645562,
    21.716016102577));
#817 = VECTOR('',#818,1.);
#818 = DIRECTION('',(0.313974404717,-0.941923214152,-0.119166823505));
#819 = PCURVE('',#259,#820);
#820 = DEFINITIONAL_REPRESENTATION('',(#821),#824);
#821 = B_SPLINE_CURVE_WITH_KNOTS('',1,(#822,#823),.UNSPECIFIED.,.F.,.F.,
  (2,2),(11.760886050946,21.237360565393),.PIECEWISE_BEZIER_KNOTS.);
#822 = CARTESIAN_POINT('',(5.79774585263,-18.47972487116));
#823 = CARTESIAN_POINT('',(11.,-26.40059104912));
#824 = ( GEOMETRIC_REPRESENTATION_CONTEXT(2) 
PARAMETRIC_REPRESENTATION_CONTEXT() REPRESENTATION_CONTEXT('2D SPACE',''
  ) );
#825 = PCURVE('',#626,#826);
#826 = DEFINITIONAL_REPRESENTATION('',(#827),#830);
#827 = B_SPLINE_CURVE_WITH_KNOTS('',1,(#828,#829),.UNSPECIFIED.,.F.,.F.,
  (2,2),(11.760886050946,21.237360565393),.PIECEWISE_BEZIER_KNOTS.);
#828 = CARTESIAN_POINT('',(1.7763568394E-15,-12.1669330639));
#829 = CARTESIAN_POINT('',(8.676449581494,-15.97781116255));
#830 = ( GEOMETRIC_REPRESENTATION_CONTEXT(2) 
PARAMETRIC_REPRESENTATION_CONTEXT() REPRESENTATION_CONTEXT('2D SPACE',''
  ) );
#831 = ORIENTED_EDGE('',*,*,#716,.F.);
#832 = ORIENTED_EDGE('',*,*,#244,.F.);
#833 = ORIENTED_EDGE('',*,*,#834,.F.);
#834 = EDGE_CURVE('',#447,#217,#835,.T.);
#835 = SURFACE_CURVE('',#836,(#840,#846),.PCURVE_S1.);
#836 = LINE('',#837,#838);
#837 = CARTESIAN_POINT('',(-55.06982882422,-22.65456990613,26.));
#838 = VECTOR('',#839,1.);
#839 = DIRECTION('',(0.316227766017,-0.948683298051,0.));
#840 = PCURVE('',#259,#841);
#841 = DEFINITIONAL_REPRESENTATION('',(#842),#845);
#842 = B_SPLINE_CURVE_WITH_KNOTS('',1,(#843,#844),.UNSPECIFIED.,.F.,.F.,
  (2,2),(2.472300396436,6.688670609993),.PIECEWISE_BEZIER_KNOTS.);
#843 = CARTESIAN_POINT('',(1.058318966075,-4.040069469303));
#844 = CARTESIAN_POINT('',(3.776437320409,-7.263361325404));
#845 = ( GEOMETRIC_REPRESENTATION_CONTEXT(2) 
PARAMETRIC_REPRESENTATION_CONTEXT() REPRESENTATION_CONTEXT('2D SPACE',''
  ) );
#846 = PCURVE('',#232,#847);
#847 = DEFINITIONAL_REPRESENTATION('',(#848),#851);
#848 = B_SPLINE_CURVE_WITH_KNOTS('',1,(#849,#850),.UNSPECIFIED.,.F.,.F.,
  (2,2),(2.472300396436,6.688670609993),.PIECEWISE_BEZIER_KNOTS.);
#849 = CARTESIAN_POINT('',(15.71198120706,4.));
#850 = CARTESIAN_POINT('',(17.045314540393,-8.881784197001E-16));
#851 = ( GEOMETRIC_REPRESENTATION_CONTEXT(2) 
PARAMETRIC_REPRESENTATION_CONTEXT() REPRESENTATION_CONTEXT('2D SPACE',''
  ) );
#852 = ADVANCED_FACE('',(#853),#232,.F.);
#853 = FACE_BOUND('',#854,.F.);
#854 = EDGE_LOOP('',(#855,#856,#857,#858));
#855 = ORIENTED_EDGE('',*,*,#446,.F.);
#856 = ORIENTED_EDGE('',*,*,#834,.T.);
#857 = ORIENTED_EDGE('',*,*,#216,.T.);
#858 = ORIENTED_EDGE('',*,*,#859,.T.);
#859 = EDGE_CURVE('',#189,#424,#860,.T.);
#860 = SURFACE_CURVE('',#861,(#865,#872),.PCURVE_S1.);
#861 = LINE('',#862,#863);
#862 = CARTESIAN_POINT('',(-52.,-29.,26.));
#863 = VECTOR('',#864,1.);
#864 = DIRECTION('',(0.,1.,0.));
#865 = PCURVE('',#232,#866);
#866 = DEFINITIONAL_REPRESENTATION('',(#867),#871);
#867 = LINE('',#868,#869);
#868 = CARTESIAN_POINT('',(18.,0.));
#869 = VECTOR('',#870,1.);
#870 = DIRECTION('',(0.,1.));
#871 = ( GEOMETRIC_REPRESENTATION_CONTEXT(2) 
PARAMETRIC_REPRESENTATION_CONTEXT() REPRESENTATION_CONTEXT('2D SPACE',''
  ) );
#872 = PCURVE('',#204,#873);
#873 = DEFINITIONAL_REPRESENTATION('',(#874),#878);
#874 = LINE('',#875,#876);
#875 = CARTESIAN_POINT('',(0.,0.));
#876 = VECTOR('',#877,1.);
#877 = DIRECTION('',(0.,-1.));
#878 = ( GEOMETRIC_REPRESENTATION_CONTEXT(2) 
PARAMETRIC_REPRESENTATION_CONTEXT() REPRESENTATION_CONTEXT('2D SPACE',''
  ) );
#879 = ADVANCED_FACE('',(#880),#204,.T.);
#880 = FACE_BOUND('',#881,.T.);
#881 = EDGE_LOOP('',(#882,#883,#884,#885));
#882 = ORIENTED_EDGE('',*,*,#188,.F.);
#883 = ORIENTED_EDGE('',*,*,#859,.T.);
#884 = ORIENTED_EDGE('',*,*,#423,.T.);
#885 = ORIENTED_EDGE('',*,*,#351,.F.);
#886 = ADVANCED_FACE('',(#887),#505,.F.);
#887 = FACE_BOUND('',#888,.F.);
#888 = EDGE_LOOP('',(#889,#890,#891,#912,#931,#932));
#889 = ORIENTED_EDGE('',*,*,#543,.F.);
#890 = ORIENTED_EDGE('',*,*,#663,.T.);
#891 = ORIENTED_EDGE('',*,*,#892,.T.);
#892 = EDGE_CURVE('',#638,#893,#895,.T.);
#893 = VERTEX_POINT('',#894);
#894 = CARTESIAN_POINT('',(-63.49717318497,-37.33772658156,
    17.20121206495));
#895 = SURFACE_CURVE('',#896,(#900,#906),.PCURVE_S1.);
#896 = LINE('',#897,#898);
#897 = CARTESIAN_POINT('',(-62.42048833319,-33.74456839488,
    19.788622653819));
#898 = VECTOR('',#899,1.);
#899 = DIRECTION('',(0.236279184388,0.788520878993,0.567808920691));
#900 = PCURVE('',#505,#901);
#901 = DEFINITIONAL_REPRESENTATION('',(#902),#905);
#902 = B_SPLINE_CURVE_WITH_KNOTS('',1,(#903,#904),.UNSPECIFIED.,.F.,.F.,
  (2,2),(-7.433030053244,-4.444510283385),.PIECEWISE_BEZIER_KNOTS.);
#903 = CARTESIAN_POINT('',(-2.6645352591E-15,-18.96714497893));
#904 = CARTESIAN_POINT('',(1.415082974348,-16.33488538107));
#905 = ( GEOMETRIC_REPRESENTATION_CONTEXT(2) 
PARAMETRIC_REPRESENTATION_CONTEXT() REPRESENTATION_CONTEXT('2D SPACE',''
  ) );
#906 = PCURVE('',#652,#907);
#907 = DEFINITIONAL_REPRESENTATION('',(#908),#911);
#908 = B_SPLINE_CURVE_WITH_KNOTS('',1,(#909,#910),.UNSPECIFIED.,.F.,.F.,
  (2,2),(-7.433030053244,-4.444510283385),.PIECEWISE_BEZIER_KNOTS.);
#909 = CARTESIAN_POINT('',(-3.138847442831,-4.758771757868));
#910 = CARTESIAN_POINT('',(-1.308770745724,-7.121412165875));
#911 = ( GEOMETRIC_REPRESENTATION_CONTEXT(2) 
PARAMETRIC_REPRESENTATION_CONTEXT() REPRESENTATION_CONTEXT('2D SPACE',''
  ) );
#912 = ORIENTED_EDGE('',*,*,#913,.T.);
#913 = EDGE_CURVE('',#893,#765,#914,.T.);
#914 = SURFACE_CURVE('',#915,(#919,#925),.PCURVE_S1.);
#915 = LINE('',#916,#917);
#916 = CARTESIAN_POINT('',(-67.78320620345,-37.01374434135,
    18.603339995374));
#917 = VECTOR('',#918,1.);
#918 = DIRECTION('',(0.94799135475,-7.165888864663E-02,-0.310124805517)
  );
#919 = PCURVE('',#505,#920);
#920 = DEFINITIONAL_REPRESENTATION('',(#921),#924);
#921 = B_SPLINE_CURVE_WITH_KNOTS('',1,(#922,#923),.UNSPECIFIED.,.F.,.F.,
  (2,2),(4.521173106694,18.93699065492),.PIECEWISE_BEZIER_KNOTS.);
#922 = CARTESIAN_POINT('',(1.361897324491,-16.43381840467));
#923 = CARTESIAN_POINT('',(14.,-23.36881345492));
#924 = ( GEOMETRIC_REPRESENTATION_CONTEXT(2) 
PARAMETRIC_REPRESENTATION_CONTEXT() REPRESENTATION_CONTEXT('2D SPACE',''
  ) );
#925 = PCURVE('',#802,#926);
#926 = DEFINITIONAL_REPRESENTATION('',(#927),#930);
#927 = B_SPLINE_CURVE_WITH_KNOTS('',1,(#928,#929),.UNSPECIFIED.,.F.,.F.,
  (2,2),(4.521173106694,18.93699065492),.PIECEWISE_BEZIER_KNOTS.);
#928 = CARTESIAN_POINT('',(3.965302472989,0.));
#929 = CARTESIAN_POINT('',(3.756633828128,-14.41430723206));
#930 = ( GEOMETRIC_REPRESENTATION_CONTEXT(2) 
PARAMETRIC_REPRESENTATION_CONTEXT() REPRESENTATION_CONTEXT('2D SPACE',''
  ) );
#931 = ORIENTED_EDGE('',*,*,#764,.F.);
#932 = ORIENTED_EDGE('',*,*,#491,.T.);
#933 = ADVANCED_FACE('',(#934),#652,.F.);
#934 = FACE_BOUND('',#935,.F.);
#935 = EDGE_LOOP('',(#936,#937,#960,#988,#1016,#1037));
#936 = ORIENTED_EDGE('',*,*,#637,.F.);
#937 = ORIENTED_EDGE('',*,*,#938,.T.);
#938 = EDGE_CURVE('',#612,#939,#941,.T.);
#939 = VERTEX_POINT('',#940);
#940 = CARTESIAN_POINT('',(-62.4737570994,-51.4550270558,23.919948265482
    ));
#941 = SURFACE_CURVE('',#942,(#946,#953),.PCURVE_S1.);
#942 = LINE('',#943,#944);
#943 = CARTESIAN_POINT('',(-61.41850432026,-37.49485364813,
    23.919948265482));
#944 = VECTOR('',#945,1.);
#945 = DIRECTION('',(-7.537519851053E-02,-0.997155243405,0.));
#946 = PCURVE('',#652,#947);
#947 = DEFINITIONAL_REPRESENTATION('',(#948),#952);
#948 = LINE('',#949,#950);
#949 = CARTESIAN_POINT('',(5.655379505204,-6.875076919723));
#950 = VECTOR('',#951,1.);
#951 = DIRECTION('',(-2.239411328646E-02,0.9997492204));
#952 = ( GEOMETRIC_REPRESENTATION_CONTEXT(2) 
PARAMETRIC_REPRESENTATION_CONTEXT() REPRESENTATION_CONTEXT('2D SPACE',''
  ) );
#953 = PCURVE('',#626,#954);
#954 = DEFINITIONAL_REPRESENTATION('',(#955),#959);
#955 = LINE('',#956,#957);
#956 = CARTESIAN_POINT('',(0.,0.));
#957 = VECTOR('',#958,1.);
#958 = DIRECTION('',(1.,0.));
#959 = ( GEOMETRIC_REPRESENTATION_CONTEXT(2) 
PARAMETRIC_REPRESENTATION_CONTEXT() REPRESENTATION_CONTEXT('2D SPACE',''
  ) );
#960 = ORIENTED_EDGE('',*,*,#961,.T.);
#961 = EDGE_CURVE('',#939,#962,#964,.T.);
#962 = VERTEX_POINT('',#963);
#963 = CARTESIAN_POINT('',(-65.7241253525,-51.20933095789,
    13.414009961515));
#964 = SURFACE_CURVE('',#965,(#969,#976),.PCURVE_S1.);
#965 = LINE('',#966,#967);
#966 = CARTESIAN_POINT('',(-62.4737570994,-51.4550270558,23.919948265482
    ));
#967 = VECTOR('',#968,1.);
#968 = DIRECTION('',(-0.295488023008,2.233600890038E-02,-0.955085300361)
  );
#969 = PCURVE('',#652,#970);
#970 = DEFINITIONAL_REPRESENTATION('',(#971),#975);
#971 = LINE('',#972,#973);
#972 = CARTESIAN_POINT('',(5.341861919194,7.121412165875));
#973 = VECTOR('',#974,1.);
#974 = DIRECTION('',(-0.9997492204,-2.239411328646E-02));
#975 = ( GEOMETRIC_REPRESENTATION_CONTEXT(2) 
PARAMETRIC_REPRESENTATION_CONTEXT() REPRESENTATION_CONTEXT('2D SPACE',''
  ) );
#976 = PCURVE('',#977,#982);
#977 = PLANE('',#978);
#978 = AXIS2_PLACEMENT_3D('',#979,#980,#981);
#979 = CARTESIAN_POINT('',(-62.4737570994,-51.4550270558,23.919948265482
    ));
#980 = DIRECTION('',(7.537519851053E-02,0.997155243405,0.));
#981 = DIRECTION('',(-0.295488023008,2.233600890038E-02,-0.955085300361)
  );
#982 = DEFINITIONAL_REPRESENTATION('',(#983),#987);
#983 = LINE('',#984,#985);
#984 = CARTESIAN_POINT('',(0.,0.));
#985 = VECTOR('',#986,1.);
#986 = DIRECTION('',(1.,0.));
#987 = ( GEOMETRIC_REPRESENTATION_CONTEXT(2) 
PARAMETRIC_REPRESENTATION_CONTEXT() REPRESENTATION_CONTEXT('2D SPACE',''
  ) );
#988 = ORIENTED_EDGE('',*,*,#989,.T.);
#989 = EDGE_CURVE('',#962,#990,#992,.T.);
#990 = VERTEX_POINT('',#991);
#991 = CARTESIAN_POINT('',(-64.66887257335,-37.24915755023,
    13.414009961515));
#992 = SURFACE_CURVE('',#993,(#997,#1004),.PCURVE_S1.);
#993 = LINE('',#994,#995);
#994 = CARTESIAN_POINT('',(-65.7241253525,-51.20933095789,
    13.414009961515));
#995 = VECTOR('',#996,1.);
#996 = DIRECTION('',(7.537519851053E-02,0.997155243405,-0.));
#997 = PCURVE('',#652,#998);
#998 = DEFINITIONAL_REPRESENTATION('',(#999),#1003);
#999 = LINE('',#1000,#1001);
#1000 = CARTESIAN_POINT('',(-5.655379505204,6.875076919723));
#1001 = VECTOR('',#1002,1.);
#1002 = DIRECTION('',(2.239411328646E-02,-0.9997492204));
#1003 = ( GEOMETRIC_REPRESENTATION_CONTEXT(2) 
PARAMETRIC_REPRESENTATION_CONTEXT() REPRESENTATION_CONTEXT('2D SPACE',''
  ) );
#1004 = PCURVE('',#1005,#1010);
#1005 = PLANE('',#1006);
#1006 = AXIS2_PLACEMENT_3D('',#1007,#1008,#1009);
#1007 = CARTESIAN_POINT('',(-65.7241253525,-51.20933095789,
    13.414009961515));
#1008 = DIRECTION('',(0.295488023008,-2.233600890038E-02,0.955085300361)
  );
#1009 = DIRECTION('',(7.537519851053E-02,0.997155243405,0.));
#1010 = DEFINITIONAL_REPRESENTATION('',(#1011),#1015);
#1011 = LINE('',#1012,#1013);
#1012 = CARTESIAN_POINT('',(0.,0.));
#1013 = VECTOR('',#1014,1.);
#1014 = DIRECTION('',(1.,0.));
#1015 = ( GEOMETRIC_REPRESENTATION_CONTEXT(2) 
PARAMETRIC_REPRESENTATION_CONTEXT() REPRESENTATION_CONTEXT('2D SPACE',''
  ) );
#1016 = ORIENTED_EDGE('',*,*,#1017,.T.);
#1017 = EDGE_CURVE('',#990,#893,#1018,.T.);
#1018 = SURFACE_CURVE('',#1019,(#1023,#1030),.PCURVE_S1.);
#1019 = LINE('',#1020,#1021);
#1020 = CARTESIAN_POINT('',(-64.66887257335,-37.24915755023,
    13.414009961515));
#1021 = VECTOR('',#1022,1.);
#1022 = DIRECTION('',(0.295488023008,-2.233600890038E-02,0.955085300361)
  );
#1023 = PCURVE('',#652,#1024);
#1024 = DEFINITIONAL_REPRESENTATION('',(#1025),#1029);
#1025 = LINE('',#1026,#1027);
#1026 = CARTESIAN_POINT('',(-5.341861919194,-7.121412165875));
#1027 = VECTOR('',#1028,1.);
#1028 = DIRECTION('',(0.9997492204,2.239411328646E-02));
#1029 = ( GEOMETRIC_REPRESENTATION_CONTEXT(2) 
PARAMETRIC_REPRESENTATION_CONTEXT() REPRESENTATION_CONTEXT('2D SPACE',''
  ) );
#1030 = PCURVE('',#802,#1031);
#1031 = DEFINITIONAL_REPRESENTATION('',(#1032),#1036);
#1032 = LINE('',#1033,#1034);
#1033 = CARTESIAN_POINT('',(0.,0.));
#1034 = VECTOR('',#1035,1.);
#1035 = DIRECTION('',(1.,0.));
#1036 = ( GEOMETRIC_REPRESENTATION_CONTEXT(2) 
PARAMETRIC_REPRESENTATION_CONTEXT() REPRESENTATION_CONTEXT('2D SPACE',''
  ) );
#1037 = ORIENTED_EDGE('',*,*,#892,.F.);
#1038 = ADVANCED_FACE('',(#1039),#626,.F.);
#1039 = FACE_BOUND('',#1040,.F.);
#1040 = EDGE_LOOP('',(#1041,#1042,#1065,#1091,#1117,#1143,#1164,#1165,
    #1166));
#1041 = ORIENTED_EDGE('',*,*,#813,.F.);
#1042 = ORIENTED_EDGE('',*,*,#1043,.T.);
#1043 = EDGE_CURVE('',#788,#1044,#1046,.T.);
#1044 = VERTEX_POINT('',#1045);
#1045 = CARTESIAN_POINT('',(42.331578980189,-45.33734675638,
    -8.36206569247));
#1046 = SURFACE_CURVE('',#1047,(#1051,#1058),.PCURVE_S1.);
#1047 = LINE('',#1048,#1049);
#1048 = CARTESIAN_POINT('',(-61.41850432026,-37.49485364813,
    23.919948265482));
#1049 = VECTOR('',#1050,1.);
#1050 = DIRECTION('',(0.952368315153,-7.198974410917E-02,-0.296331012611
    ));
#1051 = PCURVE('',#626,#1052);
#1052 = DEFINITIONAL_REPRESENTATION('',(#1053),#1057);
#1053 = LINE('',#1054,#1055);
#1054 = CARTESIAN_POINT('',(0.,0.));
#1055 = VECTOR('',#1056,1.);
#1056 = DIRECTION('',(0.,-1.));
#1057 = ( GEOMETRIC_REPRESENTATION_CONTEXT(2) 
PARAMETRIC_REPRESENTATION_CONTEXT() REPRESENTATION_CONTEXT('2D SPACE',''
  ) );
#1058 = PCURVE('',#802,#1059);
#1059 = DEFINITIONAL_REPRESENTATION('',(#1060),#1064);
#1060 = LINE('',#1061,#1062);
#1061 = CARTESIAN_POINT('',(11.,-1.33226762955E-15));
#1062 = VECTOR('',#1063,1.);
#1063 = DIRECTION('',(0.,-1.));
#1064 = ( GEOMETRIC_REPRESENTATION_CONTEXT(2) 
PARAMETRIC_REPRESENTATION_CONTEXT() REPRESENTATION_CONTEXT('2D SPACE',''
  ) );
#1065 = ORIENTED_EDGE('',*,*,#1066,.F.);
#1066 = EDGE_CURVE('',#1067,#1044,#1069,.T.);
#1067 = VERTEX_POINT('',#1068);
#1068 = CARTESIAN_POINT('',(38.086286685937,-48.31594161759,
    -7.118299187696));
#1069 = SURFACE_CURVE('',#1070,(#1074,#1080),.PCURVE_S1.);
#1070 = LINE('',#1071,#1072);
#1071 = CARTESIAN_POINT('',(8.462241013973,-69.10085443177,
    1.560819513407));
#1072 = VECTOR('',#1073,1.);
#1073 = DIRECTION('',(0.796033659319,0.558515551499,-0.233218335396));
#1074 = PCURVE('',#626,#1075);
#1075 = DEFINITIONAL_REPRESENTATION('',(#1076),#1079);
#1076 = B_SPLINE_CURVE_WITH_KNOTS('',1,(#1077,#1078),.UNSPECIFIED.,.F.,
  .F.,(2,2),(37.214564139537,42.547620404874),.PIECEWISE_BEZIER_KNOTS.);
#1077 = CARTESIAN_POINT('',(3.290111233248,-104.7418128116));
#1078 = CARTESIAN_POINT('',(0.,-108.9390329871));
#1079 = ( GEOMETRIC_REPRESENTATION_CONTEXT(2) 
PARAMETRIC_REPRESENTATION_CONTEXT() REPRESENTATION_CONTEXT('2D SPACE',''
  ) );
#1080 = PCURVE('',#1081,#1086);
#1081 = PLANE('',#1082);
#1082 = AXIS2_PLACEMENT_3D('',#1083,#1084,#1085);
#1083 = CARTESIAN_POINT('',(49.702933135674,-40.16543488652,
    26.431589658263));
#1084 = DIRECTION('',(0.574353701096,-0.818607247731,0.));
#1085 = DIRECTION('',(0.753938196477,0.528980405127,-0.389559914372));
#1086 = DEFINITIONAL_REPRESENTATION('',(#1087),#1090);
#1087 = B_SPLINE_CURVE_WITH_KNOTS('',1,(#1088,#1089),.UNSPECIFIED.,.F.,
  .F.,(2,2),(37.214564139537,42.547620404874),.PIECEWISE_BEZIER_KNOTS.);
#1088 = CARTESIAN_POINT('',(7.105427357601E-15,-36.42763067079));
#1089 = CARTESIAN_POINT('',(5.260827905334,-35.55288563381));
#1090 = ( GEOMETRIC_REPRESENTATION_CONTEXT(2) 
PARAMETRIC_REPRESENTATION_CONTEXT() REPRESENTATION_CONTEXT('2D SPACE',''
  ) );
#1091 = ORIENTED_EDGE('',*,*,#1092,.F.);
#1092 = EDGE_CURVE('',#1093,#1067,#1095,.T.);
#1093 = VERTEX_POINT('',#1094);
#1094 = CARTESIAN_POINT('',(43.185848087109,-56.89380043319,
    -8.896626680384));
#1095 = SURFACE_CURVE('',#1096,(#1100,#1106),.PCURVE_S1.);
#1096 = LINE('',#1097,#1098);
#1097 = CARTESIAN_POINT('',(23.532383981332,-23.83514556571,
    -2.043038146705));
#1098 = VECTOR('',#1099,1.);
#1099 = DIRECTION('',(-0.503091412104,0.846238875245,0.175438869954));
#1100 = PCURVE('',#626,#1101);
#1101 = DEFINITIONAL_REPRESENTATION('',(#1102),#1105);
#1102 = B_SPLINE_CURVE_WITH_KNOTS('',1,(#1103,#1104),.UNSPECIFIED.,.F.,
  .F.,(2,2),(-42.21811481603,-28.92894284108),.PIECEWISE_BEZIER_KNOTS.);
#1103 = CARTESIAN_POINT('',(14.,-112.6094919092));
#1104 = CARTESIAN_POINT('',(3.290111233248,-104.7418128116));
#1105 = ( GEOMETRIC_REPRESENTATION_CONTEXT(2) 
PARAMETRIC_REPRESENTATION_CONTEXT() REPRESENTATION_CONTEXT('2D SPACE',''
  ) );
#1106 = PCURVE('',#1107,#1112);
#1107 = PLANE('',#1108);
#1108 = AXIS2_PLACEMENT_3D('',#1109,#1110,#1111);
#1109 = CARTESIAN_POINT('',(57.743884951023,-51.62593635474,
    26.431589658263));
#1110 = DIRECTION('',(0.753938196477,0.528980405127,-0.389559914372));
#1111 = DIRECTION('',(-0.574353701096,0.818607247731,0.));
#1112 = DEFINITIONAL_REPRESENTATION('',(#1113),#1116);
#1113 = B_SPLINE_CURVE_WITH_KNOTS('',1,(#1114,#1115),.UNSPECIFIED.,.F.,
  .F.,(2,2),(-42.21811481603,-28.92894284108),.PIECEWISE_BEZIER_KNOTS.);
#1114 = CARTESIAN_POINT('',(0.954156868688,-38.95904702787));
#1115 = CARTESIAN_POINT('',(14.,-36.42763067079));
#1116 = ( GEOMETRIC_REPRESENTATION_CONTEXT(2) 
PARAMETRIC_REPRESENTATION_CONTEXT() REPRESENTATION_CONTEXT('2D SPACE',''
  ) );
#1117 = ORIENTED_EDGE('',*,*,#1118,.F.);
#1118 = EDGE_CURVE('',#1119,#1093,#1121,.T.);
#1119 = VERTEX_POINT('',#1120);
#1120 = CARTESIAN_POINT('',(41.80599446185,-59.337557912,-8.526872867988
    ));
#1121 = SURFACE_CURVE('',#1122,(#1126,#1132),.PCURVE_S1.);
#1122 = LINE('',#1123,#1124);
#1123 = CARTESIAN_POINT('',(35.041589896714,-71.31749835141,
    -6.714242650722));
#1124 = VECTOR('',#1125,1.);
#1125 = DIRECTION('',(0.487466234823,0.863315670015,-0.130624361484));
#1126 = PCURVE('',#626,#1127);
#1127 = DEFINITIONAL_REPRESENTATION('',(#1128),#1131);
#1128 = B_SPLINE_CURVE_WITH_KNOTS('',1,(#1129,#1130),.UNSPECIFIED.,.F.,
  .F.,(2,2),(13.876662796121,18.587303023139),.PIECEWISE_BEZIER_KNOTS.);
#1129 = CARTESIAN_POINT('',(14.,-109.4951920407));
#1130 = CARTESIAN_POINT('',(9.771717031398,-111.5716685));
#1131 = ( GEOMETRIC_REPRESENTATION_CONTEXT(2) 
PARAMETRIC_REPRESENTATION_CONTEXT() REPRESENTATION_CONTEXT('2D SPACE',''
  ) );
#1132 = PCURVE('',#1133,#1138);
#1133 = PLANE('',#1134);
#1134 = AXIS2_PLACEMENT_3D('',#1135,#1136,#1137);
#1135 = CARTESIAN_POINT('',(42.597131626123,-51.13074482354,
    -12.16789048947));
#1136 = DIRECTION('',(-0.486995617059,0.392996463048,0.779992980095));
#1137 = DIRECTION('',(0.848242593748,0.,0.52960787584));
#1138 = DEFINITIONAL_REPRESENTATION('',(#1139),#1142);
#1139 = B_SPLINE_CURVE_WITH_KNOTS('',1,(#1140,#1141),.UNSPECIFIED.,.F.,
  .F.,(2,2),(13.876662796121,18.587303023139),.PIECEWISE_BEZIER_KNOTS.);
#1140 = CARTESIAN_POINT('',(1.25723536818,-8.924911631526));
#1141 = CARTESIAN_POINT('',(2.879155588061,-4.502298586194));
#1142 = ( GEOMETRIC_REPRESENTATION_CONTEXT(2) 
PARAMETRIC_REPRESENTATION_CONTEXT() REPRESENTATION_CONTEXT('2D SPACE',''
  ) );
#1143 = ORIENTED_EDGE('',*,*,#1144,.F.);
#1144 = EDGE_CURVE('',#939,#1119,#1145,.T.);
#1145 = SURFACE_CURVE('',#1146,(#1150,#1157),.PCURVE_S1.);
#1146 = LINE('',#1147,#1148);
#1147 = CARTESIAN_POINT('',(-62.4737570994,-51.4550270558,
    23.919948265482));
#1148 = VECTOR('',#1149,1.);
#1149 = DIRECTION('',(0.952368315153,-7.198974410917E-02,-0.296331012611
    ));
#1150 = PCURVE('',#626,#1151);
#1151 = DEFINITIONAL_REPRESENTATION('',(#1152),#1156);
#1152 = LINE('',#1153,#1154);
#1153 = CARTESIAN_POINT('',(14.,3.10862446895E-15));
#1154 = VECTOR('',#1155,1.);
#1155 = DIRECTION('',(0.,-1.));
#1156 = ( GEOMETRIC_REPRESENTATION_CONTEXT(2) 
PARAMETRIC_REPRESENTATION_CONTEXT() REPRESENTATION_CONTEXT('2D SPACE',''
  ) );
#1157 = PCURVE('',#977,#1158);
#1158 = DEFINITIONAL_REPRESENTATION('',(#1159),#1163);
#1159 = LINE('',#1160,#1161);
#1160 = CARTESIAN_POINT('',(0.,0.));
#1161 = VECTOR('',#1162,1.);
#1162 = DIRECTION('',(0.,-1.));
#1163 = ( GEOMETRIC_REPRESENTATION_CONTEXT(2) 
PARAMETRIC_REPRESENTATION_CONTEXT() REPRESENTATION_CONTEXT('2D SPACE',''
  ) );
#1164 = ORIENTED_EDGE('',*,*,#938,.F.);
#1165 = ORIENTED_EDGE('',*,*,#611,.F.);
#1166 = ORIENTED_EDGE('',*,*,#739,.F.);
#1167 = ADVANCED_FACE('',(#1168),#802,.F.);
#1168 = FACE_BOUND('',#1169,.F.);
#1169 = EDGE_LOOP('',(#1170,#1171,#1194,#1215,#1234,#1235,#1236));
#1170 = ORIENTED_EDGE('',*,*,#1017,.F.);
#1171 = ORIENTED_EDGE('',*,*,#1172,.T.);
#1172 = EDGE_CURVE('',#990,#1173,#1175,.T.);
#1173 = VERTEX_POINT('',#1174);
#1174 = CARTESIAN_POINT('',(37.579415732965,-44.97812962296,
    -18.40071794306));
#1175 = SURFACE_CURVE('',#1176,(#1180,#1187),.PCURVE_S1.);
#1176 = LINE('',#1177,#1178);
#1177 = CARTESIAN_POINT('',(-64.66887257335,-37.24915755023,
    13.414009961515));
#1178 = VECTOR('',#1179,1.);
#1179 = DIRECTION('',(0.952368315153,-7.198974410917E-02,-0.296331012611
    ));
#1180 = PCURVE('',#802,#1181);
#1181 = DEFINITIONAL_REPRESENTATION('',(#1182),#1186);
#1182 = LINE('',#1183,#1184);
#1183 = CARTESIAN_POINT('',(0.,0.));
#1184 = VECTOR('',#1185,1.);
#1185 = DIRECTION('',(0.,-1.));
#1186 = ( GEOMETRIC_REPRESENTATION_CONTEXT(2) 
PARAMETRIC_REPRESENTATION_CONTEXT() REPRESENTATION_CONTEXT('2D SPACE',''
  ) );
#1187 = PCURVE('',#1005,#1188);
#1188 = DEFINITIONAL_REPRESENTATION('',(#1189),#1193);
#1189 = LINE('',#1190,#1191);
#1190 = CARTESIAN_POINT('',(14.,-3.635014089928E-15));
#1191 = VECTOR('',#1192,1.);
#1192 = DIRECTION('',(0.,-1.));
#1193 = ( GEOMETRIC_REPRESENTATION_CONTEXT(2) 
PARAMETRIC_REPRESENTATION_CONTEXT() REPRESENTATION_CONTEXT('2D SPACE',''
  ) );
#1194 = ORIENTED_EDGE('',*,*,#1195,.F.);
#1195 = EDGE_CURVE('',#1196,#1173,#1198,.T.);
#1196 = VERTEX_POINT('',#1197);
#1197 = CARTESIAN_POINT('',(42.331578980189,-45.33734675638,
    -15.25267200097));
#1198 = SURFACE_CURVE('',#1199,(#1203,#1209),.PCURVE_S1.);
#1199 = LINE('',#1200,#1201);
#1200 = CARTESIAN_POINT('',(12.60780797192,-43.09051994075,
    -34.94303023118));
#1201 = VECTOR('',#1202,1.);
#1202 = DIRECTION('',(-0.832020750263,6.289264347825E-02,-0.551167838801
    ));
#1203 = PCURVE('',#802,#1204);
#1204 = DEFINITIONAL_REPRESENTATION('',(#1205),#1208);
#1205 = B_SPLINE_CURVE_WITH_KNOTS('',1,(#1206,#1207),.UNSPECIFIED.,.F.,
  .F.,(2,2),(-37.02517557323,-30.01320309999),.PIECEWISE_BEZIER_KNOTS.);
#1206 = CARTESIAN_POINT('',(5.424947401034,-111.8048408663));
#1207 = CARTESIAN_POINT('',(3.552713678801E-15,-107.3621273192));
#1208 = ( GEOMETRIC_REPRESENTATION_CONTEXT(2) 
PARAMETRIC_REPRESENTATION_CONTEXT() REPRESENTATION_CONTEXT('2D SPACE',''
  ) );
#1209 = PCURVE('',#1133,#1210);
#1210 = DEFINITIONAL_REPRESENTATION('',(#1211),#1214);
#1211 = B_SPLINE_CURVE_WITH_KNOTS('',1,(#1212,#1213),.UNSPECIFIED.,.F.,
  .F.,(2,2),(-37.02517557323,-30.01320309999),.PIECEWISE_BEZIER_KNOTS.);
#1212 = CARTESIAN_POINT('',(-0.561642542008,6.211381584666));
#1213 = CARTESIAN_POINT('',(-7.557194852074,6.690970828278));
#1214 = ( GEOMETRIC_REPRESENTATION_CONTEXT(2) 
PARAMETRIC_REPRESENTATION_CONTEXT() REPRESENTATION_CONTEXT('2D SPACE',''
  ) );
#1215 = ORIENTED_EDGE('',*,*,#1216,.F.);
#1216 = EDGE_CURVE('',#1044,#1196,#1217,.T.);
#1217 = SURFACE_CURVE('',#1218,(#1222,#1228),.PCURVE_S1.);
#1218 = LINE('',#1219,#1220);
#1219 = CARTESIAN_POINT('',(42.331578980189,-45.33734675638,
    19.922799809889));
#1220 = VECTOR('',#1221,1.);
#1221 = DIRECTION('',(0.,-0.,-1.));
#1222 = PCURVE('',#802,#1223);
#1223 = DEFINITIONAL_REPRESENTATION('',(#1224),#1227);
#1224 = B_SPLINE_CURVE_WITH_KNOTS('',1,(#1225,#1226),.UNSPECIFIED.,.F.,
  .F.,(2,2),(28.284865502359,35.880127486598),.PIECEWISE_BEZIER_KNOTS.);
#1225 = CARTESIAN_POINT('',(11.,-108.9390329871));
#1226 = CARTESIAN_POINT('',(3.745876926465,-111.189744662));
#1227 = ( GEOMETRIC_REPRESENTATION_CONTEXT(2) 
PARAMETRIC_REPRESENTATION_CONTEXT() REPRESENTATION_CONTEXT('2D SPACE',''
  ) );
#1228 = PCURVE('',#1081,#1229);
#1229 = DEFINITIONAL_REPRESENTATION('',(#1230),#1233);
#1230 = B_SPLINE_CURVE_WITH_KNOTS('',1,(#1231,#1232),.UNSPECIFIED.,.F.,
  .F.,(2,2),(28.284865502359,35.880127486598),.PIECEWISE_BEZIER_KNOTS.);
#1231 = CARTESIAN_POINT('',(5.260827905334,-35.55288563381));
#1232 = CARTESIAN_POINT('',(8.219637513546,-42.54813046953));
#1233 = ( GEOMETRIC_REPRESENTATION_CONTEXT(2) 
PARAMETRIC_REPRESENTATION_CONTEXT() REPRESENTATION_CONTEXT('2D SPACE',''
  ) );
#1234 = ORIENTED_EDGE('',*,*,#1043,.F.);
#1235 = ORIENTED_EDGE('',*,*,#787,.F.);
#1236 = ORIENTED_EDGE('',*,*,#913,.F.);
#1237 = ADVANCED_FACE('',(#1238),#1005,.F.);
#1238 = FACE_BOUND('',#1239,.F.);
#1239 = EDGE_LOOP('',(#1240,#1241,#1264,#1290,#1316,#1342,#1368,#1391,
    #1417,#1443,#1462));
#1240 = ORIENTED_EDGE('',*,*,#989,.F.);
#1241 = ORIENTED_EDGE('',*,*,#1242,.T.);
#1242 = EDGE_CURVE('',#962,#1243,#1245,.T.);
#1243 = VERTEX_POINT('',#1244);
#1244 = CARTESIAN_POINT('',(-60.16889722239,-51.629251954,
    11.685491329714));
#1245 = SURFACE_CURVE('',#1246,(#1250,#1257),.PCURVE_S1.);
#1246 = LINE('',#1247,#1248);
#1247 = CARTESIAN_POINT('',(-65.7241253525,-51.20933095789,
    13.414009961515));
#1248 = VECTOR('',#1249,1.);
#1249 = DIRECTION('',(0.952368315153,-7.198974410917E-02,-0.296331012611
    ));
#1250 = PCURVE('',#1005,#1251);
#1251 = DEFINITIONAL_REPRESENTATION('',(#1252),#1256);
#1252 = LINE('',#1253,#1254);
#1253 = CARTESIAN_POINT('',(0.,0.));
#1254 = VECTOR('',#1255,1.);
#1255 = DIRECTION('',(0.,-1.));
#1256 = ( GEOMETRIC_REPRESENTATION_CONTEXT(2) 
PARAMETRIC_REPRESENTATION_CONTEXT() REPRESENTATION_CONTEXT('2D SPACE',''
  ) );
#1257 = PCURVE('',#977,#1258);
#1258 = DEFINITIONAL_REPRESENTATION('',(#1259),#1263);
#1259 = LINE('',#1260,#1261);
#1260 = CARTESIAN_POINT('',(11.,1.33226762955E-15));
#1261 = VECTOR('',#1262,1.);
#1262 = DIRECTION('',(0.,-1.));
#1263 = ( GEOMETRIC_REPRESENTATION_CONTEXT(2) 
PARAMETRIC_REPRESENTATION_CONTEXT() REPRESENTATION_CONTEXT('2D SPACE',''
  ) );
#1264 = ORIENTED_EDGE('',*,*,#1265,.F.);
#1265 = EDGE_CURVE('',#1266,#1243,#1268,.T.);
#1266 = VERTEX_POINT('',#1267);
#1267 = CARTESIAN_POINT('',(-63.14426766688,-42.70314062052,
    12.814772695623));
#1268 = SURFACE_CURVE('',#1269,(#1273,#1279),.PCURVE_S1.);
#1269 = LINE('',#1270,#1271);
#1270 = CARTESIAN_POINT('',(-64.12607853379,-39.7577080198,
    13.187412250102));
#1271 = VECTOR('',#1272,1.);
#1272 = DIRECTION('',(0.313974404717,-0.941923214152,-0.119166823505));
#1273 = PCURVE('',#1005,#1274);
#1274 = DEFINITIONAL_REPRESENTATION('',(#1275),#1278);
#1275 = B_SPLINE_CURVE_WITH_KNOTS('',1,(#1276,#1277),.UNSPECIFIED.,.F.,
  .F.,(2,2),(3.12704109684,12.603515611288),.PIECEWISE_BEZIER_KNOTS.);
#1276 = CARTESIAN_POINT('',(8.676449581494,-2.022188837449));
#1277 = CARTESIAN_POINT('',(0.,-5.833066936097));
#1278 = ( GEOMETRIC_REPRESENTATION_CONTEXT(2) 
PARAMETRIC_REPRESENTATION_CONTEXT() REPRESENTATION_CONTEXT('2D SPACE',''
  ) );
#1279 = PCURVE('',#1280,#1285);
#1280 = PLANE('',#1281);
#1281 = AXIS2_PLACEMENT_3D('',#1282,#1283,#1284);
#1282 = CARTESIAN_POINT('',(-66.51955926519,-32.5772658256,
    36.20458932936));
#1283 = DIRECTION('',(0.948683298051,0.316227766017,-2.775557561563E-17)
  );
#1284 = DIRECTION('',(-0.203858876575,0.611576629725,-0.764470787156));
#1285 = DEFINITIONAL_REPRESENTATION('',(#1286),#1289);
#1286 = B_SPLINE_CURVE_WITH_KNOTS('',1,(#1287,#1288),.UNSPECIFIED.,.F.,
  .F.,(2,2),(3.12704109684,12.603515611288),.PIECEWISE_BEZIER_KNOTS.);
#1287 = CARTESIAN_POINT('',(11.,-23.23810353483));
#1288 = CARTESIAN_POINT('',(5.79774585263,-31.15896971279));
#1289 = ( GEOMETRIC_REPRESENTATION_CONTEXT(2) 
PARAMETRIC_REPRESENTATION_CONTEXT() REPRESENTATION_CONTEXT('2D SPACE',''
  ) );
#1290 = ORIENTED_EDGE('',*,*,#1291,.F.);
#1291 = EDGE_CURVE('',#1292,#1266,#1294,.T.);
#1292 = VERTEX_POINT('',#1293);
#1293 = CARTESIAN_POINT('',(-48.11134580902,-43.53001895175,
    8.144490868543));
#1294 = SURFACE_CURVE('',#1295,(#1299,#1305),.PCURVE_S1.);
#1295 = LINE('',#1296,#1297);
#1296 = CARTESIAN_POINT('',(-69.2817917416,-42.36554918535,
    14.721518930349));
#1297 = VECTOR('',#1298,1.);
#1298 = DIRECTION('',(-0.953661357825,5.245566494474E-02,0.296274227376)
  );
#1299 = PCURVE('',#1005,#1300);
#1300 = DEFINITIONAL_REPRESENTATION('',(#1301),#1304);
#1301 = B_SPLINE_CURVE_WITH_KNOTS('',1,(#1302,#1303),.UNSPECIFIED.,.F.,
  .F.,(2,2),(-22.19912315716,-6.435747893481),.PIECEWISE_BEZIER_KNOTS.);
#1302 = CARTESIAN_POINT('',(8.985032987081,-17.78254340152));
#1303 = CARTESIAN_POINT('',(8.676449581494,-2.022188837449));
#1304 = ( GEOMETRIC_REPRESENTATION_CONTEXT(2) 
PARAMETRIC_REPRESENTATION_CONTEXT() REPRESENTATION_CONTEXT('2D SPACE',''
  ) );
#1305 = PCURVE('',#1306,#1311);
#1306 = PLANE('',#1307);
#1307 = AXIS2_PLACEMENT_3D('',#1308,#1309,#1310);
#1308 = CARTESIAN_POINT('',(-68.76200690751,-25.84992289863,
    27.79541067064));
#1309 = DIRECTION('',(0.203858876575,-0.611576629725,0.764470787156));
#1310 = DIRECTION('',(0.948683298051,0.316227766017,2.775557561563E-17)
  );
#1311 = DEFINITIONAL_REPRESENTATION('',(#1312),#1315);
#1312 = B_SPLINE_CURVE_WITH_KNOTS('',1,(#1313,#1314),.UNSPECIFIED.,.F.,
  .F.,(2,2),(-22.19912315716,-6.435747893481),.PIECEWISE_BEZIER_KNOTS.);
#1313 = CARTESIAN_POINT('',(14.,-30.48268769844));
#1314 = CARTESIAN_POINT('',(0.,-23.23810353483));
#1315 = ( GEOMETRIC_REPRESENTATION_CONTEXT(2) 
PARAMETRIC_REPRESENTATION_CONTEXT() REPRESENTATION_CONTEXT('2D SPACE',''
  ) );
#1316 = ORIENTED_EDGE('',*,*,#1317,.F.);
#1317 = EDGE_CURVE('',#1318,#1292,#1320,.T.);
#1318 = VERTEX_POINT('',#1319);
#1319 = CARTESIAN_POINT('',(-46.85797299412,-47.29013739646,
    7.668781846486));
#1320 = SURFACE_CURVE('',#1321,(#1325,#1331),.PCURVE_S1.);
#1321 = LINE('',#1322,#1323);
#1322 = CARTESIAN_POINT('',(-51.94236749066,-32.03695390682,
    9.598528770103));
#1323 = VECTOR('',#1324,1.);
#1324 = DIRECTION('',(-0.313974404717,0.941923214152,0.119166823505));
#1325 = PCURVE('',#1005,#1326);
#1326 = DEFINITIONAL_REPRESENTATION('',(#1327),#1330);
#1327 = B_SPLINE_CURVE_WITH_KNOTS('',1,(#1328,#1329),.UNSPECIFIED.,.F.,
  .F.,(2,2),(-16.19365916506,-12.20170059751),.PIECEWISE_BEZIER_KNOTS.);
#1328 = CARTESIAN_POINT('',(5.330084388847,-19.38787325838));
#1329 = CARTESIAN_POINT('',(8.985032987081,-17.78254340152));
#1330 = ( GEOMETRIC_REPRESENTATION_CONTEXT(2) 
PARAMETRIC_REPRESENTATION_CONTEXT() REPRESENTATION_CONTEXT('2D SPACE',''
  ) );
#1331 = PCURVE('',#1332,#1337);
#1332 = PLANE('',#1333);
#1333 = AXIS2_PLACEMENT_3D('',#1334,#1335,#1336);
#1334 = CARTESIAN_POINT('',(-55.4804407348,-21.42273417439,
    27.79541067064));
#1335 = DIRECTION('',(-0.948683298051,-0.316227766017,2.775557561563E-17
    ));
#1336 = DIRECTION('',(0.203858876575,-0.611576629725,0.764470787156));
#1337 = DEFINITIONAL_REPRESENTATION('',(#1338),#1341);
#1338 = B_SPLINE_CURVE_WITH_KNOTS('',1,(#1339,#1340),.UNSPECIFIED.,.F.,
  .F.,(2,2),(-16.19365916506,-12.20170059751),.PIECEWISE_BEZIER_KNOTS.);
#1339 = CARTESIAN_POINT('',(2.191446089209,-33.81934729198));
#1340 = CARTESIAN_POINT('',(-8.881784197001E-16,-30.48268769844));
#1341 = ( GEOMETRIC_REPRESENTATION_CONTEXT(2) 
PARAMETRIC_REPRESENTATION_CONTEXT() REPRESENTATION_CONTEXT('2D SPACE',''
  ) );
#1342 = ORIENTED_EDGE('',*,*,#1343,.T.);
#1343 = EDGE_CURVE('',#1318,#1344,#1346,.T.);
#1344 = VERTEX_POINT('',#1345);
#1345 = CARTESIAN_POINT('',(-54.81768880941,-52.03375105187,
    10.020453778088));
#1346 = SURFACE_CURVE('',#1347,(#1351,#1357),.PCURVE_S1.);
#1347 = LINE('',#1348,#1349);
#1348 = CARTESIAN_POINT('',(-57.99801151768,-53.92907276657,
    10.960069691522));
#1349 = VECTOR('',#1350,1.);
#1350 = DIRECTION('',(-0.832625811262,-0.496205550525,0.245996565117));
#1351 = PCURVE('',#1005,#1352);
#1352 = DEFINITIONAL_REPRESENTATION('',(#1353),#1356);
#1353 = B_SPLINE_CURVE_WITH_KNOTS('',1,(#1354,#1355),.UNSPECIFIED.,.F.,
  .F.,(2,2),(-15.53607905628,-3.819630217139),.PIECEWISE_BEZIER_KNOTS.);
#1354 = CARTESIAN_POINT('',(6.532544741743,-21.17821654214));
#1355 = CARTESIAN_POINT('',(0.,-11.45191032665));
#1356 = ( GEOMETRIC_REPRESENTATION_CONTEXT(2) 
PARAMETRIC_REPRESENTATION_CONTEXT() REPRESENTATION_CONTEXT('2D SPACE',''
  ) );
#1357 = PCURVE('',#1358,#1363);
#1358 = PLANE('',#1359);
#1359 = AXIS2_PLACEMENT_3D('',#1360,#1361,#1362);
#1360 = CARTESIAN_POINT('',(-52.82427799713,-51.5271660086,
    10.198074659017));
#1361 = DIRECTION('',(0.241746889208,-0.725240667623,-0.64465837122));
#1362 = DIRECTION('',(0.,0.66436383883,-0.747409318684));
#1363 = DEFINITIONAL_REPRESENTATION('',(#1364),#1367);
#1364 = B_SPLINE_CURVE_WITH_KNOTS('',1,(#1365,#1366),.UNSPECIFIED.,.F.,
  .F.,(2,2),(-15.53607905628,-3.819630217139),.PIECEWISE_BEZIER_KNOTS.);
#1365 = CARTESIAN_POINT('',(5.812842993825,7.999270522681));
#1366 = CARTESIAN_POINT('',(-0.203801282441,-2.05434400411));
#1367 = ( GEOMETRIC_REPRESENTATION_CONTEXT(2) 
PARAMETRIC_REPRESENTATION_CONTEXT() REPRESENTATION_CONTEXT('2D SPACE',''
  ) );
#1368 = ORIENTED_EDGE('',*,*,#1369,.T.);
#1369 = EDGE_CURVE('',#1344,#1370,#1372,.T.);
#1370 = VERTEX_POINT('',#1371);
#1371 = CARTESIAN_POINT('',(31.293186634602,-58.54289230489,
    -16.77309081083));
#1372 = SURFACE_CURVE('',#1373,(#1377,#1384),.PCURVE_S1.);
#1373 = LINE('',#1374,#1375);
#1374 = CARTESIAN_POINT('',(-65.7241253525,-51.20933095789,
    13.414009961515));
#1375 = VECTOR('',#1376,1.);
#1376 = DIRECTION('',(0.952368315153,-7.198974410917E-02,-0.296331012611
    ));
#1377 = PCURVE('',#1005,#1378);
#1378 = DEFINITIONAL_REPRESENTATION('',(#1379),#1383);
#1379 = LINE('',#1380,#1381);
#1380 = CARTESIAN_POINT('',(0.,0.));
#1381 = VECTOR('',#1382,1.);
#1382 = DIRECTION('',(0.,-1.));
#1383 = ( GEOMETRIC_REPRESENTATION_CONTEXT(2) 
PARAMETRIC_REPRESENTATION_CONTEXT() REPRESENTATION_CONTEXT('2D SPACE',''
  ) );
#1384 = PCURVE('',#977,#1385);
#1385 = DEFINITIONAL_REPRESENTATION('',(#1386),#1390);
#1386 = LINE('',#1387,#1388);
#1387 = CARTESIAN_POINT('',(11.,1.33226762955E-15));
#1388 = VECTOR('',#1389,1.);
#1389 = DIRECTION('',(0.,-1.));
#1390 = ( GEOMETRIC_REPRESENTATION_CONTEXT(2) 
PARAMETRIC_REPRESENTATION_CONTEXT() REPRESENTATION_CONTEXT('2D SPACE',''
  ) );
#1391 = ORIENTED_EDGE('',*,*,#1392,.F.);
#1392 = EDGE_CURVE('',#1393,#1370,#1395,.T.);
#1393 = VERTEX_POINT('',#1394);
#1394 = CARTESIAN_POINT('',(34.256128055501,-53.29544422486,
    -17.56705827682));
#1395 = SURFACE_CURVE('',#1396,(#1400,#1406),.PCURVE_S1.);
#1396 = LINE('',#1397,#1398);
#1397 = CARTESIAN_POINT('',(23.104511192432,-73.04525435764,
    -14.5788044693));
#1398 = VECTOR('',#1399,1.);
#1399 = DIRECTION('',(-0.487466234823,-0.863315670015,0.130624361484));
#1400 = PCURVE('',#1005,#1401);
#1401 = DEFINITIONAL_REPRESENTATION('',(#1402),#1405);
#1402 = B_SPLINE_CURVE_WITH_KNOTS('',1,(#1403,#1404),.UNSPECIFIED.,.F.,
  .F.,(2,2),(-32.39554902583,-16.79844645063),.PIECEWISE_BEZIER_KNOTS.);
#1403 = CARTESIAN_POINT('',(14.,-108.7448190228));
#1404 = CARTESIAN_POINT('',(1.7763568394E-15,-101.8695293023));
#1405 = ( GEOMETRIC_REPRESENTATION_CONTEXT(2) 
PARAMETRIC_REPRESENTATION_CONTEXT() REPRESENTATION_CONTEXT('2D SPACE',''
  ) );
#1406 = PCURVE('',#1407,#1412);
#1407 = PLANE('',#1408);
#1408 = AXIS2_PLACEMENT_3D('',#1409,#1410,#1411);
#1409 = CARTESIAN_POINT('',(43.084127243182,-51.52374128659,
    -12.94788346957));
#1410 = DIRECTION('',(-0.486995617059,0.392996463048,0.779992980095));
#1411 = DIRECTION('',(0.848242593748,2.775557561563E-17,0.52960787584));
#1412 = DEFINITIONAL_REPRESENTATION('',(#1413),#1416);
#1413 = B_SPLINE_CURVE_WITH_KNOTS('',1,(#1414,#1415),.UNSPECIFIED.,.F.,
  .F.,(2,2),(-32.39554902583,-16.79844645063),.PIECEWISE_BEZIER_KNOTS.);
#1414 = CARTESIAN_POINT('',(-6.657200640089,7.010105228742));
#1415 = CARTESIAN_POINT('',(-12.0274379792,-7.633328783225));
#1416 = ( GEOMETRIC_REPRESENTATION_CONTEXT(2) 
PARAMETRIC_REPRESENTATION_CONTEXT() REPRESENTATION_CONTEXT('2D SPACE',''
  ) );
#1417 = ORIENTED_EDGE('',*,*,#1418,.F.);
#1418 = EDGE_CURVE('',#1419,#1393,#1421,.T.);
#1419 = VERTEX_POINT('',#1420);
#1420 = CARTESIAN_POINT('',(33.374817415517,-52.42458509877,
    -17.27402868486));
#1421 = SURFACE_CURVE('',#1422,(#1426,#1432),.PCURVE_S1.);
#1422 = LINE('',#1423,#1424);
#1423 = CARTESIAN_POINT('',(6.040304610484,-25.41423386325,
    -8.185495345506));
#1424 = VECTOR('',#1425,1.);
#1425 = DIRECTION('',(0.692215740604,-0.68400671407,-0.230156867305));
#1426 = PCURVE('',#1005,#1427);
#1427 = DEFINITIONAL_REPRESENTATION('',(#1428),#1431);
#1428 = B_SPLINE_CURVE_WITH_KNOTS('',1,(#1429,#1430),.UNSPECIFIED.,.F.,
  .F.,(2,2),(39.488429981642,46.163980048199),.PIECEWISE_BEZIER_KNOTS.);
#1429 = CARTESIAN_POINT('',(6.257805444678,-103.5599965592));
#1430 = CARTESIAN_POINT('',(2.052976707169,-108.7448190228));
#1431 = ( GEOMETRIC_REPRESENTATION_CONTEXT(2) 
PARAMETRIC_REPRESENTATION_CONTEXT() REPRESENTATION_CONTEXT('2D SPACE',''
  ) );
#1432 = PCURVE('',#1433,#1438);
#1433 = PLANE('',#1434);
#1434 = AXIS2_PLACEMENT_3D('',#1435,#1436,#1437);
#1435 = CARTESIAN_POINT('',(31.366024533632,-49.99016829942,
    -19.7548080895));
#1436 = DIRECTION('',(-0.7158533235,-0.691244168684,-9.866873109191E-02)
  );
#1437 = DIRECTION('',(0.500389136772,-0.60641180669,0.617960704663));
#1438 = DEFINITIONAL_REPRESENTATION('',(#1439),#1442);
#1439 = B_SPLINE_CURVE_WITH_KNOTS('',1,(#1440,#1441),.UNSPECIFIED.,.F.,
  .F.,(2,2),(39.488429981642,46.163980048199),.PIECEWISE_BEZIER_KNOTS.);
#1440 = CARTESIAN_POINT('',(4.014461414657,-3.552713678801E-15));
#1441 = CARTESIAN_POINT('',(8.146220259819,-5.243237314536));
#1442 = ( GEOMETRIC_REPRESENTATION_CONTEXT(2) 
PARAMETRIC_REPRESENTATION_CONTEXT() REPRESENTATION_CONTEXT('2D SPACE',''
  ) );
#1443 = ORIENTED_EDGE('',*,*,#1444,.F.);
#1444 = EDGE_CURVE('',#1173,#1419,#1445,.T.);
#1445 = SURFACE_CURVE('',#1446,(#1450,#1456),.PCURVE_S1.);
#1446 = LINE('',#1447,#1448);
#1447 = CARTESIAN_POINT('',(22.084789220482,-72.41952538264,
    -14.24868535078));
#1448 = VECTOR('',#1449,1.);
#1449 = DIRECTION('',(-0.487466234823,-0.863315670015,0.130624361484));
#1450 = PCURVE('',#1005,#1451);
#1451 = DEFINITIONAL_REPRESENTATION('',(#1452),#1455);
#1452 = B_SPLINE_CURVE_WITH_KNOTS('',1,(#1453,#1454),.UNSPECIFIED.,.F.,
  .F.,(2,2),(-31.78605081868,-16.18894824348),.PIECEWISE_BEZIER_KNOTS.);
#1453 = CARTESIAN_POINT('',(14.,-107.3621273192));
#1454 = CARTESIAN_POINT('',(5.329070518201E-15,-100.4868375987));
#1455 = ( GEOMETRIC_REPRESENTATION_CONTEXT(2) 
PARAMETRIC_REPRESENTATION_CONTEXT() REPRESENTATION_CONTEXT('2D SPACE',''
  ) );
#1456 = PCURVE('',#1133,#1457);
#1457 = DEFINITIONAL_REPRESENTATION('',(#1458),#1461);
#1458 = B_SPLINE_CURVE_WITH_KNOTS('',1,(#1459,#1460),.UNSPECIFIED.,.F.,
  .F.,(2,2),(-31.78605081868,-16.18894824348),.PIECEWISE_BEZIER_KNOTS.);
#1459 = CARTESIAN_POINT('',(-7.557194852074,6.690970828278));
#1460 = CARTESIAN_POINT('',(-12.92743219118,-7.952463183689));
#1461 = ( GEOMETRIC_REPRESENTATION_CONTEXT(2) 
PARAMETRIC_REPRESENTATION_CONTEXT() REPRESENTATION_CONTEXT('2D SPACE',''
  ) );
#1462 = ORIENTED_EDGE('',*,*,#1172,.F.);
#1463 = ADVANCED_FACE('',(#1464),#977,.F.);
#1464 = FACE_BOUND('',#1465,.F.);
#1465 = EDGE_LOOP('',(#1466,#1467,#1468,#1489,#1510,#1529,#1530,#1551,
    #1577,#1596));
#1466 = ORIENTED_EDGE('',*,*,#961,.F.);
#1467 = ORIENTED_EDGE('',*,*,#1144,.T.);
#1468 = ORIENTED_EDGE('',*,*,#1469,.F.);
#1469 = EDGE_CURVE('',#1470,#1119,#1472,.T.);
#1470 = VERTEX_POINT('',#1471);
#1471 = CARTESIAN_POINT('',(38.897753492418,-59.11772329563,
    -10.45342204278));
#1472 = SURFACE_CURVE('',#1473,(#1477,#1483),.PCURVE_S1.);
#1473 = LINE('',#1474,#1475);
#1474 = CARTESIAN_POINT('',(12.169522044112,-57.09733001728,
    -28.15940059883));
#1475 = VECTOR('',#1476,1.);
#1476 = DIRECTION('',(0.832020750263,-6.289264347825E-02,0.551167838801)
  );
#1477 = PCURVE('',#977,#1478);
#1478 = DEFINITIONAL_REPRESENTATION('',(#1479),#1482);
#1479 = B_SPLINE_CURVE_WITH_KNOTS('',1,(#1480,#1481),.UNSPECIFIED.,.F.,
  .F.,(2,2),(21.401909527795,35.619871750052),.PIECEWISE_BEZIER_KNOTS.);
#1480 = CARTESIAN_POINT('',(11.,-100.4868375987));
#1481 = CARTESIAN_POINT('',(-7.105427357601E-15,-109.4951920407));
#1482 = ( GEOMETRIC_REPRESENTATION_CONTEXT(2) 
PARAMETRIC_REPRESENTATION_CONTEXT() REPRESENTATION_CONTEXT('2D SPACE',''
  ) );
#1483 = PCURVE('',#1133,#1484);
#1484 = DEFINITIONAL_REPRESENTATION('',(#1485),#1488);
#1485 = B_SPLINE_CURVE_WITH_KNOTS('',1,(#1486,#1487),.UNSPECIFIED.,.F.,
  .F.,(2,2),(21.401909527795,35.619871750052),.PIECEWISE_BEZIER_KNOTS.);
#1486 = CARTESIAN_POINT('',(-12.92743219118,-7.952463183689));
#1487 = CARTESIAN_POINT('',(1.25723536818,-8.924911631526));
#1488 = ( GEOMETRIC_REPRESENTATION_CONTEXT(2) 
PARAMETRIC_REPRESENTATION_CONTEXT() REPRESENTATION_CONTEXT('2D SPACE',''
  ) );
#1489 = ORIENTED_EDGE('',*,*,#1490,.F.);
#1490 = EDGE_CURVE('',#1491,#1470,#1493,.T.);
#1491 = VERTEX_POINT('',#1492);
#1492 = CARTESIAN_POINT('',(39.071286625328,-59.13084070582,
    -11.6205287377));
#1493 = SURFACE_CURVE('',#1494,(#1498,#1504),.PCURVE_S1.);
#1494 = LINE('',#1495,#1496);
#1495 = CARTESIAN_POINT('',(35.883019298748,-58.8898388315,
    9.822339719827));
#1496 = VECTOR('',#1497,1.);
#1497 = DIRECTION('',(-0.147060717464,1.111635409361E-02,0.989064998901)
  );
#1498 = PCURVE('',#977,#1499);
#1499 = DEFINITIONAL_REPRESENTATION('',(#1500),#1503);
#1500 = B_SPLINE_CURVE_WITH_KNOTS('',1,(#1501,#1502),.UNSPECIFIED.,.F.,
  .F.,(2,2),(-28.75999925041,-20.49992850333),.PIECEWISE_BEZIER_KNOTS.);
#1501 = CARTESIAN_POINT('',(10.146094866825,-110.8649777146));
#1502 = CARTESIAN_POINT('',(2.70427939971,-107.2805459186));
#1503 = ( GEOMETRIC_REPRESENTATION_CONTEXT(2) 
PARAMETRIC_REPRESENTATION_CONTEXT() REPRESENTATION_CONTEXT('2D SPACE',''
  ) );
#1504 = PCURVE('',#1433,#1505);
#1505 = DEFINITIONAL_REPRESENTATION('',(#1506),#1509);
#1506 = B_SPLINE_CURVE_WITH_KNOTS('',1,(#1507,#1508),.UNSPECIFIED.,.F.,
  .F.,(2,2),(-28.75999925041,-20.49992850333),.PIECEWISE_BEZIER_KNOTS.);
#1507 = CARTESIAN_POINT('',(10.666681543439,-7.));
#1508 = CARTESIAN_POINT('',(15.051743543776,3.552713678801E-15));
#1509 = ( GEOMETRIC_REPRESENTATION_CONTEXT(2) 
PARAMETRIC_REPRESENTATION_CONTEXT() REPRESENTATION_CONTEXT('2D SPACE',''
  ) );
#1510 = ORIENTED_EDGE('',*,*,#1511,.F.);
#1511 = EDGE_CURVE('',#1370,#1491,#1512,.T.);
#1512 = SURFACE_CURVE('',#1513,(#1517,#1523),.PCURVE_S1.);
#1513 = LINE('',#1514,#1515);
#1514 = CARTESIAN_POINT('',(12.757454359483,-57.14177195877,
    -29.05199070059));
#1515 = VECTOR('',#1516,1.);
#1516 = DIRECTION('',(0.832020750263,-6.289264347825E-02,0.551167838801)
  );
#1517 = PCURVE('',#977,#1518);
#1518 = DEFINITIONAL_REPRESENTATION('',(#1519),#1522);
#1519 = B_SPLINE_CURVE_WITH_KNOTS('',1,(#1520,#1521),.UNSPECIFIED.,.F.,
  .F.,(2,2),(22.277968751703,36.49593097396),.PIECEWISE_BEZIER_KNOTS.);
#1520 = CARTESIAN_POINT('',(11.,-101.8695293023));
#1521 = CARTESIAN_POINT('',(0.,-110.8778837443));
#1522 = ( GEOMETRIC_REPRESENTATION_CONTEXT(2) 
PARAMETRIC_REPRESENTATION_CONTEXT() REPRESENTATION_CONTEXT('2D SPACE',''
  ) );
#1523 = PCURVE('',#1407,#1524);
#1524 = DEFINITIONAL_REPRESENTATION('',(#1525),#1528);
#1525 = B_SPLINE_CURVE_WITH_KNOTS('',1,(#1526,#1527),.UNSPECIFIED.,.F.,
  .F.,(2,2),(22.277968751703,36.49593097396),.PIECEWISE_BEZIER_KNOTS.);
#1526 = CARTESIAN_POINT('',(-12.0274379792,-7.633328783225));
#1527 = CARTESIAN_POINT('',(2.157229580165,-8.605777231062));
#1528 = ( GEOMETRIC_REPRESENTATION_CONTEXT(2) 
PARAMETRIC_REPRESENTATION_CONTEXT() REPRESENTATION_CONTEXT('2D SPACE',''
  ) );
#1529 = ORIENTED_EDGE('',*,*,#1369,.F.);
#1530 = ORIENTED_EDGE('',*,*,#1531,.T.);
#1531 = EDGE_CURVE('',#1344,#1532,#1534,.T.);
#1532 = VERTEX_POINT('',#1533);
#1533 = CARTESIAN_POINT('',(-45.29195277278,-52.75380367103,
    14.402663988378));
#1534 = SURFACE_CURVE('',#1535,(#1539,#1545),.PCURVE_S1.);
#1535 = LINE('',#1536,#1537);
#1536 = CARTESIAN_POINT('',(-54.51731251666,-52.05645656623,
    10.15863859152));
#1537 = VECTOR('',#1538,1.);
#1538 = DIRECTION('',(0.906342425555,-6.851063632926E-02,0.416952875454)
  );
#1539 = PCURVE('',#977,#1540);
#1540 = DEFINITIONAL_REPRESENTATION('',(#1541),#1544);
#1541 = B_SPLINE_CURVE_WITH_KNOTS('',1,(#1542,#1543),.UNSPECIFIED.,.F.,
  .F.,(2,2),(-0.331415902293,10.432085225694),.PIECEWISE_BEZIER_KNOTS.);
#1542 = CARTESIAN_POINT('',(11.,-11.45191032665));
#1543 = CARTESIAN_POINT('',(3.814618722843,-19.46585145658));
#1544 = ( GEOMETRIC_REPRESENTATION_CONTEXT(2) 
PARAMETRIC_REPRESENTATION_CONTEXT() REPRESENTATION_CONTEXT('2D SPACE',''
  ) );
#1545 = PCURVE('',#1358,#1546);
#1546 = DEFINITIONAL_REPRESENTATION('',(#1547),#1550);
#1547 = B_SPLINE_CURVE_WITH_KNOTS('',1,(#1548,#1549),.UNSPECIFIED.,.F.,
  .F.,(2,2),(-0.331415902293,10.432085225694),.PIECEWISE_BEZIER_KNOTS.);
#1548 = CARTESIAN_POINT('',(-0.203801282441,-2.05434400411));
#1549 = CARTESIAN_POINT('',(-4.047990596052,7.999270522681));
#1550 = ( GEOMETRIC_REPRESENTATION_CONTEXT(2) 
PARAMETRIC_REPRESENTATION_CONTEXT() REPRESENTATION_CONTEXT('2D SPACE',''
  ) );
#1551 = ORIENTED_EDGE('',*,*,#1552,.F.);
#1552 = EDGE_CURVE('',#1553,#1532,#1555,.T.);
#1553 = VERTEX_POINT('',#1554);
#1554 = CARTESIAN_POINT('',(-60.16889722239,-51.629251954,
    19.269490548566));
#1555 = SURFACE_CURVE('',#1556,(#1560,#1566),.PCURVE_S1.);
#1556 = LINE('',#1557,#1558);
#1557 = CARTESIAN_POINT('',(-62.06665404617,-51.48580007099,
    19.890320541313));
#1558 = VECTOR('',#1559,1.);
#1559 = DIRECTION('',(0.94799135475,-7.165888864663E-02,-0.310124805517)
  );
#1560 = PCURVE('',#977,#1561);
#1561 = DEFINITIONAL_REPRESENTATION('',(#1562),#1565);
#1562 = B_SPLINE_CURVE_WITH_KNOTS('',1,(#1563,#1564),.UNSPECIFIED.,.F.,
  .F.,(2,2),(2.001871445629,17.694993935687),.PIECEWISE_BEZIER_KNOTS.);
#1563 = CARTESIAN_POINT('',(3.756633828128,-3.585692767934));
#1564 = CARTESIAN_POINT('',(3.983791434187,-19.27717112116));
#1565 = ( GEOMETRIC_REPRESENTATION_CONTEXT(2) 
PARAMETRIC_REPRESENTATION_CONTEXT() REPRESENTATION_CONTEXT('2D SPACE',''
  ) );
#1566 = PCURVE('',#1567,#1572);
#1567 = PLANE('',#1568);
#1568 = AXIS2_PLACEMENT_3D('',#1569,#1570,#1571);
#1569 = CARTESIAN_POINT('',(-53.23799309248,-28.15007710137,
    36.20458932936));
#1570 = DIRECTION('',(-0.203858876575,0.611576629725,-0.764470787156));
#1571 = DIRECTION('',(-0.948683298051,-0.316227766017,
    -2.775557561563E-17));
#1572 = DEFINITIONAL_REPRESENTATION('',(#1573),#1576);
#1573 = B_SPLINE_CURVE_WITH_KNOTS('',1,(#1574,#1575),.UNSPECIFIED.,.F.,
  .F.,(2,2),(2.001871445629,17.694993935687),.PIECEWISE_BEZIER_KNOTS.);
#1574 = CARTESIAN_POINT('',(14.,-26.26988112903));
#1575 = CARTESIAN_POINT('',(0.242105751879,-33.81934729198));
#1576 = ( GEOMETRIC_REPRESENTATION_CONTEXT(2) 
PARAMETRIC_REPRESENTATION_CONTEXT() REPRESENTATION_CONTEXT('2D SPACE',''
  ) );
#1577 = ORIENTED_EDGE('',*,*,#1578,.F.);
#1578 = EDGE_CURVE('',#1243,#1553,#1579,.T.);
#1579 = SURFACE_CURVE('',#1580,(#1584,#1590),.PCURVE_S1.);
#1580 = LINE('',#1581,#1582);
#1581 = CARTESIAN_POINT('',(-60.16889722239,-51.629251954,
    30.062268797421));
#1582 = VECTOR('',#1583,1.);
#1583 = DIRECTION('',(3.001318000805E-17,-2.268703309742E-18,1.));
#1584 = PCURVE('',#977,#1585);
#1585 = DEFINITIONAL_REPRESENTATION('',(#1586),#1589);
#1586 = B_SPLINE_CURVE_WITH_KNOTS('',1,(#1587,#1588),.UNSPECIFIED.,.F.,
  .F.,(2,2),(-18.3767774677,-10.79277824885),.PIECEWISE_BEZIER_KNOTS.);
#1587 = CARTESIAN_POINT('',(11.,-5.833066936097));
#1588 = CARTESIAN_POINT('',(3.756633828128,-3.585692767934));
#1589 = ( GEOMETRIC_REPRESENTATION_CONTEXT(2) 
PARAMETRIC_REPRESENTATION_CONTEXT() REPRESENTATION_CONTEXT('2D SPACE',''
  ) );
#1590 = PCURVE('',#1280,#1591);
#1591 = DEFINITIONAL_REPRESENTATION('',(#1592),#1595);
#1592 = B_SPLINE_CURVE_WITH_KNOTS('',1,(#1593,#1594),.UNSPECIFIED.,.F.,
  .F.,(2,2),(-18.3767774677,-10.79277824885),.PIECEWISE_BEZIER_KNOTS.);
#1593 = CARTESIAN_POINT('',(5.79774585263,-31.15896971279));
#1594 = CARTESIAN_POINT('',(1.7763568394E-15,-26.26988112903));
#1595 = ( GEOMETRIC_REPRESENTATION_CONTEXT(2) 
PARAMETRIC_REPRESENTATION_CONTEXT() REPRESENTATION_CONTEXT('2D SPACE',''
  ) );
#1596 = ORIENTED_EDGE('',*,*,#1242,.F.);
#1597 = ADVANCED_FACE('',(#1598),#1133,.F.);
#1598 = FACE_BOUND('',#1599,.F.);
#1599 = EDGE_LOOP('',(#1600,#1601,#1622,#1623,#1624,#1645,#1673,#1701,
    #1727,#1746));
#1600 = ORIENTED_EDGE('',*,*,#1444,.T.);
#1601 = ORIENTED_EDGE('',*,*,#1602,.T.);
#1602 = EDGE_CURVE('',#1419,#1470,#1603,.T.);
#1603 = SURFACE_CURVE('',#1604,(#1608,#1615),.PCURVE_S1.);
#1604 = LINE('',#1605,#1606);
#1605 = CARTESIAN_POINT('',(31.366024533632,-49.99016829942,
    -19.7548080895));
#1606 = VECTOR('',#1607,1.);
#1607 = DIRECTION('',(0.500389136772,-0.60641180669,0.617960704663));
#1608 = PCURVE('',#1133,#1609);
#1609 = DEFINITIONAL_REPRESENTATION('',(#1610),#1614);
#1610 = LINE('',#1611,#1612);
#1611 = CARTESIAN_POINT('',(-13.54479472512,1.240377303228));
#1612 = VECTOR('',#1613,1.);
#1613 = DIRECTION('',(0.751728235408,-0.659473016954));
#1614 = ( GEOMETRIC_REPRESENTATION_CONTEXT(2) 
PARAMETRIC_REPRESENTATION_CONTEXT() REPRESENTATION_CONTEXT('2D SPACE',''
  ) );
#1615 = PCURVE('',#1433,#1616);
#1616 = DEFINITIONAL_REPRESENTATION('',(#1617),#1621);
#1617 = LINE('',#1618,#1619);
#1618 = CARTESIAN_POINT('',(0.,0.));
#1619 = VECTOR('',#1620,1.);
#1620 = DIRECTION('',(1.,-5.551115123126E-17));
#1621 = ( GEOMETRIC_REPRESENTATION_CONTEXT(2) 
PARAMETRIC_REPRESENTATION_CONTEXT() REPRESENTATION_CONTEXT('2D SPACE',''
  ) );
#1622 = ORIENTED_EDGE('',*,*,#1469,.T.);
#1623 = ORIENTED_EDGE('',*,*,#1118,.T.);
#1624 = ORIENTED_EDGE('',*,*,#1625,.T.);
#1625 = EDGE_CURVE('',#1093,#1626,#1628,.T.);
#1626 = VERTEX_POINT('',#1627);
#1627 = CARTESIAN_POINT('',(46.57190854561,-59.27819797095,
    -5.58113991676));
#1628 = SURFACE_CURVE('',#1629,(#1633,#1639),.PCURVE_S1.);
#1629 = LINE('',#1630,#1631);
#1630 = CARTESIAN_POINT('',(50.842914327223,-62.2857566942,
    -1.399152232294));
#1631 = VECTOR('',#1632,1.);
#1632 = DIRECTION('',(0.638275091008,-0.449460833338,0.624971893363));
#1633 = PCURVE('',#1133,#1634);
#1634 = DEFINITIONAL_REPRESENTATION('',(#1635),#1638);
#1635 = B_SPLINE_CURVE_WITH_KNOTS('',1,(#1636,#1637),.UNSPECIFIED.,.F.,
  .F.,(2,2),(-12.38942917235,-6.48390673404),.PIECEWISE_BEZIER_KNOTS.);
#1636 = CARTESIAN_POINT('',(1.889067982803,-6.075264604642));
#1637 = CARTESIAN_POINT('',(7.041058488078,-8.961817757269));
#1638 = ( GEOMETRIC_REPRESENTATION_CONTEXT(2) 
PARAMETRIC_REPRESENTATION_CONTEXT() REPRESENTATION_CONTEXT('2D SPACE',''
  ) );
#1639 = PCURVE('',#1107,#1640);
#1640 = DEFINITIONAL_REPRESENTATION('',(#1641),#1644);
#1641 = B_SPLINE_CURVE_WITH_KNOTS('',1,(#1642,#1643),.UNSPECIFIED.,.F.,
  .F.,(2,2),(-12.38942917235,-6.48390673404),.PIECEWISE_BEZIER_KNOTS.);
#1642 = CARTESIAN_POINT('',(4.337768966939,-38.62512858491));
#1643 = CARTESIAN_POINT('',(2.6645352591E-15,-34.61776590369));
#1644 = ( GEOMETRIC_REPRESENTATION_CONTEXT(2) 
PARAMETRIC_REPRESENTATION_CONTEXT() REPRESENTATION_CONTEXT('2D SPACE',''
  ) );
#1645 = ORIENTED_EDGE('',*,*,#1646,.T.);
#1646 = EDGE_CURVE('',#1626,#1647,#1649,.T.);
#1647 = VERTEX_POINT('',#1648);
#1648 = CARTESIAN_POINT('',(53.828238718614,-52.27132134766,
    -4.58097288945));
#1649 = SURFACE_CURVE('',#1650,(#1654,#1661),.PCURVE_S1.);
#1650 = LINE('',#1651,#1652);
#1651 = CARTESIAN_POINT('',(42.374585542619,-63.3312280466,
    -6.159672586921));
#1652 = VECTOR('',#1653,1.);
#1653 = DIRECTION('',(0.7158533235,0.691244168684,9.866873109191E-02));
#1654 = PCURVE('',#1133,#1655);
#1655 = DEFINITIONAL_REPRESENTATION('',(#1656),#1660);
#1656 = LINE('',#1657,#1658);
#1657 = CARTESIAN_POINT('',(2.993226453858,-13.26802906975));
#1658 = VECTOR('',#1659,1.);
#1659 = DIRECTION('',(0.659473016954,0.751728235408));
#1660 = ( GEOMETRIC_REPRESENTATION_CONTEXT(2) 
PARAMETRIC_REPRESENTATION_CONTEXT() REPRESENTATION_CONTEXT('2D SPACE',''
  ) );
#1661 = PCURVE('',#1662,#1667);
#1662 = PLANE('',#1663);
#1663 = AXIS2_PLACEMENT_3D('',#1664,#1665,#1666);
#1664 = CARTESIAN_POINT('',(42.374585542619,-63.3312280466,
    -6.159672586921));
#1665 = DIRECTION('',(0.500389136772,-0.60641180669,0.617960704663));
#1666 = DIRECTION('',(0.7158533235,0.691244168684,9.866873109191E-02));
#1667 = DEFINITIONAL_REPRESENTATION('',(#1668),#1672);
#1668 = LINE('',#1669,#1670);
#1669 = CARTESIAN_POINT('',(0.,0.));
#1670 = VECTOR('',#1671,1.);
#1671 = DIRECTION('',(1.,4.163336342344E-17));
#1672 = ( GEOMETRIC_REPRESENTATION_CONTEXT(2) 
PARAMETRIC_REPRESENTATION_CONTEXT() REPRESENTATION_CONTEXT('2D SPACE',''
  ) );
#1673 = ORIENTED_EDGE('',*,*,#1674,.T.);
#1674 = EDGE_CURVE('',#1647,#1675,#1677,.T.);
#1675 = VERTEX_POINT('',#1676);
#1676 = CARTESIAN_POINT('',(47.820044836218,-44.99010870849,
    -12.00085364319));
#1677 = SURFACE_CURVE('',#1678,(#1682,#1689),.PCURVE_S1.);
#1678 = LINE('',#1679,#1680);
#1679 = CARTESIAN_POINT('',(53.828238718614,-52.27132134766,
    -4.58097288945));
#1680 = VECTOR('',#1681,1.);
#1681 = DIRECTION('',(-0.500389136772,0.60641180669,-0.617960704663));
#1682 = PCURVE('',#1133,#1683);
#1683 = DEFINITIONAL_REPRESENTATION('',(#1684),#1688);
#1684 = LINE('',#1685,#1686);
#1685 = CARTESIAN_POINT('',(13.54479472512,-1.240377303228));
#1686 = VECTOR('',#1687,1.);
#1687 = DIRECTION('',(-0.751728235408,0.659473016954));
#1688 = ( GEOMETRIC_REPRESENTATION_CONTEXT(2) 
PARAMETRIC_REPRESENTATION_CONTEXT() REPRESENTATION_CONTEXT('2D SPACE',''
  ) );
#1689 = PCURVE('',#1690,#1695);
#1690 = PLANE('',#1691);
#1691 = AXIS2_PLACEMENT_3D('',#1692,#1693,#1694);
#1692 = CARTESIAN_POINT('',(53.828238718614,-52.27132134766,
    -4.58097288945));
#1693 = DIRECTION('',(0.7158533235,0.691244168684,9.866873109191E-02));
#1694 = DIRECTION('',(-0.500389136772,0.60641180669,-0.617960704663));
#1695 = DEFINITIONAL_REPRESENTATION('',(#1696),#1700);
#1696 = LINE('',#1697,#1698);
#1697 = CARTESIAN_POINT('',(0.,0.));
#1698 = VECTOR('',#1699,1.);
#1699 = DIRECTION('',(1.,5.551115123126E-17));
#1700 = ( GEOMETRIC_REPRESENTATION_CONTEXT(2) 
PARAMETRIC_REPRESENTATION_CONTEXT() REPRESENTATION_CONTEXT('2D SPACE',''
  ) );
#1701 = ORIENTED_EDGE('',*,*,#1702,.T.);
#1702 = EDGE_CURVE('',#1675,#1703,#1705,.T.);
#1703 = VERTEX_POINT('',#1704);
#1704 = CARTESIAN_POINT('',(45.327807416026,-43.23512386961,
    -14.44114680385));
#1705 = SURFACE_CURVE('',#1706,(#1710,#1716),.PCURVE_S1.);
#1706 = LINE('',#1707,#1708);
#1707 = CARTESIAN_POINT('',(54.960563059941,-50.01832196091,
    -5.009161100686));
#1708 = VECTOR('',#1709,1.);
#1709 = DIRECTION('',(-0.638275091008,0.449460833338,-0.624971893363));
#1710 = PCURVE('',#1133,#1711);
#1711 = DEFINITIONAL_REPRESENTATION('',(#1712),#1715);
#1712 = B_SPLINE_CURVE_WITH_KNOTS('',1,(#1713,#1714),.UNSPECIFIED.,.F.,
  .F.,(2,2),(0.841027136977,15.091855815172),.PIECEWISE_BEZIER_KNOTS.);
#1713 = CARTESIAN_POINT('',(13.54479472512,1.62084482273));
#1714 = CARTESIAN_POINT('',(1.112341066817,8.586490094304));
#1715 = ( GEOMETRIC_REPRESENTATION_CONTEXT(2) 
PARAMETRIC_REPRESENTATION_CONTEXT() REPRESENTATION_CONTEXT('2D SPACE',''
  ) );
#1716 = PCURVE('',#1717,#1722);
#1717 = PLANE('',#1718);
#1718 = AXIS2_PLACEMENT_3D('',#1719,#1720,#1721);
#1719 = CARTESIAN_POINT('',(57.996253296918,-34.34665043012,
    22.146430600174));
#1720 = DIRECTION('',(-0.753938196477,-0.528980405127,0.389559914372));
#1721 = DIRECTION('',(0.574353701096,-0.818607247731,0.));
#1722 = DEFINITIONAL_REPRESENTATION('',(#1723),#1726);
#1723 = B_SPLINE_CURVE_WITH_KNOTS('',1,(#1724,#1725),.UNSPECIFIED.,.F.,
  .F.,(2,2),(0.841027136977,15.091855815172),.PIECEWISE_BEZIER_KNOTS.);
#1724 = CARTESIAN_POINT('',(10.46762636823,-30.05556590274));
#1725 = CARTESIAN_POINT('',(-3.552713678801E-15,-39.7258769748));
#1726 = ( GEOMETRIC_REPRESENTATION_CONTEXT(2) 
PARAMETRIC_REPRESENTATION_CONTEXT() REPRESENTATION_CONTEXT('2D SPACE',''
  ) );
#1727 = ORIENTED_EDGE('',*,*,#1728,.T.);
#1728 = EDGE_CURVE('',#1703,#1196,#1729,.T.);
#1729 = SURFACE_CURVE('',#1730,(#1734,#1740),.PCURVE_S1.);
#1730 = LINE('',#1731,#1732);
#1731 = CARTESIAN_POINT('',(48.503680513661,-41.00685815013,
    -13.58096504642));
#1732 = VECTOR('',#1733,1.);
#1733 = DIRECTION('',(-0.799198897645,-0.560736355617,-0.216462147943));
#1734 = PCURVE('',#1133,#1735);
#1735 = DEFINITIONAL_REPRESENTATION('',(#1736),#1739);
#1736 = B_SPLINE_CURVE_WITH_KNOTS('',1,(#1737,#1738),.UNSPECIFIED.,.F.,
  .F.,(2,2),(3.973820668413,8.842413036647),.PIECEWISE_BEZIER_KNOTS.);
#1737 = CARTESIAN_POINT('',(1.112341066817,8.586490094304));
#1738 = CARTESIAN_POINT('',(-2.746284230748,5.61761784023));
#1739 = ( GEOMETRIC_REPRESENTATION_CONTEXT(2) 
PARAMETRIC_REPRESENTATION_CONTEXT() REPRESENTATION_CONTEXT('2D SPACE',''
  ) );
#1740 = PCURVE('',#1081,#1741);
#1741 = DEFINITIONAL_REPRESENTATION('',(#1742),#1745);
#1742 = B_SPLINE_CURVE_WITH_KNOTS('',1,(#1743,#1744),.UNSPECIFIED.,.F.,
  .F.,(2,2),(3.973820668413,8.842413036647),.PIECEWISE_BEZIER_KNOTS.);
#1743 = CARTESIAN_POINT('',(11.,-39.7258769748));
#1744 = CARTESIAN_POINT('',(7.032875492311,-42.54813046953));
#1745 = ( GEOMETRIC_REPRESENTATION_CONTEXT(2) 
PARAMETRIC_REPRESENTATION_CONTEXT() REPRESENTATION_CONTEXT('2D SPACE',''
  ) );
#1746 = ORIENTED_EDGE('',*,*,#1195,.T.);
#1747 = ADVANCED_FACE('',(#1748),#1107,.F.);
#1748 = FACE_BOUND('',#1749,.F.);
#1749 = EDGE_LOOP('',(#1750,#1778,#1804,#1832,#1851,#1852,#1853));
#1750 = ORIENTED_EDGE('',*,*,#1751,.F.);
#1751 = EDGE_CURVE('',#1752,#1754,#1756,.T.);
#1752 = VERTEX_POINT('',#1753);
#1753 = CARTESIAN_POINT('',(46.490906947873,-48.3913355352,
    9.045279519909));
#1754 = VERTEX_POINT('',#1755);
#1755 = CARTESIAN_POINT('',(49.089379338452,-40.59591836346,
    24.659592741003));
#1756 = SURFACE_CURVE('',#1757,(#1761,#1767),.PCURVE_S1.);
#1757 = LINE('',#1758,#1759);
#1758 = CARTESIAN_POINT('',(50.142036202893,-37.43794777014,
    30.985045362829));
#1759 = VECTOR('',#1760,1.);
#1760 = DIRECTION('',(0.147268362797,0.441805088392,0.884940841633));
#1761 = PCURVE('',#1107,#1762);
#1762 = DEFINITIONAL_REPRESENTATION('',(#1763),#1766);
#1763 = B_SPLINE_CURVE_WITH_KNOTS('',1,(#1764,#1765),.UNSPECIFIED.,.F.,
  .F.,(2,2),(-24.79235312774,-7.147881897004),.PIECEWISE_BEZIER_KNOTS.);
#1764 = CARTESIAN_POINT('',(9.11105723886,-18.87762094699));
#1765 = CARTESIAN_POINT('',(14.,-1.923989958599));
#1766 = ( GEOMETRIC_REPRESENTATION_CONTEXT(2) 
PARAMETRIC_REPRESENTATION_CONTEXT() REPRESENTATION_CONTEXT('2D SPACE',''
  ) );
#1767 = PCURVE('',#1768,#1773);
#1768 = PLANE('',#1769);
#1769 = AXIS2_PLACEMENT_3D('',#1770,#1771,#1772);
#1770 = CARTESIAN_POINT('',(53.237993092484,-28.15007710137,
    36.20458932936));
#1771 = DIRECTION('',(0.948683298051,-0.316227766017,2.775557561563E-17)
  );
#1772 = DIRECTION('',(0.203858876575,0.611576629725,-0.764470787156));
#1773 = DEFINITIONAL_REPRESENTATION('',(#1774),#1777);
#1774 = B_SPLINE_CURVE_WITH_KNOTS('',1,(#1775,#1776),.UNSPECIFIED.,.F.,
  .F.,(2,2),(-24.79235312774,-7.147881897004),.PIECEWISE_BEZIER_KNOTS.);
#1775 = CARTESIAN_POINT('',(7.007964932704,-33.81934729198));
#1776 = CARTESIAN_POINT('',(0.368495237212,-17.471723392));
#1777 = ( GEOMETRIC_REPRESENTATION_CONTEXT(2) 
PARAMETRIC_REPRESENTATION_CONTEXT() REPRESENTATION_CONTEXT('2D SPACE',''
  ) );
#1778 = ORIENTED_EDGE('',*,*,#1779,.T.);
#1779 = EDGE_CURVE('',#1752,#1780,#1782,.T.);
#1780 = VERTEX_POINT('',#1781);
#1781 = CARTESIAN_POINT('',(53.310168518456,-54.73673393162,
    13.62662962692));
#1782 = SURFACE_CURVE('',#1783,(#1787,#1793),.PCURVE_S1.);
#1783 = LINE('',#1784,#1785);
#1784 = CARTESIAN_POINT('',(54.252245045411,-55.61334657092,
    14.259540148523));
#1785 = VECTOR('',#1786,1.);
#1786 = DIRECTION('',(0.656928759254,-0.611279484206,0.441341135012));
#1787 = PCURVE('',#1107,#1788);
#1788 = DEFINITIONAL_REPRESENTATION('',(#1789),#1792);
#1789 = B_SPLINE_CURVE_WITH_KNOTS('',1,(#1790,#1791),.UNSPECIFIED.,.F.,
  .F.,(2,2),(-13.98930070627,-1.434061933939),.PIECEWISE_BEZIER_KNOTS.);
#1790 = CARTESIAN_POINT('',(11.019824477564,-19.91974043694));
#1791 = CARTESIAN_POINT('',(-2.22044604925E-16,-13.90330551966));
#1792 = ( GEOMETRIC_REPRESENTATION_CONTEXT(2) 
PARAMETRIC_REPRESENTATION_CONTEXT() REPRESENTATION_CONTEXT('2D SPACE',''
  ) );
#1793 = PCURVE('',#1794,#1799);
#1794 = PLANE('',#1795);
#1795 = AXIS2_PLACEMENT_3D('',#1796,#1797,#1798);
#1796 = CARTESIAN_POINT('',(52.824277997131,-51.5271660086,
    10.198074659017));
#1797 = DIRECTION('',(-0.241746889208,-0.725240667623,-0.64465837122));
#1798 = DIRECTION('',(0.,0.66436383883,-0.747409318684));
#1799 = DEFINITIONAL_REPRESENTATION('',(#1800),#1803);
#1800 = B_SPLINE_CURVE_WITH_KNOTS('',1,(#1801,#1802),.UNSPECIFIED.,.F.,
  .F.,(2,2),(-13.98930070627,-1.434061933939),.PIECEWISE_BEZIER_KNOTS.);
#1801 = CARTESIAN_POINT('',(4.545480298679,-7.999270522681));
#1802 = CARTESIAN_POINT('',(-4.694854798954,0.500742883998));
#1803 = ( GEOMETRIC_REPRESENTATION_CONTEXT(2) 
PARAMETRIC_REPRESENTATION_CONTEXT() REPRESENTATION_CONTEXT('2D SPACE',''
  ) );
#1804 = ORIENTED_EDGE('',*,*,#1805,.T.);
#1805 = EDGE_CURVE('',#1780,#1806,#1808,.T.);
#1806 = VERTEX_POINT('',#1807);
#1807 = CARTESIAN_POINT('',(46.5952160953,-59.4480992263,-5.766739051169
    ));
#1808 = SURFACE_CURVE('',#1809,(#1813,#1820),.PCURVE_S1.);
#1809 = LINE('',#1810,#1811);
#1810 = CARTESIAN_POINT('',(57.743884951023,-51.62593635474,
    26.431589658263));
#1811 = VECTOR('',#1812,1.);
#1812 = DIRECTION('',(-0.31889656933,-0.223745178618,-0.921001125469));
#1813 = PCURVE('',#1107,#1814);
#1814 = DEFINITIONAL_REPRESENTATION('',(#1815),#1819);
#1815 = LINE('',#1816,#1817);
#1816 = CARTESIAN_POINT('',(0.,0.));
#1817 = VECTOR('',#1818,1.);
#1818 = DIRECTION('',(2.775557561563E-17,-1.));
#1819 = ( GEOMETRIC_REPRESENTATION_CONTEXT(2) 
PARAMETRIC_REPRESENTATION_CONTEXT() REPRESENTATION_CONTEXT('2D SPACE',''
  ) );
#1820 = PCURVE('',#1821,#1826);
#1821 = PLANE('',#1822);
#1822 = AXIS2_PLACEMENT_3D('',#1823,#1824,#1825);
#1823 = CARTESIAN_POINT('',(66.037205112266,-45.80715189835,
    22.146430600174));
#1824 = DIRECTION('',(-0.574353701096,0.818607247731,0.));
#1825 = DIRECTION('',(-0.753938196477,-0.528980405127,0.389559914372));
#1826 = DEFINITIONAL_REPRESENTATION('',(#1827),#1831);
#1827 = LINE('',#1828,#1829);
#1828 = CARTESIAN_POINT('',(11.,-4.440892098501E-16));
#1829 = VECTOR('',#1830,1.);
#1830 = DIRECTION('',(5.551115123126E-17,-1.));
#1831 = ( GEOMETRIC_REPRESENTATION_CONTEXT(2) 
PARAMETRIC_REPRESENTATION_CONTEXT() REPRESENTATION_CONTEXT('2D SPACE',''
  ) );
#1832 = ORIENTED_EDGE('',*,*,#1833,.F.);
#1833 = EDGE_CURVE('',#1626,#1806,#1834,.T.);
#1834 = SURFACE_CURVE('',#1835,(#1839,#1845),.PCURVE_S1.);
#1835 = LINE('',#1836,#1837);
#1836 = CARTESIAN_POINT('',(45.425248157384,-50.91957417707,3.5497716696
    ));
#1837 = VECTOR('',#1838,1.);
#1838 = DIRECTION('',(9.223448451597E-02,-0.672346725157,-0.734467617419
    ));
#1839 = PCURVE('',#1107,#1840);
#1840 = DEFINITIONAL_REPRESENTATION('',(#1841),#1844);
#1841 = B_SPLINE_CURVE_WITH_KNOTS('',1,(#1842,#1843),.UNSPECIFIED.,.F.,
  .F.,(2,2),(12.432013842151,12.684712708661),.PIECEWISE_BEZIER_KNOTS.);
#1842 = CARTESIAN_POINT('',(0.152469176455,-34.75862155839));
#1843 = CARTESIAN_POINT('',(1.7763568394E-15,-34.96014045916));
#1844 = ( GEOMETRIC_REPRESENTATION_CONTEXT(2) 
PARAMETRIC_REPRESENTATION_CONTEXT() REPRESENTATION_CONTEXT('2D SPACE',''
  ) );
#1845 = PCURVE('',#1662,#1846);
#1846 = DEFINITIONAL_REPRESENTATION('',(#1847),#1850);
#1847 = B_SPLINE_CURVE_WITH_KNOTS('',1,(#1848,#1849),.UNSPECIFIED.,.F.,
  .F.,(2,2),(12.432013842151,12.684712708661),.PIECEWISE_BEZIER_KNOTS.);
#1848 = CARTESIAN_POINT('',(5.863384111246,-1.7763568394E-15));
#1849 = CARTESIAN_POINT('',(5.744312815058,-0.222887288914));
#1850 = ( GEOMETRIC_REPRESENTATION_CONTEXT(2) 
PARAMETRIC_REPRESENTATION_CONTEXT() REPRESENTATION_CONTEXT('2D SPACE',''
  ) );
#1851 = ORIENTED_EDGE('',*,*,#1625,.F.);
#1852 = ORIENTED_EDGE('',*,*,#1092,.T.);
#1853 = ORIENTED_EDGE('',*,*,#1854,.F.);
#1854 = EDGE_CURVE('',#1754,#1067,#1855,.T.);
#1855 = SURFACE_CURVE('',#1856,(#1860,#1867),.PCURVE_S1.);
#1856 = LINE('',#1857,#1858);
#1857 = CARTESIAN_POINT('',(49.702933135674,-40.16543488652,
    26.431589658263));
#1858 = VECTOR('',#1859,1.);
#1859 = DIRECTION('',(-0.31889656933,-0.223745178618,-0.921001125469));
#1860 = PCURVE('',#1107,#1861);
#1861 = DEFINITIONAL_REPRESENTATION('',(#1862),#1866);
#1862 = LINE('',#1863,#1864);
#1863 = CARTESIAN_POINT('',(14.,-8.881784197001E-16));
#1864 = VECTOR('',#1865,1.);
#1865 = DIRECTION('',(2.775557561563E-17,-1.));
#1866 = ( GEOMETRIC_REPRESENTATION_CONTEXT(2) 
PARAMETRIC_REPRESENTATION_CONTEXT() REPRESENTATION_CONTEXT('2D SPACE',''
  ) );
#1867 = PCURVE('',#1081,#1868);
#1868 = DEFINITIONAL_REPRESENTATION('',(#1869),#1873);
#1869 = LINE('',#1870,#1871);
#1870 = CARTESIAN_POINT('',(0.,0.));
#1871 = VECTOR('',#1872,1.);
#1872 = DIRECTION('',(-5.551115123126E-17,-1.));
#1873 = ( GEOMETRIC_REPRESENTATION_CONTEXT(2) 
PARAMETRIC_REPRESENTATION_CONTEXT() REPRESENTATION_CONTEXT('2D SPACE',''
  ) );
#1874 = ADVANCED_FACE('',(#1875),#1081,.F.);
#1875 = FACE_BOUND('',#1876,.F.);
#1876 = EDGE_LOOP('',(#1877,#1898,#1899,#1900,#1901,#1902,#1925));
#1877 = ORIENTED_EDGE('',*,*,#1878,.F.);
#1878 = EDGE_CURVE('',#1754,#1879,#1881,.T.);
#1879 = VERTEX_POINT('',#1880);
#1880 = CARTESIAN_POINT('',(49.089379338452,-40.59591836346,
    10.752580280353));
#1881 = SURFACE_CURVE('',#1882,(#1886,#1892),.PCURVE_S1.);
#1882 = LINE('',#1883,#1884);
#1883 = CARTESIAN_POINT('',(49.089379338452,-40.59591836346,
    31.318089493812));
#1884 = VECTOR('',#1885,1.);
#1885 = DIRECTION('',(3.818818149777E-17,2.67937077789E-17,-1.));
#1886 = PCURVE('',#1081,#1887);
#1887 = DEFINITIONAL_REPRESENTATION('',(#1888),#1891);
#1888 = B_SPLINE_CURVE_WITH_KNOTS('',1,(#1889,#1890),.UNSPECIFIED.,.F.,
  .F.,(2,2),(6.658496752809,20.565509213459),.PIECEWISE_BEZIER_KNOTS.);
#1889 = CARTESIAN_POINT('',(-1.7763568394E-15,-1.923989958599));
#1890 = CARTESIAN_POINT('',(5.417614583338,-14.73236408676));
#1891 = ( GEOMETRIC_REPRESENTATION_CONTEXT(2) 
PARAMETRIC_REPRESENTATION_CONTEXT() REPRESENTATION_CONTEXT('2D SPACE',''
  ) );
#1892 = PCURVE('',#1768,#1893);
#1893 = DEFINITIONAL_REPRESENTATION('',(#1894),#1897);
#1894 = B_SPLINE_CURVE_WITH_KNOTS('',1,(#1895,#1896),.UNSPECIFIED.,.F.,
  .F.,(2,2),(6.658496752809,20.565509213459),.PIECEWISE_BEZIER_KNOTS.);
#1895 = CARTESIAN_POINT('',(0.368495237212,-17.471723392));
#1896 = CARTESIAN_POINT('',(11.,-26.43699539342));
#1897 = ( GEOMETRIC_REPRESENTATION_CONTEXT(2) 
PARAMETRIC_REPRESENTATION_CONTEXT() REPRESENTATION_CONTEXT('2D SPACE',''
  ) );
#1898 = ORIENTED_EDGE('',*,*,#1854,.T.);
#1899 = ORIENTED_EDGE('',*,*,#1066,.T.);
#1900 = ORIENTED_EDGE('',*,*,#1216,.T.);
#1901 = ORIENTED_EDGE('',*,*,#1728,.F.);
#1902 = ORIENTED_EDGE('',*,*,#1903,.F.);
#1903 = EDGE_CURVE('',#1904,#1703,#1906,.T.);
#1904 = VERTEX_POINT('',#1905);
#1905 = CARTESIAN_POINT('',(56.045267276706,-35.7155071616,
    16.511812692042));
#1906 = SURFACE_CURVE('',#1907,(#1911,#1918),.PCURVE_S1.);
#1907 = LINE('',#1908,#1909);
#1908 = CARTESIAN_POINT('',(57.996253296918,-34.34665043012,
    22.146430600174));
#1909 = VECTOR('',#1910,1.);
#1910 = DIRECTION('',(-0.31889656933,-0.223745178618,-0.921001125469));
#1911 = PCURVE('',#1081,#1912);
#1912 = DEFINITIONAL_REPRESENTATION('',(#1913),#1917);
#1913 = LINE('',#1914,#1915);
#1914 = CARTESIAN_POINT('',(11.,4.440892098501E-16));
#1915 = VECTOR('',#1916,1.);
#1916 = DIRECTION('',(-5.551115123126E-17,-1.));
#1917 = ( GEOMETRIC_REPRESENTATION_CONTEXT(2) 
PARAMETRIC_REPRESENTATION_CONTEXT() REPRESENTATION_CONTEXT('2D SPACE',''
  ) );
#1918 = PCURVE('',#1717,#1919);
#1919 = DEFINITIONAL_REPRESENTATION('',(#1920),#1924);
#1920 = LINE('',#1921,#1922);
#1921 = CARTESIAN_POINT('',(0.,0.));
#1922 = VECTOR('',#1923,1.);
#1923 = DIRECTION('',(-2.775557561563E-17,-1.));
#1924 = ( GEOMETRIC_REPRESENTATION_CONTEXT(2) 
PARAMETRIC_REPRESENTATION_CONTEXT() REPRESENTATION_CONTEXT('2D SPACE',''
  ) );
#1925 = ORIENTED_EDGE('',*,*,#1926,.F.);
#1926 = EDGE_CURVE('',#1879,#1904,#1927,.T.);
#1927 = SURFACE_CURVE('',#1928,(#1932,#1938),.PCURVE_S1.);
#1928 = LINE('',#1929,#1930);
#1929 = CARTESIAN_POINT('',(60.075585007438,-32.88774340596,
    19.848775091419));
#1930 = VECTOR('',#1931,1.);
#1931 = DIRECTION('',(0.677627301966,0.475438923766,0.56105175287));
#1932 = PCURVE('',#1081,#1933);
#1933 = DEFINITIONAL_REPRESENTATION('',(#1934),#1937);
#1934 = B_SPLINE_CURVE_WITH_KNOTS('',1,(#1935,#1936),.UNSPECIFIED.,.F.,
  .F.,(2,2),(-16.21275535551,-5.947690890021),.PIECEWISE_BEZIER_KNOTS.);
#1935 = CARTESIAN_POINT('',(5.417614583338,-14.73236408676));
#1936 = CARTESIAN_POINT('',(11.,-6.11792727752));
#1937 = ( GEOMETRIC_REPRESENTATION_CONTEXT(2) 
PARAMETRIC_REPRESENTATION_CONTEXT() REPRESENTATION_CONTEXT('2D SPACE',''
  ) );
#1938 = PCURVE('',#1939,#1944);
#1939 = PLANE('',#1940);
#1940 = AXIS2_PLACEMENT_3D('',#1941,#1942,#1943);
#1941 = CARTESIAN_POINT('',(55.480440734809,-21.42273417439,
    27.79541067064));
#1942 = DIRECTION('',(-0.203858876575,-0.611576629725,0.764470787156));
#1943 = DIRECTION('',(0.948683298051,-0.316227766017,-2.775557561563E-17
    ));
#1944 = DEFINITIONAL_REPRESENTATION('',(#1945),#1948);
#1945 = B_SPLINE_CURVE_WITH_KNOTS('',1,(#1946,#1947),.UNSPECIFIED.,.F.,
  .F.,(2,2),(-16.21275535551,-5.947690890021),.PIECEWISE_BEZIER_KNOTS.);
#1946 = CARTESIAN_POINT('',(8.881784197001E-16,-26.43699539342));
#1947 = CARTESIAN_POINT('',(5.055613178525,-17.50322105837));
#1948 = ( GEOMETRIC_REPRESENTATION_CONTEXT(2) 
PARAMETRIC_REPRESENTATION_CONTEXT() REPRESENTATION_CONTEXT('2D SPACE',''
  ) );
#1949 = ADVANCED_FACE('',(#1950),#1433,.F.);
#1950 = FACE_BOUND('',#1951,.F.);
#1951 = EDGE_LOOP('',(#1952,#1973,#2001,#2027,#2053,#2081,#2107,#2128,
    #2151,#2170,#2171,#2172));
#1952 = ORIENTED_EDGE('',*,*,#1953,.F.);
#1953 = EDGE_CURVE('',#1954,#1393,#1956,.T.);
#1954 = VERTEX_POINT('',#1955);
#1955 = CARTESIAN_POINT('',(31.853020150691,-50.38316476247,
    -20.5348010696));
#1956 = SURFACE_CURVE('',#1957,(#1961,#1967),.PCURVE_S1.);
#1957 = LINE('',#1958,#1959);
#1958 = CARTESIAN_POINT('',(34.605160402938,-53.71842969926,
    -17.13601719395));
#1959 = VECTOR('',#1960,1.);
#1960 = DIRECTION('',(0.500389136772,-0.60641180669,0.617960704663));
#1961 = PCURVE('',#1433,#1962);
#1962 = DEFINITIONAL_REPRESENTATION('',(#1963),#1966);
#1963 = B_SPLINE_CURVE_WITH_KNOTS('',1,(#1964,#1965),.UNSPECIFIED.,.F.,
  .F.,(2,2),(-5.5,16.5),.PIECEWISE_BEZIER_KNOTS.);
#1964 = CARTESIAN_POINT('',(-3.552713678801E-15,-1.));
#1965 = CARTESIAN_POINT('',(22.,-1.));
#1966 = ( GEOMETRIC_REPRESENTATION_CONTEXT(2) 
PARAMETRIC_REPRESENTATION_CONTEXT() REPRESENTATION_CONTEXT('2D SPACE',''
  ) );
#1967 = PCURVE('',#1407,#1968);
#1968 = DEFINITIONAL_REPRESENTATION('',(#1969),#1972);
#1969 = B_SPLINE_CURVE_WITH_KNOTS('',1,(#1970,#1971),.UNSPECIFIED.,.F.,
  .F.,(2,2),(-5.5,16.5),.PIECEWISE_BEZIER_KNOTS.);
#1970 = CARTESIAN_POINT('',(-13.54479472512,1.240377303228));
#1971 = CARTESIAN_POINT('',(2.993226453858,-13.26802906975));
#1972 = ( GEOMETRIC_REPRESENTATION_CONTEXT(2) 
PARAMETRIC_REPRESENTATION_CONTEXT() REPRESENTATION_CONTEXT('2D SPACE',''
  ) );
#1973 = ORIENTED_EDGE('',*,*,#1974,.T.);
#1974 = EDGE_CURVE('',#1954,#1975,#1977,.T.);
#1975 = VERTEX_POINT('',#1976);
#1976 = CARTESIAN_POINT('',(34.287998235987,-52.34814707771,
    -24.43476597007));
#1977 = SURFACE_CURVE('',#1978,(#1982,#1989),.PCURVE_S1.);
#1978 = LINE('',#1979,#1980);
#1979 = CARTESIAN_POINT('',(31.366024533632,-49.99016829942,
    -19.7548080895));
#1980 = VECTOR('',#1981,1.);
#1981 = DIRECTION('',(0.486995617059,-0.392996463048,-0.779992980095));
#1982 = PCURVE('',#1433,#1983);
#1983 = DEFINITIONAL_REPRESENTATION('',(#1984),#1988);
#1984 = LINE('',#1985,#1986);
#1985 = CARTESIAN_POINT('',(0.,0.));
#1986 = VECTOR('',#1987,1.);
#1987 = DIRECTION('',(-1.665334536938E-16,-1.));
#1988 = ( GEOMETRIC_REPRESENTATION_CONTEXT(2) 
PARAMETRIC_REPRESENTATION_CONTEXT() REPRESENTATION_CONTEXT('2D SPACE',''
  ) );
#1989 = PCURVE('',#1990,#1995);
#1990 = PLANE('',#1991);
#1991 = AXIS2_PLACEMENT_3D('',#1992,#1993,#1994);
#1992 = CARTESIAN_POINT('',(42.819677709627,-38.93026160048,
    -18.17610839203));
#1993 = DIRECTION('',(-0.500389136772,0.60641180669,-0.617960704663));
#1994 = DIRECTION('',(-0.7158533235,-0.691244168684,-9.866873109191E-02)
  );
#1995 = DEFINITIONAL_REPRESENTATION('',(#1996),#2000);
#1996 = LINE('',#1997,#1998);
#1997 = CARTESIAN_POINT('',(16.,2.886579864025E-15));
#1998 = VECTOR('',#1999,1.);
#1999 = DIRECTION('',(-6.938893903907E-17,-1.));
#2000 = ( GEOMETRIC_REPRESENTATION_CONTEXT(2) 
PARAMETRIC_REPRESENTATION_CONTEXT() REPRESENTATION_CONTEXT('2D SPACE',''
  ) );
#2001 = ORIENTED_EDGE('',*,*,#2002,.T.);
#2002 = EDGE_CURVE('',#1975,#2003,#2005,.T.);
#2003 = VERTEX_POINT('',#2004);
#2004 = CARTESIAN_POINT('',(38.662681255421,-57.64973985533,
    -19.03220623665));
#2005 = SURFACE_CURVE('',#2006,(#2010,#2016),.PCURVE_S1.);
#2006 = LINE('',#2007,#2008);
#2007 = CARTESIAN_POINT('',(37.040138488234,-55.6834120145,
    -21.03598209442));
#2008 = VECTOR('',#2009,1.);
#2009 = DIRECTION('',(0.500389136772,-0.60641180669,0.617960704663));
#2010 = PCURVE('',#1433,#2011);
#2011 = DEFINITIONAL_REPRESENTATION('',(#2012),#2015);
#2012 = B_SPLINE_CURVE_WITH_KNOTS('',1,(#2013,#2014),.UNSPECIFIED.,.F.,
  .F.,(2,2),(-5.5,16.5),.PIECEWISE_BEZIER_KNOTS.);
#2013 = CARTESIAN_POINT('',(-3.552713678801E-15,-6.));
#2014 = CARTESIAN_POINT('',(22.,-6.));
#2015 = ( GEOMETRIC_REPRESENTATION_CONTEXT(2) 
PARAMETRIC_REPRESENTATION_CONTEXT() REPRESENTATION_CONTEXT('2D SPACE',''
  ) );
#2016 = PCURVE('',#2017,#2022);
#2017 = PLANE('',#2018);
#2018 = AXIS2_PLACEMENT_3D('',#2019,#2020,#2021);
#2019 = CARTESIAN_POINT('',(45.519105328478,-53.48872360183,
    -16.84784837004));
#2020 = DIRECTION('',(-0.486995617059,0.392996463048,0.779992980095));
#2021 = DIRECTION('',(0.848242593748,2.775557561563E-17,0.52960787584));
#2022 = DEFINITIONAL_REPRESENTATION('',(#2023),#2026);
#2023 = B_SPLINE_CURVE_WITH_KNOTS('',1,(#2024,#2025),.UNSPECIFIED.,.F.,
  .F.,(2,2),(-5.5,16.5),.PIECEWISE_BEZIER_KNOTS.);
#2024 = CARTESIAN_POINT('',(-13.54479472512,1.240377303228));
#2025 = CARTESIAN_POINT('',(2.993226453858,-13.26802906975));
#2026 = ( GEOMETRIC_REPRESENTATION_CONTEXT(2) 
PARAMETRIC_REPRESENTATION_CONTEXT() REPRESENTATION_CONTEXT('2D SPACE',''
  ) );
#2027 = ORIENTED_EDGE('',*,*,#2028,.T.);
#2028 = EDGE_CURVE('',#2003,#2029,#2031,.T.);
#2029 = VERTEX_POINT('',#2030);
#2030 = CARTESIAN_POINT('',(39.543991895405,-58.52059898142,
    -19.32523582861));
#2031 = SURFACE_CURVE('',#2032,(#2036,#2042),.PCURVE_S1.);
#2032 = LINE('',#2033,#2034);
#2033 = CARTESIAN_POINT('',(6.040304610484,-25.41423386325,
    -8.185495345506));
#2034 = VECTOR('',#2035,1.);
#2035 = DIRECTION('',(0.692215740604,-0.68400671407,-0.230156867305));
#2036 = PCURVE('',#1433,#2037);
#2037 = DEFINITIONAL_REPRESENTATION('',(#2038),#2041);
#2038 = B_SPLINE_CURVE_WITH_KNOTS('',1,(#2039,#2040),.UNSPECIFIED.,.F.,
  .F.,(2,2),(46.213123045822,48.400643498348),.PIECEWISE_BEZIER_KNOTS.);
#2039 = CARTESIAN_POINT('',(8.176636781766,-5.281836141046));
#2040 = CARTESIAN_POINT('',(9.530578687464,-7.));
#2041 = ( GEOMETRIC_REPRESENTATION_CONTEXT(2) 
PARAMETRIC_REPRESENTATION_CONTEXT() REPRESENTATION_CONTEXT('2D SPACE',''
  ) );
#2042 = PCURVE('',#2043,#2048);
#2043 = PLANE('',#2044);
#2044 = AXIS2_PLACEMENT_3D('',#2045,#2046,#2047);
#2045 = CARTESIAN_POINT('',(-65.7241253525,-51.20933095789,
    13.414009961515));
#2046 = DIRECTION('',(0.295488023008,-2.233600890038E-02,0.955085300361)
  );
#2047 = DIRECTION('',(7.537519851053E-02,0.997155243405,0.));
#2048 = DEFINITIONAL_REPRESENTATION('',(#2049),#2052);
#2049 = B_SPLINE_CURVE_WITH_KNOTS('',1,(#2050,#2051),.UNSPECIFIED.,.F.,
  .F.,(2,2),(46.213123045822,48.400643498348),.PIECEWISE_BEZIER_KNOTS.);
#2050 = CARTESIAN_POINT('',(2.022022270967,-108.7829878202));
#2051 = CARTESIAN_POINT('',(0.644135988794,-110.4820096339));
#2052 = ( GEOMETRIC_REPRESENTATION_CONTEXT(2) 
PARAMETRIC_REPRESENTATION_CONTEXT() REPRESENTATION_CONTEXT('2D SPACE',''
  ) );
#2053 = ORIENTED_EDGE('',*,*,#2054,.T.);
#2054 = EDGE_CURVE('',#2029,#2055,#2057,.T.);
#2055 = VERTEX_POINT('',#2056);
#2056 = CARTESIAN_POINT('',(40.112485422791,-59.2095451669,
    -18.62316890717));
#2057 = SURFACE_CURVE('',#2058,(#2062,#2069),.PCURVE_S1.);
#2058 = LINE('',#2059,#2060);
#2059 = CARTESIAN_POINT('',(34.774993853046,-52.74114354076,
    -25.21475895017));
#2060 = VECTOR('',#2061,1.);
#2061 = DIRECTION('',(0.500389136772,-0.60641180669,0.617960704663));
#2062 = PCURVE('',#1433,#2063);
#2063 = DEFINITIONAL_REPRESENTATION('',(#2064),#2068);
#2064 = LINE('',#2065,#2066);
#2065 = CARTESIAN_POINT('',(-3.10862446895E-15,-7.));
#2066 = VECTOR('',#2067,1.);
#2067 = DIRECTION('',(1.,-5.551115123126E-17));
#2068 = ( GEOMETRIC_REPRESENTATION_CONTEXT(2) 
PARAMETRIC_REPRESENTATION_CONTEXT() REPRESENTATION_CONTEXT('2D SPACE',''
  ) );
#2069 = PCURVE('',#2070,#2075);
#2070 = PLANE('',#2071);
#2071 = AXIS2_PLACEMENT_3D('',#2072,#2073,#2074);
#2072 = CARTESIAN_POINT('',(46.006100945537,-53.88172006487,
    -17.62784135014));
#2073 = DIRECTION('',(-0.486995617059,0.392996463048,0.779992980095));
#2074 = DIRECTION('',(0.848242593748,0.,0.52960787584));
#2075 = DEFINITIONAL_REPRESENTATION('',(#2076),#2080);
#2076 = LINE('',#2077,#2078);
#2077 = CARTESIAN_POINT('',(-13.54479472512,1.240377303228));
#2078 = VECTOR('',#2079,1.);
#2079 = DIRECTION('',(0.751728235408,-0.659473016954));
#2080 = ( GEOMETRIC_REPRESENTATION_CONTEXT(2) 
PARAMETRIC_REPRESENTATION_CONTEXT() REPRESENTATION_CONTEXT('2D SPACE',''
  ) );
#2081 = ORIENTED_EDGE('',*,*,#2082,.T.);
#2082 = EDGE_CURVE('',#2055,#2083,#2085,.T.);
#2083 = VERTEX_POINT('',#2084);
#2084 = CARTESIAN_POINT('',(39.93895228988,-59.19642775672,
    -17.45606221225));
#2085 = SURFACE_CURVE('',#2086,(#2090,#2096),.PCURVE_S1.);
#2086 = LINE('',#2087,#2088);
#2087 = CARTESIAN_POINT('',(35.883019298748,-58.8898388315,
    9.822339719827));
#2088 = VECTOR('',#2089,1.);
#2089 = DIRECTION('',(-0.147060717464,1.111635409361E-02,0.989064998901)
  );
#2090 = PCURVE('',#1433,#2091);
#2091 = DEFINITIONAL_REPRESENTATION('',(#2092),#2095);
#2092 = B_SPLINE_CURVE_WITH_KNOTS('',1,(#2093,#2094),.UNSPECIFIED.,.F.,
  .F.,(2,2),(-28.75999925041,-23.96220010075),.PIECEWISE_BEZIER_KNOTS.);
#2093 = CARTESIAN_POINT('',(10.666681543439,-7.));
#2094 = CARTESIAN_POINT('',(13.213711391077,-2.934103341734));
#2095 = ( GEOMETRIC_REPRESENTATION_CONTEXT(2) 
PARAMETRIC_REPRESENTATION_CONTEXT() REPRESENTATION_CONTEXT('2D SPACE',''
  ) );
#2096 = PCURVE('',#2097,#2102);
#2097 = PLANE('',#2098);
#2098 = AXIS2_PLACEMENT_3D('',#2099,#2100,#2101);
#2099 = CARTESIAN_POINT('',(-62.4737570994,-51.4550270558,
    23.919948265482));
#2100 = DIRECTION('',(7.537519851053E-02,0.997155243405,0.));
#2101 = DIRECTION('',(-0.295488023008,2.233600890038E-02,-0.955085300361
    ));
#2102 = DEFINITIONAL_REPRESENTATION('',(#2103),#2106);
#2103 = B_SPLINE_CURVE_WITH_KNOTS('',1,(#2104,#2105),.UNSPECIFIED.,.F.,
  .F.,(2,2),(-28.75999925041,-23.96220010075),.PIECEWISE_BEZIER_KNOTS.);
#2104 = CARTESIAN_POINT('',(10.146094866825,-110.8649777146));
#2105 = CARTESIAN_POINT('',(5.823573061228,-108.7829878202));
#2106 = ( GEOMETRIC_REPRESENTATION_CONTEXT(2) 
PARAMETRIC_REPRESENTATION_CONTEXT() REPRESENTATION_CONTEXT('2D SPACE',''
  ) );
#2107 = ORIENTED_EDGE('',*,*,#2108,.T.);
#2108 = EDGE_CURVE('',#2083,#2109,#2111,.T.);
#2109 = VERTEX_POINT('',#2110);
#2110 = CARTESIAN_POINT('',(45.296559244974,-65.68920682488,
    -10.83963046748));
#2111 = SURFACE_CURVE('',#2112,(#2116,#2122),.PCURVE_S1.);
#2112 = LINE('',#2113,#2114);
#2113 = CARTESIAN_POINT('',(37.040138488234,-55.6834120145,
    -21.03598209442));
#2114 = VECTOR('',#2115,1.);
#2115 = DIRECTION('',(0.500389136772,-0.60641180669,0.617960704663));
#2116 = PCURVE('',#1433,#2117);
#2117 = DEFINITIONAL_REPRESENTATION('',(#2118),#2121);
#2118 = B_SPLINE_CURVE_WITH_KNOTS('',1,(#2119,#2120),.UNSPECIFIED.,.F.,
  .F.,(2,2),(-5.5,16.5),.PIECEWISE_BEZIER_KNOTS.);
#2119 = CARTESIAN_POINT('',(-3.552713678801E-15,-6.));
#2120 = CARTESIAN_POINT('',(22.,-6.));
#2121 = ( GEOMETRIC_REPRESENTATION_CONTEXT(2) 
PARAMETRIC_REPRESENTATION_CONTEXT() REPRESENTATION_CONTEXT('2D SPACE',''
  ) );
#2122 = PCURVE('',#2017,#2123);
#2123 = DEFINITIONAL_REPRESENTATION('',(#2124),#2127);
#2124 = B_SPLINE_CURVE_WITH_KNOTS('',1,(#2125,#2126),.UNSPECIFIED.,.F.,
  .F.,(2,2),(-5.5,16.5),.PIECEWISE_BEZIER_KNOTS.);
#2125 = CARTESIAN_POINT('',(-13.54479472512,1.240377303228));
#2126 = CARTESIAN_POINT('',(2.993226453858,-13.26802906975));
#2127 = ( GEOMETRIC_REPRESENTATION_CONTEXT(2) 
PARAMETRIC_REPRESENTATION_CONTEXT() REPRESENTATION_CONTEXT('2D SPACE',''
  ) );
#2128 = ORIENTED_EDGE('',*,*,#2129,.F.);
#2129 = EDGE_CURVE('',#2130,#2109,#2132,.T.);
#2130 = VERTEX_POINT('',#2131);
#2131 = CARTESIAN_POINT('',(42.861581159678,-63.72422450965,
    -6.939665567015));
#2132 = SURFACE_CURVE('',#2133,(#2137,#2144),.PCURVE_S1.);
#2133 = LINE('',#2134,#2135);
#2134 = CARTESIAN_POINT('',(42.374585542619,-63.3312280466,
    -6.159672586921));
#2135 = VECTOR('',#2136,1.);
#2136 = DIRECTION('',(0.486995617059,-0.392996463048,-0.779992980095));
#2137 = PCURVE('',#1433,#2138);
#2138 = DEFINITIONAL_REPRESENTATION('',(#2139),#2143);
#2139 = LINE('',#2140,#2141);
#2140 = CARTESIAN_POINT('',(22.,1.7763568394E-15));
#2141 = VECTOR('',#2142,1.);
#2142 = DIRECTION('',(-1.665334536938E-16,-1.));
#2143 = ( GEOMETRIC_REPRESENTATION_CONTEXT(2) 
PARAMETRIC_REPRESENTATION_CONTEXT() REPRESENTATION_CONTEXT('2D SPACE',''
  ) );
#2144 = PCURVE('',#1662,#2145);
#2145 = DEFINITIONAL_REPRESENTATION('',(#2146),#2150);
#2146 = LINE('',#2147,#2148);
#2147 = CARTESIAN_POINT('',(0.,0.));
#2148 = VECTOR('',#2149,1.);
#2149 = DIRECTION('',(6.938893903907E-17,-1.));
#2150 = ( GEOMETRIC_REPRESENTATION_CONTEXT(2) 
PARAMETRIC_REPRESENTATION_CONTEXT() REPRESENTATION_CONTEXT('2D SPACE',''
  ) );
#2151 = ORIENTED_EDGE('',*,*,#2152,.F.);
#2152 = EDGE_CURVE('',#1491,#2130,#2153,.T.);
#2153 = SURFACE_CURVE('',#2154,(#2158,#2164),.PCURVE_S1.);
#2154 = LINE('',#2155,#2156);
#2155 = CARTESIAN_POINT('',(34.605160402938,-53.71842969926,
    -17.13601719395));
#2156 = VECTOR('',#2157,1.);
#2157 = DIRECTION('',(0.500389136772,-0.60641180669,0.617960704663));
#2158 = PCURVE('',#1433,#2159);
#2159 = DEFINITIONAL_REPRESENTATION('',(#2160),#2163);
#2160 = B_SPLINE_CURVE_WITH_KNOTS('',1,(#2161,#2162),.UNSPECIFIED.,.F.,
  .F.,(2,2),(-5.5,16.5),.PIECEWISE_BEZIER_KNOTS.);
#2161 = CARTESIAN_POINT('',(-3.552713678801E-15,-1.));
#2162 = CARTESIAN_POINT('',(22.,-1.));
#2163 = ( GEOMETRIC_REPRESENTATION_CONTEXT(2) 
PARAMETRIC_REPRESENTATION_CONTEXT() REPRESENTATION_CONTEXT('2D SPACE',''
  ) );
#2164 = PCURVE('',#1407,#2165);
#2165 = DEFINITIONAL_REPRESENTATION('',(#2166),#2169);
#2166 = B_SPLINE_CURVE_WITH_KNOTS('',1,(#2167,#2168),.UNSPECIFIED.,.F.,
  .F.,(2,2),(-5.5,16.5),.PIECEWISE_BEZIER_KNOTS.);
#2167 = CARTESIAN_POINT('',(-13.54479472512,1.240377303228));
#2168 = CARTESIAN_POINT('',(2.993226453858,-13.26802906975));
#2169 = ( GEOMETRIC_REPRESENTATION_CONTEXT(2) 
PARAMETRIC_REPRESENTATION_CONTEXT() REPRESENTATION_CONTEXT('2D SPACE',''
  ) );
#2170 = ORIENTED_EDGE('',*,*,#1490,.T.);
#2171 = ORIENTED_EDGE('',*,*,#1602,.F.);
#2172 = ORIENTED_EDGE('',*,*,#1418,.T.);
#2173 = ADVANCED_FACE('',(#2174,#2288,#2404,#2520,#2636,#2745),#1407,.T.
  );
#2174 = FACE_BOUND('',#2175,.T.);
#2175 = EDGE_LOOP('',(#2176,#2206,#2234,#2262));
#2176 = ORIENTED_EDGE('',*,*,#2177,.T.);
#2177 = EDGE_CURVE('',#2178,#2180,#2182,.T.);
#2178 = VERTEX_POINT('',#2179);
#2179 = CARTESIAN_POINT('',(18.759278037745,-53.22038852646,
    -27.28047218467));
#2180 = VERTEX_POINT('',#2181);
#2181 = CARTESIAN_POINT('',(38.774843508631,-77.47686079406,
    -2.562043998151));
#2182 = SURFACE_CURVE('',#2183,(#2187,#2194),.PCURVE_S1.);
#2183 = LINE('',#2184,#2185);
#2184 = CARTESIAN_POINT('',(18.759278037745,-53.22038852646,
    -27.28047218467));
#2185 = VECTOR('',#2186,1.);
#2186 = DIRECTION('',(0.500389136772,-0.60641180669,0.617960704663));
#2187 = PCURVE('',#1407,#2188);
#2188 = DEFINITIONAL_REPRESENTATION('',(#2189),#2193);
#2189 = LINE('',#2190,#2191);
#2190 = CARTESIAN_POINT('',(-28.22402504723,-1.845104369084));
#2191 = VECTOR('',#2192,1.);
#2192 = DIRECTION('',(0.751728235408,-0.659473016954));
#2193 = ( GEOMETRIC_REPRESENTATION_CONTEXT(2) 
PARAMETRIC_REPRESENTATION_CONTEXT() REPRESENTATION_CONTEXT('2D SPACE',''
  ) );
#2194 = PCURVE('',#2195,#2200);
#2195 = PLANE('',#2196);
#2196 = AXIS2_PLACEMENT_3D('',#2197,#2198,#2199);
#2197 = CARTESIAN_POINT('',(18.759278037745,-53.22038852646,
    -27.28047218467));
#2198 = DIRECTION('',(-0.7158533235,-0.691244168684,-9.86687310919E-02)
  );
#2199 = DIRECTION('',(0.500389136772,-0.60641180669,0.617960704663));
#2200 = DEFINITIONAL_REPRESENTATION('',(#2201),#2205);
#2201 = LINE('',#2202,#2203);
#2202 = CARTESIAN_POINT('',(0.,0.));
#2203 = VECTOR('',#2204,1.);
#2204 = DIRECTION('',(1.,-1.110223024625E-16));
#2205 = ( GEOMETRIC_REPRESENTATION_CONTEXT(2) 
PARAMETRIC_REPRESENTATION_CONTEXT() REPRESENTATION_CONTEXT('2D SPACE',''
  ) );
#2206 = ORIENTED_EDGE('',*,*,#2207,.T.);
#2207 = EDGE_CURVE('',#2180,#2208,#2210,.T.);
#2208 = VERTEX_POINT('',#2209);
#2209 = CARTESIAN_POINT('',(67.408976448619,-49.82709404671,
    1.384705245525));
#2210 = SURFACE_CURVE('',#2211,(#2215,#2222),.PCURVE_S1.);
#2211 = LINE('',#2212,#2213);
#2212 = CARTESIAN_POINT('',(38.774843508631,-77.47686079406,
    -2.562043998151));
#2213 = VECTOR('',#2214,1.);
#2214 = DIRECTION('',(0.7158533235,0.691244168684,9.866873109191E-02));
#2215 = PCURVE('',#1407,#2216);
#2216 = DEFINITIONAL_REPRESENTATION('',(#2217),#2221);
#2217 = LINE('',#2218,#2219);
#2218 = CARTESIAN_POINT('',(1.845104369084,-28.22402504723));
#2219 = VECTOR('',#2220,1.);
#2220 = DIRECTION('',(0.659473016954,0.751728235408));
#2221 = ( GEOMETRIC_REPRESENTATION_CONTEXT(2) 
PARAMETRIC_REPRESENTATION_CONTEXT() REPRESENTATION_CONTEXT('2D SPACE',''
  ) );
#2222 = PCURVE('',#2223,#2228);
#2223 = PLANE('',#2224);
#2224 = AXIS2_PLACEMENT_3D('',#2225,#2226,#2227);
#2225 = CARTESIAN_POINT('',(38.774843508631,-77.47686079406,
    -2.562043998151));
#2226 = DIRECTION('',(0.500389136772,-0.60641180669,0.617960704663));
#2227 = DIRECTION('',(0.7158533235,0.691244168684,9.866873109191E-02));
#2228 = DEFINITIONAL_REPRESENTATION('',(#2229),#2233);
#2229 = LINE('',#2230,#2231);
#2230 = CARTESIAN_POINT('',(0.,0.));
#2231 = VECTOR('',#2232,1.);
#2232 = DIRECTION('',(1.,4.163336342344E-17));
#2233 = ( GEOMETRIC_REPRESENTATION_CONTEXT(2) 
PARAMETRIC_REPRESENTATION_CONTEXT() REPRESENTATION_CONTEXT('2D SPACE',''
  ) );
#2234 = ORIENTED_EDGE('',*,*,#2235,.T.);
#2235 = EDGE_CURVE('',#2208,#2236,#2238,.T.);
#2236 = VERTEX_POINT('',#2237);
#2237 = CARTESIAN_POINT('',(47.393410977733,-25.57062177912,
    -23.33372294099));
#2238 = SURFACE_CURVE('',#2239,(#2243,#2250),.PCURVE_S1.);
#2239 = LINE('',#2240,#2241);
#2240 = CARTESIAN_POINT('',(67.408976448619,-49.82709404671,
    1.384705245525));
#2241 = VECTOR('',#2242,1.);
#2242 = DIRECTION('',(-0.500389136772,0.60641180669,-0.617960704663));
#2243 = PCURVE('',#1407,#2244);
#2244 = DEFINITIONAL_REPRESENTATION('',(#2245),#2249);
#2245 = LINE('',#2246,#2247);
#2246 = CARTESIAN_POINT('',(28.224025047239,1.845104369084));
#2247 = VECTOR('',#2248,1.);
#2248 = DIRECTION('',(-0.751728235408,0.659473016954));
#2249 = ( GEOMETRIC_REPRESENTATION_CONTEXT(2) 
PARAMETRIC_REPRESENTATION_CONTEXT() REPRESENTATION_CONTEXT('2D SPACE',''
  ) );
#2250 = PCURVE('',#2251,#2256);
#2251 = PLANE('',#2252);
#2252 = AXIS2_PLACEMENT_3D('',#2253,#2254,#2255);
#2253 = CARTESIAN_POINT('',(67.408976448619,-49.82709404671,
    1.384705245525));
#2254 = DIRECTION('',(0.7158533235,0.691244168684,9.86687310919E-02));
#2255 = DIRECTION('',(-0.500389136772,0.60641180669,-0.617960704663));
#2256 = DEFINITIONAL_REPRESENTATION('',(#2257),#2261);
#2257 = LINE('',#2258,#2259);
#2258 = CARTESIAN_POINT('',(0.,0.));
#2259 = VECTOR('',#2260,1.);
#2260 = DIRECTION('',(1.,1.110223024625E-16));
#2261 = ( GEOMETRIC_REPRESENTATION_CONTEXT(2) 
PARAMETRIC_REPRESENTATION_CONTEXT() REPRESENTATION_CONTEXT('2D SPACE',''
  ) );
#2262 = ORIENTED_EDGE('',*,*,#2263,.T.);
#2263 = EDGE_CURVE('',#2236,#2178,#2264,.T.);
#2264 = SURFACE_CURVE('',#2265,(#2269,#2276),.PCURVE_S1.);
#2265 = LINE('',#2266,#2267);
#2266 = CARTESIAN_POINT('',(47.393410977733,-25.57062177912,
    -23.33372294099));
#2267 = VECTOR('',#2268,1.);
#2268 = DIRECTION('',(-0.7158533235,-0.691244168684,-9.866873109191E-02)
  );
#2269 = PCURVE('',#1407,#2270);
#2270 = DEFINITIONAL_REPRESENTATION('',(#2271),#2275);
#2271 = LINE('',#2272,#2273);
#2272 = CARTESIAN_POINT('',(-1.845104369084,28.224025047239));
#2273 = VECTOR('',#2274,1.);
#2274 = DIRECTION('',(-0.659473016954,-0.751728235408));
#2275 = ( GEOMETRIC_REPRESENTATION_CONTEXT(2) 
PARAMETRIC_REPRESENTATION_CONTEXT() REPRESENTATION_CONTEXT('2D SPACE',''
  ) );
#2276 = PCURVE('',#2277,#2282);
#2277 = PLANE('',#2278);
#2278 = AXIS2_PLACEMENT_3D('',#2279,#2280,#2281);
#2279 = CARTESIAN_POINT('',(47.393410977733,-25.57062177912,
    -23.33372294099));
#2280 = DIRECTION('',(-0.500389136772,0.60641180669,-0.617960704663));
#2281 = DIRECTION('',(-0.7158533235,-0.691244168684,-9.866873109191E-02)
  );
#2282 = DEFINITIONAL_REPRESENTATION('',(#2283),#2287);
#2283 = LINE('',#2284,#2285);
#2284 = CARTESIAN_POINT('',(-0.,0.));
#2285 = VECTOR('',#2286,1.);
#2286 = DIRECTION('',(1.,-4.163336342344E-17));
#2287 = ( GEOMETRIC_REPRESENTATION_CONTEXT(2) 
PARAMETRIC_REPRESENTATION_CONTEXT() REPRESENTATION_CONTEXT('2D SPACE',''
  ) );
#2288 = FACE_BOUND('',#2289,.T.);
#2289 = EDGE_LOOP('',(#2290,#2321,#2347,#2380));
#2290 = ORIENTED_EDGE('',*,*,#2291,.F.);
#2291 = EDGE_CURVE('',#2292,#2294,#2296,.T.);
#2292 = VERTEX_POINT('',#2293);
#2293 = CARTESIAN_POINT('',(23.659520350746,-51.79025336199,
    -24.94153002211));
#2294 = VERTEX_POINT('',#2295);
#2295 = CARTESIAN_POINT('',(23.293865500655,-53.99244857759,
    -24.06026231988));
#2296 = SURFACE_CURVE('',#2297,(#2302,#2309),.PCURVE_S1.);
#2297 = CIRCLE('',#2298,1.2);
#2298 = AXIS2_PLACEMENT_3D('',#2299,#2300,#2301);
#2299 = CARTESIAN_POINT('',(23.4766929257,-52.89135096979,-24.500896171)
  );
#2300 = DIRECTION('',(-0.486995617059,0.392996463048,0.779992980095));
#2301 = DIRECTION('',(0.500389136772,-0.60641180669,0.617960704663));
#2302 = PCURVE('',#1407,#2303);
#2303 = DEFINITIONAL_REPRESENTATION('',(#2304),#2308);
#2304 = CIRCLE('',#2305,1.2);
#2305 = AXIS2_PLACEMENT_2D('',#2306,#2307);
#2306 = CARTESIAN_POINT('',(-22.75042745856,-1.487275930065));
#2307 = DIRECTION('',(0.751728235408,-0.659473016954));
#2308 = ( GEOMETRIC_REPRESENTATION_CONTEXT(2) 
PARAMETRIC_REPRESENTATION_CONTEXT() REPRESENTATION_CONTEXT('2D SPACE',''
  ) );
#2309 = PCURVE('',#2310,#2315);
#2310 = CYLINDRICAL_SURFACE('',#2311,1.2);
#2311 = AXIS2_PLACEMENT_3D('',#2312,#2313,#2314);
#2312 = CARTESIAN_POINT('',(22.989697308641,-52.49835450674,
    -23.7209031909));
#2313 = DIRECTION('',(-0.486995617059,0.392996463048,0.779992980095));
#2314 = DIRECTION('',(0.500389136772,-0.60641180669,0.617960704663));
#2315 = DEFINITIONAL_REPRESENTATION('',(#2316),#2320);
#2316 = LINE('',#2317,#2318);
#2317 = CARTESIAN_POINT('',(7.850462293419E-17,-1.));
#2318 = VECTOR('',#2319,1.);
#2319 = DIRECTION('',(1.,0.));
#2320 = ( GEOMETRIC_REPRESENTATION_CONTEXT(2) 
PARAMETRIC_REPRESENTATION_CONTEXT() REPRESENTATION_CONTEXT('2D SPACE',''
  ) );
#2321 = ORIENTED_EDGE('',*,*,#2322,.F.);
#2322 = EDGE_CURVE('',#2323,#2292,#2325,.T.);
#2323 = VERTEX_POINT('',#2324);
#2324 = CARTESIAN_POINT('',(28.819600098097,-51.43034013141,
    -21.90112882039));
#2325 = SURFACE_CURVE('',#2326,(#2330,#2336),.PCURVE_S1.);
#2326 = LINE('',#2327,#2328);
#2327 = CARTESIAN_POINT('',(36.043277383163,-50.9264919051,
    -17.64482307054));
#2328 = VECTOR('',#2329,1.);
#2329 = DIRECTION('',(-0.860013291225,-5.99855384299E-02,-0.50673353362)
  );
#2330 = PCURVE('',#1407,#2331);
#2331 = DEFINITIONAL_REPRESENTATION('',(#2332),#2335);
#2332 = B_SPLINE_CURVE_WITH_KNOTS('',1,(#2333,#2334),.UNSPECIFIED.,.F.,
  .F.,(2,2),(8.399494936612,14.399494936612),.PIECEWISE_BEZIER_KNOTS.);
#2333 = CARTESIAN_POINT('',(-16.84148875625,0.101573783544));
#2334 = CARTESIAN_POINT('',(-22.82870860724,-0.289831959869));
#2335 = ( GEOMETRIC_REPRESENTATION_CONTEXT(2) 
PARAMETRIC_REPRESENTATION_CONTEXT() REPRESENTATION_CONTEXT('2D SPACE',''
  ) );
#2336 = PCURVE('',#2337,#2342);
#2337 = PLANE('',#2338);
#2338 = AXIS2_PLACEMENT_3D('',#2339,#2340,#2341);
#2339 = CARTESIAN_POINT('',(28.332604481038,-51.03734366836,
    -21.1211358403));
#2340 = DIRECTION('',(0.152356187538,0.917581339834,-0.367194875928));
#2341 = DIRECTION('',(-0.860013291225,-5.99855384299E-02,-0.50673353362)
  );
#2342 = DEFINITIONAL_REPRESENTATION('',(#2343),#2346);
#2343 = B_SPLINE_CURVE_WITH_KNOTS('',1,(#2344,#2345),.UNSPECIFIED.,.F.,
  .F.,(2,2),(8.399494936612,14.399494936612),.PIECEWISE_BEZIER_KNOTS.);
#2344 = CARTESIAN_POINT('',(0.,-1.));
#2345 = CARTESIAN_POINT('',(6.,-1.));
#2346 = ( GEOMETRIC_REPRESENTATION_CONTEXT(2) 
PARAMETRIC_REPRESENTATION_CONTEXT() REPRESENTATION_CONTEXT('2D SPACE',''
  ) );
#2347 = ORIENTED_EDGE('',*,*,#2348,.T.);
#2348 = EDGE_CURVE('',#2323,#2349,#2351,.T.);
#2349 = VERTEX_POINT('',#2350);
#2350 = CARTESIAN_POINT('',(28.453945248006,-53.63253534701,
    -21.01986111816));
#2351 = SURFACE_CURVE('',#2352,(#2357,#2368),.PCURVE_S1.);
#2352 = CIRCLE('',#2353,1.2);
#2353 = AXIS2_PLACEMENT_3D('',#2354,#2355,#2356);
#2354 = CARTESIAN_POINT('',(28.636772673052,-52.53143773921,
    -21.46049496928));
#2355 = DIRECTION('',(0.486995617059,-0.392996463048,-0.779992980095));
#2356 = DIRECTION('',(0.152356187538,0.917581339834,-0.367194875928));
#2357 = PCURVE('',#1407,#2358);
#2358 = DEFINITIONAL_REPRESENTATION('',(#2359),#2367);
#2359 = ( BOUNDED_CURVE() B_SPLINE_CURVE(2,(#2360,#2361,#2362,#2363,
#2364,#2365,#2366),.UNSPECIFIED.,.T.,.F.) B_SPLINE_CURVE_WITH_KNOTS((1,2
    ,2,2,2,1),(-2.094395102393,0.,2.094395102393,4.188790204786,
6.28318530718,8.377580409573),.UNSPECIFIED.) CURVE() 
GEOMETRIC_REPRESENTATION_ITEM() RATIONAL_B_SPLINE_CURVE((1.,0.5,1.,0.5,
1.,0.5,1.)) REPRESENTATION_ITEM('') );
#2360 = CARTESIAN_POINT('',(-16.84148875625,0.101573783544));
#2361 = CARTESIAN_POINT('',(-14.76745496066,0.237160710337));
#2362 = CARTESIAN_POINT('',(-15.68705013543,-1.626798708354));
#2363 = CARTESIAN_POINT('',(-16.60664531021,-3.490758127046));
#2364 = CARTESIAN_POINT('',(-17.76108393103,-1.762385635148));
#2365 = CARTESIAN_POINT('',(-18.91552255185,-3.401314324868E-02));
#2366 = CARTESIAN_POINT('',(-16.84148875625,0.101573783544));
#2367 = ( GEOMETRIC_REPRESENTATION_CONTEXT(2) 
PARAMETRIC_REPRESENTATION_CONTEXT() REPRESENTATION_CONTEXT('2D SPACE',''
  ) );
#2368 = PCURVE('',#2369,#2374);
#2369 = CYLINDRICAL_SURFACE('',#2370,1.2);
#2370 = AXIS2_PLACEMENT_3D('',#2371,#2372,#2373);
#2371 = CARTESIAN_POINT('',(28.149777055993,-52.13844127616,
    -20.68050198918));
#2372 = DIRECTION('',(-0.486995617059,0.392996463048,0.779992980095));
#2373 = DIRECTION('',(0.500389136772,-0.60641180669,0.617960704663));
#2374 = DEFINITIONAL_REPRESENTATION('',(#2375),#2379);
#2375 = LINE('',#2376,#2377);
#2376 = CARTESIAN_POINT('',(8.639379797372,-1.));
#2377 = VECTOR('',#2378,1.);
#2378 = DIRECTION('',(-1.,-0.));
#2379 = ( GEOMETRIC_REPRESENTATION_CONTEXT(2) 
PARAMETRIC_REPRESENTATION_CONTEXT() REPRESENTATION_CONTEXT('2D SPACE',''
  ) );
#2380 = ORIENTED_EDGE('',*,*,#2381,.F.);
#2381 = EDGE_CURVE('',#2294,#2349,#2382,.T.);
#2382 = SURFACE_CURVE('',#2383,(#2387,#2393),.PCURVE_S1.);
#2383 = LINE('',#2384,#2385);
#2384 = CARTESIAN_POINT('',(33.097582659396,-53.30864373599,
    -18.28375596917));
#2385 = VECTOR('',#2386,1.);
#2386 = DIRECTION('',(0.860013291225,5.99855384299E-02,0.50673353362));
#2387 = PCURVE('',#1407,#2388);
#2388 = DEFINITIONAL_REPRESENTATION('',(#2389),#2392);
#2389 = B_SPLINE_CURVE_WITH_KNOTS('',1,(#2390,#2391),.UNSPECIFIED.,.F.,
  .F.,(2,2),(-11.39949493661,-5.399494936612),.PIECEWISE_BEZIER_KNOTS.);
#2390 = CARTESIAN_POINT('',(-22.67214630987,-2.684719900262));
#2391 = CARTESIAN_POINT('',(-16.68492645889,-2.293314156849));
#2392 = ( GEOMETRIC_REPRESENTATION_CONTEXT(2) 
PARAMETRIC_REPRESENTATION_CONTEXT() REPRESENTATION_CONTEXT('2D SPACE',''
  ) );
#2393 = PCURVE('',#2394,#2399);
#2394 = PLANE('',#2395);
#2395 = AXIS2_PLACEMENT_3D('',#2396,#2397,#2398);
#2396 = CARTESIAN_POINT('',(22.806869883596,-53.59945211454,
    -23.28026933979));
#2397 = DIRECTION('',(-0.152356187538,-0.917581339834,0.367194875928));
#2398 = DIRECTION('',(0.860013291225,5.99855384299E-02,0.50673353362));
#2399 = DEFINITIONAL_REPRESENTATION('',(#2400),#2403);
#2400 = B_SPLINE_CURVE_WITH_KNOTS('',1,(#2401,#2402),.UNSPECIFIED.,.F.,
  .F.,(2,2),(-11.39949493661,-5.399494936612),.PIECEWISE_BEZIER_KNOTS.);
#2401 = CARTESIAN_POINT('',(0.,-1.));
#2402 = CARTESIAN_POINT('',(6.,-1.));
#2403 = ( GEOMETRIC_REPRESENTATION_CONTEXT(2) 
PARAMETRIC_REPRESENTATION_CONTEXT() REPRESENTATION_CONTEXT('2D SPACE',''
  ) );
#2404 = FACE_BOUND('',#2405,.T.);
#2405 = EDGE_LOOP('',(#2406,#2441,#2467,#2496));
#2406 = ORIENTED_EDGE('',*,*,#2407,.T.);
#2407 = EDGE_CURVE('',#2408,#2410,#2412,.T.);
#2408 = VERTEX_POINT('',#2409);
#2409 = CARTESIAN_POINT('',(40.642576015853,-72.3716863152,
    -3.96813097145));
#2410 = VERTEX_POINT('',#2411);
#2411 = CARTESIAN_POINT('',(38.578544116913,-72.51565160743,
    -5.184291452138));
#2412 = SURFACE_CURVE('',#2413,(#2418,#2429),.PCURVE_S1.);
#2413 = CIRCLE('',#2414,1.2);
#2414 = AXIS2_PLACEMENT_3D('',#2415,#2416,#2417);
#2415 = CARTESIAN_POINT('',(39.610560066383,-72.44366896132,
    -4.576211211794));
#2416 = DIRECTION('',(0.486995617059,-0.392996463048,-0.779992980095));
#2417 = DIRECTION('',(0.860013291225,5.998553842992E-02,0.50673353362));
#2418 = PCURVE('',#1407,#2419);
#2419 = DEFINITIONAL_REPRESENTATION('',(#2420),#2428);
#2420 = ( BOUNDED_CURVE() B_SPLINE_CURVE(2,(#2421,#2422,#2423,#2424,
#2425,#2426,#2427),.UNSPECIFIED.,.T.,.F.) B_SPLINE_CURVE_WITH_KNOTS((1,2
    ,2,2,2,1),(-2.094395102393,0.,2.094395102393,4.188790204786,
6.28318530718,8.377580409573),.UNSPECIFIED.) CURVE() 
GEOMETRIC_REPRESENTATION_ITEM() RATIONAL_B_SPLINE_CURVE((1.,0.5,1.,0.5,
1.,0.5,1.)) REPRESENTATION_ITEM('') );
#2421 = CARTESIAN_POINT('',(2.684719900262,-22.67214630987));
#2422 = CARTESIAN_POINT('',(2.820306827055,-24.74618010547));
#2423 = CARTESIAN_POINT('',(0.956347408364,-23.8265849307));
#2424 = CARTESIAN_POINT('',(-0.907612010328,-22.90698975592));
#2425 = CARTESIAN_POINT('',(0.82076048157,-21.7525511351));
#2426 = CARTESIAN_POINT('',(2.549132973469,-20.59811251427));
#2427 = CARTESIAN_POINT('',(2.684719900262,-22.67214630987));
#2428 = ( GEOMETRIC_REPRESENTATION_CONTEXT(2) 
PARAMETRIC_REPRESENTATION_CONTEXT() REPRESENTATION_CONTEXT('2D SPACE',''
  ) );
#2429 = PCURVE('',#2430,#2435);
#2430 = CYLINDRICAL_SURFACE('',#2431,1.2);
#2431 = AXIS2_PLACEMENT_3D('',#2432,#2433,#2434);
#2432 = CARTESIAN_POINT('',(39.123564449324,-72.05067249827,
    -3.796218231699));
#2433 = DIRECTION('',(-0.486995617059,0.392996463048,0.779992980095));
#2434 = DIRECTION('',(0.500389136772,-0.60641180669,0.617960704663));
#2435 = DEFINITIONAL_REPRESENTATION('',(#2436),#2440);
#2436 = LINE('',#2437,#2438);
#2437 = CARTESIAN_POINT('',(7.068583470577,-1.));
#2438 = VECTOR('',#2439,1.);
#2439 = DIRECTION('',(-1.,-0.));
#2440 = ( GEOMETRIC_REPRESENTATION_CONTEXT(2) 
PARAMETRIC_REPRESENTATION_CONTEXT() REPRESENTATION_CONTEXT('2D SPACE',''
  ) );
#2441 = ORIENTED_EDGE('',*,*,#2442,.F.);
#2442 = EDGE_CURVE('',#2443,#2410,#2445,.T.);
#2443 = VERTEX_POINT('',#2444);
#2444 = CARTESIAN_POINT('',(39.49268124214,-67.01016356843,
    -7.387460707706));
#2445 = SURFACE_CURVE('',#2446,(#2450,#2456),.PCURVE_S1.);
#2446 = LINE('',#2447,#2448);
#2447 = CARTESIAN_POINT('',(40.772396267926,-59.30294375057,
    -10.47171220881));
#2448 = VECTOR('',#2449,1.);
#2449 = DIRECTION('',(-0.152356187538,-0.917581339834,0.367194875928));
#2450 = PCURVE('',#1407,#2451);
#2451 = DEFINITIONAL_REPRESENTATION('',(#2452),#2455);
#2452 = B_SPLINE_CURVE_WITH_KNOTS('',1,(#2453,#2454),.UNSPECIFIED.,.F.,
  .F.,(2,2),(8.399494936612,14.399494936612),.PIECEWISE_BEZIER_KNOTS.);
#2453 = CARTESIAN_POINT('',(-0.101573783544,-16.84148875625));
#2454 = CARTESIAN_POINT('',(0.289831959869,-22.82870860724));
#2455 = ( GEOMETRIC_REPRESENTATION_CONTEXT(2) 
PARAMETRIC_REPRESENTATION_CONTEXT() REPRESENTATION_CONTEXT('2D SPACE',''
  ) );
#2456 = PCURVE('',#2457,#2462);
#2457 = PLANE('',#2458);
#2458 = AXIS2_PLACEMENT_3D('',#2459,#2460,#2461);
#2459 = CARTESIAN_POINT('',(39.005685625081,-66.61716710538,
    -6.607467727611));
#2460 = DIRECTION('',(-0.860013291225,-5.99855384299E-02,-0.50673353362)
  );
#2461 = DIRECTION('',(-0.152356187538,-0.917581339834,0.367194875928));
#2462 = DEFINITIONAL_REPRESENTATION('',(#2463),#2466);
#2463 = B_SPLINE_CURVE_WITH_KNOTS('',1,(#2464,#2465),.UNSPECIFIED.,.F.,
  .F.,(2,2),(8.399494936612,14.399494936612),.PIECEWISE_BEZIER_KNOTS.);
#2464 = CARTESIAN_POINT('',(0.,-1.));
#2465 = CARTESIAN_POINT('',(6.,-1.));
#2466 = ( GEOMETRIC_REPRESENTATION_CONTEXT(2) 
PARAMETRIC_REPRESENTATION_CONTEXT() REPRESENTATION_CONTEXT('2D SPACE',''
  ) );
#2467 = ORIENTED_EDGE('',*,*,#2468,.F.);
#2468 = EDGE_CURVE('',#2469,#2443,#2471,.T.);
#2469 = VERTEX_POINT('',#2470);
#2470 = CARTESIAN_POINT('',(41.556713141081,-66.8661982762,
    -6.171300227017));
#2471 = SURFACE_CURVE('',#2472,(#2477,#2484),.PCURVE_S1.);
#2472 = CIRCLE('',#2473,1.2);
#2473 = AXIS2_PLACEMENT_3D('',#2474,#2475,#2476);
#2474 = CARTESIAN_POINT('',(40.52469719161,-66.93818092232,
    -6.779380467361));
#2475 = DIRECTION('',(-0.486995617059,0.392996463048,0.779992980095));
#2476 = DIRECTION('',(0.500389136772,-0.60641180669,0.617960704663));
#2477 = PCURVE('',#1407,#2478);
#2478 = DEFINITIONAL_REPRESENTATION('',(#2479),#2483);
#2479 = CIRCLE('',#2480,1.2);
#2480 = AXIS2_PLACEMENT_2D('',#2481,#2482);
#2481 = CARTESIAN_POINT('',(1.095870186653,-16.76320760757));
#2482 = DIRECTION('',(0.751728235408,-0.659473016954));
#2483 = ( GEOMETRIC_REPRESENTATION_CONTEXT(2) 
PARAMETRIC_REPRESENTATION_CONTEXT() REPRESENTATION_CONTEXT('2D SPACE',''
  ) );
#2484 = PCURVE('',#2485,#2490);
#2485 = CYLINDRICAL_SURFACE('',#2486,1.2);
#2486 = AXIS2_PLACEMENT_3D('',#2487,#2488,#2489);
#2487 = CARTESIAN_POINT('',(40.037701574551,-66.54518445927,
    -5.999387487267));
#2488 = DIRECTION('',(-0.486995617059,0.392996463048,0.779992980095));
#2489 = DIRECTION('',(0.500389136772,-0.60641180669,0.617960704663));
#2490 = DEFINITIONAL_REPRESENTATION('',(#2491),#2495);
#2491 = LINE('',#2492,#2493);
#2492 = CARTESIAN_POINT('',(7.850462293419E-17,-1.));
#2493 = VECTOR('',#2494,1.);
#2494 = DIRECTION('',(1.,0.));
#2495 = ( GEOMETRIC_REPRESENTATION_CONTEXT(2) 
PARAMETRIC_REPRESENTATION_CONTEXT() REPRESENTATION_CONTEXT('2D SPACE',''
  ) );
#2496 = ORIENTED_EDGE('',*,*,#2497,.F.);
#2497 = EDGE_CURVE('',#2408,#2469,#2498,.T.);
#2498 = SURFACE_CURVE('',#2499,(#2503,#2509),.PCURVE_S1.);
#2499 = LINE('',#2500,#2501);
#2500 = CARTESIAN_POINT('',(42.379359604253,-61.91172247784,
    -8.153967100339));
#2501 = VECTOR('',#2502,1.);
#2502 = DIRECTION('',(0.152356187538,0.917581339834,-0.367194875928));
#2503 = PCURVE('',#1407,#2504);
#2504 = DEFINITIONAL_REPRESENTATION('',(#2505),#2508);
#2505 = B_SPLINE_CURVE_WITH_KNOTS('',1,(#2506,#2507),.UNSPECIFIED.,.F.,
  .F.,(2,2),(-11.39949493661,-5.399494936612),.PIECEWISE_BEZIER_KNOTS.);
#2506 = CARTESIAN_POINT('',(2.684719900262,-22.67214630987));
#2507 = CARTESIAN_POINT('',(2.293314156849,-16.68492645889));
#2508 = ( GEOMETRIC_REPRESENTATION_CONTEXT(2) 
PARAMETRIC_REPRESENTATION_CONTEXT() REPRESENTATION_CONTEXT('2D SPACE',''
  ) );
#2509 = PCURVE('',#2510,#2515);
#2510 = PLANE('',#2511);
#2511 = AXIS2_PLACEMENT_3D('',#2512,#2513,#2514);
#2512 = CARTESIAN_POINT('',(40.155580398794,-71.97868985215,
    -3.188137991355));
#2513 = DIRECTION('',(0.860013291225,5.99855384299E-02,0.50673353362));
#2514 = DIRECTION('',(0.152356187538,0.917581339834,-0.367194875928));
#2515 = DEFINITIONAL_REPRESENTATION('',(#2516),#2519);
#2516 = B_SPLINE_CURVE_WITH_KNOTS('',1,(#2517,#2518),.UNSPECIFIED.,.F.,
  .F.,(2,2),(-11.39949493661,-5.399494936612),.PIECEWISE_BEZIER_KNOTS.);
#2517 = CARTESIAN_POINT('',(-1.7763568394E-15,-1.));
#2518 = CARTESIAN_POINT('',(6.,-1.));
#2519 = ( GEOMETRIC_REPRESENTATION_CONTEXT(2) 
PARAMETRIC_REPRESENTATION_CONTEXT() REPRESENTATION_CONTEXT('2D SPACE',''
  ) );
#2520 = FACE_BOUND('',#2521,.T.);
#2521 = EDGE_LOOP('',(#2522,#2557,#2583,#2612));
#2522 = ORIENTED_EDGE('',*,*,#2523,.T.);
#2523 = EDGE_CURVE('',#2524,#2526,#2528,.T.);
#2524 = VERTEX_POINT('',#2525);
#2525 = CARTESIAN_POINT('',(46.675573244225,-36.03731900475,
    -18.50830623144));
#2526 = VERTEX_POINT('',#2527);
#2527 = CARTESIAN_POINT('',(44.611541345284,-36.18128429698,
    -19.72446671212));
#2528 = SURFACE_CURVE('',#2529,(#2534,#2545),.PCURVE_S1.);
#2529 = CIRCLE('',#2530,1.2);
#2530 = AXIS2_PLACEMENT_3D('',#2531,#2532,#2533);
#2531 = CARTESIAN_POINT('',(45.643557294754,-36.10930165086,
    -19.11638647178));
#2532 = DIRECTION('',(0.486995617059,-0.392996463048,-0.779992980095));
#2533 = DIRECTION('',(0.860013291225,5.998553842991E-02,0.50673353362));
#2534 = PCURVE('',#1407,#2535);
#2535 = DEFINITIONAL_REPRESENTATION('',(#2536),#2544);
#2536 = ( BOUNDED_CURVE() B_SPLINE_CURVE(2,(#2537,#2538,#2539,#2540,
#2541,#2542,#2543),.UNSPECIFIED.,.T.,.F.) B_SPLINE_CURVE_WITH_KNOTS((1,2
    ,2,2,2,1),(-2.094395102393,0.,2.094395102393,4.188790204786,
6.28318530718,8.377580409573),.UNSPECIFIED.) CURVE() 
GEOMETRIC_REPRESENTATION_ITEM() RATIONAL_B_SPLINE_CURVE((1.,0.5,1.,0.5,
1.,0.5,1.)) REPRESENTATION_ITEM('') );
#2537 = CARTESIAN_POINT('',(0.101573783544,16.841488756258));
#2538 = CARTESIAN_POINT('',(0.237160710338,14.76745496066));
#2539 = CARTESIAN_POINT('',(-1.626798708354,15.687050135435));
#2540 = CARTESIAN_POINT('',(-3.490758127046,16.60664531021));
#2541 = CARTESIAN_POINT('',(-1.762385635148,17.761083931033));
#2542 = CARTESIAN_POINT('',(-3.401314324872E-02,18.915522551856));
#2543 = CARTESIAN_POINT('',(0.101573783544,16.841488756258));
#2544 = ( GEOMETRIC_REPRESENTATION_CONTEXT(2) 
PARAMETRIC_REPRESENTATION_CONTEXT() REPRESENTATION_CONTEXT('2D SPACE',''
  ) );
#2545 = PCURVE('',#2546,#2551);
#2546 = CYLINDRICAL_SURFACE('',#2547,1.2);
#2547 = AXIS2_PLACEMENT_3D('',#2548,#2549,#2550);
#2548 = CARTESIAN_POINT('',(45.156561677695,-35.71630518781,
    -18.33639349169));
#2549 = DIRECTION('',(-0.486995617059,0.392996463048,0.779992980095));
#2550 = DIRECTION('',(0.500389136772,-0.60641180669,0.617960704663));
#2551 = DEFINITIONAL_REPRESENTATION('',(#2552),#2556);
#2552 = LINE('',#2553,#2554);
#2553 = CARTESIAN_POINT('',(7.068583470577,-1.));
#2554 = VECTOR('',#2555,1.);
#2555 = DIRECTION('',(-1.,-0.));
#2556 = ( GEOMETRIC_REPRESENTATION_CONTEXT(2) 
PARAMETRIC_REPRESENTATION_CONTEXT() REPRESENTATION_CONTEXT('2D SPACE',''
  ) );
#2557 = ORIENTED_EDGE('',*,*,#2558,.F.);
#2558 = EDGE_CURVE('',#2559,#2526,#2561,.T.);
#2559 = VERTEX_POINT('',#2560);
#2560 = CARTESIAN_POINT('',(45.525678470511,-30.67579625797,
    -21.92763596769));
#2561 = SURFACE_CURVE('',#2562,(#2566,#2572),.PCURVE_S1.);
#2562 = LINE('',#2563,#2564);
#2563 = CARTESIAN_POINT('',(43.788894882112,-41.13576009534,
    -17.7417998388));
#2564 = VECTOR('',#2565,1.);
#2565 = DIRECTION('',(-0.152356187538,-0.917581339834,0.367194875928));
#2566 = PCURVE('',#1407,#2567);
#2567 = DEFINITIONAL_REPRESENTATION('',(#2568),#2571);
#2568 = B_SPLINE_CURVE_WITH_KNOTS('',1,(#2569,#2570),.UNSPECIFIED.,.F.,
  .F.,(2,2),(-11.39949493661,-5.399494936612),.PIECEWISE_BEZIER_KNOTS.);
#2569 = CARTESIAN_POINT('',(-2.684719900262,22.672146309877));
#2570 = CARTESIAN_POINT('',(-2.293314156849,16.684926458893));
#2571 = ( GEOMETRIC_REPRESENTATION_CONTEXT(2) 
PARAMETRIC_REPRESENTATION_CONTEXT() REPRESENTATION_CONTEXT('2D SPACE',''
  ) );
#2572 = PCURVE('',#2573,#2578);
#2573 = PLANE('',#2574);
#2574 = AXIS2_PLACEMENT_3D('',#2575,#2576,#2577);
#2575 = CARTESIAN_POINT('',(45.038682853452,-30.28279979493,
    -21.1476429876));
#2576 = DIRECTION('',(-0.860013291225,-5.99855384299E-02,-0.50673353362)
  );
#2577 = DIRECTION('',(-0.152356187538,-0.917581339834,0.367194875928));
#2578 = DEFINITIONAL_REPRESENTATION('',(#2579),#2582);
#2579 = B_SPLINE_CURVE_WITH_KNOTS('',1,(#2580,#2581),.UNSPECIFIED.,.F.,
  .F.,(2,2),(-11.39949493661,-5.399494936612),.PIECEWISE_BEZIER_KNOTS.);
#2580 = CARTESIAN_POINT('',(0.,-1.));
#2581 = CARTESIAN_POINT('',(6.,-1.));
#2582 = ( GEOMETRIC_REPRESENTATION_CONTEXT(2) 
PARAMETRIC_REPRESENTATION_CONTEXT() REPRESENTATION_CONTEXT('2D SPACE',''
  ) );
#2583 = ORIENTED_EDGE('',*,*,#2584,.F.);
#2584 = EDGE_CURVE('',#2585,#2559,#2587,.T.);
#2585 = VERTEX_POINT('',#2586);
#2586 = CARTESIAN_POINT('',(47.589710369452,-30.53183096574,
    -20.711475487));
#2587 = SURFACE_CURVE('',#2588,(#2593,#2600),.PCURVE_S1.);
#2588 = CIRCLE('',#2589,1.2);
#2589 = AXIS2_PLACEMENT_3D('',#2590,#2591,#2592);
#2590 = CARTESIAN_POINT('',(46.557694419982,-30.60381361186,
    -21.31955572735));
#2591 = DIRECTION('',(-0.486995617059,0.392996463048,0.779992980095));
#2592 = DIRECTION('',(0.500389136772,-0.60641180669,0.617960704663));
#2593 = PCURVE('',#1407,#2594);
#2594 = DEFINITIONAL_REPRESENTATION('',(#2595),#2599);
#2595 = CIRCLE('',#2596,1.2);
#2596 = AXIS2_PLACEMENT_2D('',#2597,#2598);
#2597 = CARTESIAN_POINT('',(-1.487275930065,22.75042745856));
#2598 = DIRECTION('',(0.751728235408,-0.659473016954));
#2599 = ( GEOMETRIC_REPRESENTATION_CONTEXT(2) 
PARAMETRIC_REPRESENTATION_CONTEXT() REPRESENTATION_CONTEXT('2D SPACE',''
  ) );
#2600 = PCURVE('',#2601,#2606);
#2601 = CYLINDRICAL_SURFACE('',#2602,1.2);
#2602 = AXIS2_PLACEMENT_3D('',#2603,#2604,#2605);
#2603 = CARTESIAN_POINT('',(46.070698802922,-30.21081714881,
    -20.53956274725));
#2604 = DIRECTION('',(-0.486995617059,0.392996463048,0.779992980095));
#2605 = DIRECTION('',(0.500389136772,-0.60641180669,0.617960704663));
#2606 = DEFINITIONAL_REPRESENTATION('',(#2607),#2611);
#2607 = LINE('',#2608,#2609);
#2608 = CARTESIAN_POINT('',(7.850462293419E-17,-1.));
#2609 = VECTOR('',#2610,1.);
#2610 = DIRECTION('',(1.,0.));
#2611 = ( GEOMETRIC_REPRESENTATION_CONTEXT(2) 
PARAMETRIC_REPRESENTATION_CONTEXT() REPRESENTATION_CONTEXT('2D SPACE',''
  ) );
#2612 = ORIENTED_EDGE('',*,*,#2613,.F.);
#2613 = EDGE_CURVE('',#2524,#2585,#2614,.T.);
#2614 = SURFACE_CURVE('',#2615,(#2619,#2625),.PCURVE_S1.);
#2615 = LINE('',#2616,#2617);
#2616 = CARTESIAN_POINT('',(45.395858218439,-43.74453882261,
    -15.42405473033));
#2617 = VECTOR('',#2618,1.);
#2618 = DIRECTION('',(0.152356187538,0.917581339834,-0.367194875928));
#2619 = PCURVE('',#1407,#2620);
#2620 = DEFINITIONAL_REPRESENTATION('',(#2621),#2624);
#2621 = B_SPLINE_CURVE_WITH_KNOTS('',1,(#2622,#2623),.UNSPECIFIED.,.F.,
  .F.,(2,2),(8.399494936612,14.399494936612),.PIECEWISE_BEZIER_KNOTS.);
#2622 = CARTESIAN_POINT('',(0.101573783544,16.841488756258));
#2623 = CARTESIAN_POINT('',(-0.289831959869,22.828708607242));
#2624 = ( GEOMETRIC_REPRESENTATION_CONTEXT(2) 
PARAMETRIC_REPRESENTATION_CONTEXT() REPRESENTATION_CONTEXT('2D SPACE',''
  ) );
#2625 = PCURVE('',#2626,#2631);
#2626 = PLANE('',#2627);
#2627 = AXIS2_PLACEMENT_3D('',#2628,#2629,#2630);
#2628 = CARTESIAN_POINT('',(46.188577627165,-35.6443225417,
    -17.72831325134));
#2629 = DIRECTION('',(0.860013291225,5.99855384299E-02,0.50673353362));
#2630 = DIRECTION('',(0.152356187538,0.917581339834,-0.367194875928));
#2631 = DEFINITIONAL_REPRESENTATION('',(#2632),#2635);
#2632 = B_SPLINE_CURVE_WITH_KNOTS('',1,(#2633,#2634),.UNSPECIFIED.,.F.,
  .F.,(2,2),(8.399494936612,14.399494936612),.PIECEWISE_BEZIER_KNOTS.);
#2633 = CARTESIAN_POINT('',(-1.7763568394E-15,-1.));
#2634 = CARTESIAN_POINT('',(6.,-1.));
#2635 = ( GEOMETRIC_REPRESENTATION_CONTEXT(2) 
PARAMETRIC_REPRESENTATION_CONTEXT() REPRESENTATION_CONTEXT('2D SPACE',''
  ) );
#2636 = FACE_BOUND('',#2637,.T.);
#2637 = EDGE_LOOP('',(#2638,#2639,#2640,#2641,#2642,#2663,#2684,#2705,
    #2726));
#2638 = ORIENTED_EDGE('',*,*,#2152,.F.);
#2639 = ORIENTED_EDGE('',*,*,#1511,.F.);
#2640 = ORIENTED_EDGE('',*,*,#1392,.F.);
#2641 = ORIENTED_EDGE('',*,*,#1953,.F.);
#2642 = ORIENTED_EDGE('',*,*,#2643,.F.);
#2643 = EDGE_CURVE('',#2644,#1954,#2646,.T.);
#2644 = VERTEX_POINT('',#2645);
#2645 = CARTESIAN_POINT('',(43.306673326686,-39.32325806353,
    -18.95610137213));
#2646 = SURFACE_CURVE('',#2647,(#2651,#2657),.PCURVE_S1.);
#2647 = LINE('',#2648,#2649);
#2648 = CARTESIAN_POINT('',(40.443260032687,-42.08823473827,
    -19.35077629649));
#2649 = VECTOR('',#2650,1.);
#2650 = DIRECTION('',(-0.7158533235,-0.691244168684,-9.866873109191E-02)
  );
#2651 = PCURVE('',#1407,#2652);
#2652 = DEFINITIONAL_REPRESENTATION('',(#2653),#2656);
#2653 = B_SPLINE_CURVE_WITH_KNOTS('',1,(#2654,#2655),.UNSPECIFIED.,.F.,
  .F.,(2,2),(-4.,12.),.PIECEWISE_BEZIER_KNOTS.);
#2654 = CARTESIAN_POINT('',(-2.993226453858,13.268029069757));
#2655 = CARTESIAN_POINT('',(-13.54479472512,1.240377303228));
#2656 = ( GEOMETRIC_REPRESENTATION_CONTEXT(2) 
PARAMETRIC_REPRESENTATION_CONTEXT() REPRESENTATION_CONTEXT('2D SPACE',''
  ) );
#2657 = PCURVE('',#1990,#2658);
#2658 = DEFINITIONAL_REPRESENTATION('',(#2659),#2662);
#2659 = B_SPLINE_CURVE_WITH_KNOTS('',1,(#2660,#2661),.UNSPECIFIED.,.F.,
  .F.,(2,2),(-4.,12.),.PIECEWISE_BEZIER_KNOTS.);
#2660 = CARTESIAN_POINT('',(-4.440892098501E-16,-1.));
#2661 = CARTESIAN_POINT('',(16.,-1.));
#2662 = ( GEOMETRIC_REPRESENTATION_CONTEXT(2) 
PARAMETRIC_REPRESENTATION_CONTEXT() REPRESENTATION_CONTEXT('2D SPACE',''
  ) );
#2663 = ORIENTED_EDGE('',*,*,#2664,.F.);
#2664 = EDGE_CURVE('',#2665,#2644,#2667,.T.);
#2665 = VERTEX_POINT('',#2666);
#2666 = CARTESIAN_POINT('',(49.56481822673,-46.90738145167,
    -11.22754104154));
#2667 = SURFACE_CURVE('',#2668,(#2672,#2678),.PCURVE_S1.);
#2668 = LINE('',#2669,#2670);
#2669 = CARTESIAN_POINT('',(51.563094083427,-49.32905287391,
    -8.759749745191));
#2670 = VECTOR('',#2671,1.);
#2671 = DIRECTION('',(-0.500389136772,0.60641180669,-0.617960704663));
#2672 = PCURVE('',#1407,#2673);
#2673 = DEFINITIONAL_REPRESENTATION('',(#2674),#2677);
#2674 = B_SPLINE_CURVE_WITH_KNOTS('',1,(#2675,#2676),.UNSPECIFIED.,.F.,
  .F.,(2,2),(-5.5,16.5),.PIECEWISE_BEZIER_KNOTS.);
#2675 = CARTESIAN_POINT('',(13.54479472512,-1.240377303228));
#2676 = CARTESIAN_POINT('',(-2.993226453858,13.268029069757));
#2677 = ( GEOMETRIC_REPRESENTATION_CONTEXT(2) 
PARAMETRIC_REPRESENTATION_CONTEXT() REPRESENTATION_CONTEXT('2D SPACE',''
  ) );
#2678 = PCURVE('',#1690,#2679);
#2679 = DEFINITIONAL_REPRESENTATION('',(#2680),#2683);
#2680 = B_SPLINE_CURVE_WITH_KNOTS('',1,(#2681,#2682),.UNSPECIFIED.,.F.,
  .F.,(2,2),(-5.5,16.5),.PIECEWISE_BEZIER_KNOTS.);
#2681 = CARTESIAN_POINT('',(0.,-1.));
#2682 = CARTESIAN_POINT('',(22.,-1.));
#2683 = ( GEOMETRIC_REPRESENTATION_CONTEXT(2) 
PARAMETRIC_REPRESENTATION_CONTEXT() REPRESENTATION_CONTEXT('2D SPACE',''
  ) );
#2684 = ORIENTED_EDGE('',*,*,#2685,.F.);
#2685 = EDGE_CURVE('',#2686,#2665,#2688,.T.);
#2686 = VERTEX_POINT('',#2687);
#2687 = CARTESIAN_POINT('',(57.003394613704,-52.14548143212,
    -3.944002589267));
#2688 = SURFACE_CURVE('',#2689,(#2693,#2699),.PCURVE_S1.);
#2689 = LINE('',#2690,#2691);
#2690 = CARTESIAN_POINT('',(55.136020309136,-50.83051297587,
    -5.772456293921));
#2691 = VECTOR('',#2692,1.);
#2692 = DIRECTION('',(-0.638275091008,0.449460833338,-0.624971893363));
#2693 = PCURVE('',#1407,#2694);
#2694 = DEFINITIONAL_REPRESENTATION('',(#2695),#2698);
#2695 = B_SPLINE_CURVE_WITH_KNOTS('',1,(#2696,#2697),.UNSPECIFIED.,.F.,
  .F.,(2,2),(-2.925657496077,16.134212858127),.PIECEWISE_BEZIER_KNOTS.);
#2696 = CARTESIAN_POINT('',(16.575441684778,-0.676142589925));
#2697 = CARTESIAN_POINT('',(-5.243029816773E-02,8.640108331871));
#2698 = ( GEOMETRIC_REPRESENTATION_CONTEXT(2) 
PARAMETRIC_REPRESENTATION_CONTEXT() REPRESENTATION_CONTEXT('2D SPACE',''
  ) );
#2699 = PCURVE('',#1717,#2700);
#2700 = DEFINITIONAL_REPRESENTATION('',(#2701),#2704);
#2701 = B_SPLINE_CURVE_WITH_KNOTS('',1,(#2702,#2703),.UNSPECIFIED.,.F.,
  .F.,(2,2),(-2.925657496077,16.134212858127),.PIECEWISE_BEZIER_KNOTS.);
#2702 = CARTESIAN_POINT('',(14.,-28.32834018108));
#2703 = CARTESIAN_POINT('',(0.,-41.26196526916));
#2704 = ( GEOMETRIC_REPRESENTATION_CONTEXT(2) 
PARAMETRIC_REPRESENTATION_CONTEXT() REPRESENTATION_CONTEXT('2D SPACE',''
  ) );
#2705 = ORIENTED_EDGE('',*,*,#2706,.F.);
#2706 = EDGE_CURVE('',#2707,#2686,#2709,.T.);
#2707 = VERTEX_POINT('',#2708);
#2708 = CARTESIAN_POINT('',(49.136291576453,-57.66522213669,
    -6.074798848558));
#2709 = SURFACE_CURVE('',#2710,(#2714,#2720),.PCURVE_S1.);
#2710 = LINE('',#2711,#2712);
#2711 = CARTESIAN_POINT('',(58.480675483996,-51.10898714532,
    -3.543882680142));
#2712 = VECTOR('',#2713,1.);
#2713 = DIRECTION('',(0.799198897645,0.560736355617,0.216462147943));
#2714 = PCURVE('',#1407,#2715);
#2715 = DEFINITIONAL_REPRESENTATION('',(#2716),#2719);
#2716 = B_SPLINE_CURVE_WITH_KNOTS('',1,(#2717,#2718),.UNSPECIFIED.,.F.,
  .F.,(2,2),(-15.34803243715,-1.848452087015),.PIECEWISE_BEZIER_KNOTS.);
#2717 = CARTESIAN_POINT('',(5.876287123093,-8.908199519703));
#2718 = CARTESIAN_POINT('',(16.575441684778,-0.676142589925));
#2719 = ( GEOMETRIC_REPRESENTATION_CONTEXT(2) 
PARAMETRIC_REPRESENTATION_CONTEXT() REPRESENTATION_CONTEXT('2D SPACE',''
  ) );
#2720 = PCURVE('',#1821,#2721);
#2721 = DEFINITIONAL_REPRESENTATION('',(#2722),#2725);
#2722 = B_SPLINE_CURVE_WITH_KNOTS('',1,(#2723,#2724),.UNSPECIFIED.,.F.,
  .F.,(2,2),(-15.34803243715,-1.848452087015),.PIECEWISE_BEZIER_KNOTS.);
#2723 = CARTESIAN_POINT('',(11.,-36.15385419806));
#2724 = CARTESIAN_POINT('',(-8.881784197001E-16,-28.32834018108));
#2725 = ( GEOMETRIC_REPRESENTATION_CONTEXT(2) 
PARAMETRIC_REPRESENTATION_CONTEXT() REPRESENTATION_CONTEXT('2D SPACE',''
  ) );
#2726 = ORIENTED_EDGE('',*,*,#2727,.F.);
#2727 = EDGE_CURVE('',#2130,#2707,#2728,.T.);
#2728 = SURFACE_CURVE('',#2729,(#2733,#2739),.PCURVE_S1.);
#2729 = LINE('',#2730,#2731);
#2730 = CARTESIAN_POINT('',(45.724994453677,-60.95924783491,
    -6.544990642648));
#2731 = VECTOR('',#2732,1.);
#2732 = DIRECTION('',(0.7158533235,0.691244168684,9.866873109191E-02));
#2733 = PCURVE('',#1407,#2734);
#2734 = DEFINITIONAL_REPRESENTATION('',(#2735),#2738);
#2735 = B_SPLINE_CURVE_WITH_KNOTS('',1,(#2736,#2737),.UNSPECIFIED.,.F.,
  .F.,(2,2),(-4.,12.),.PIECEWISE_BEZIER_KNOTS.);
#2736 = CARTESIAN_POINT('',(2.993226453858,-13.26802906975));
#2737 = CARTESIAN_POINT('',(13.54479472512,-1.240377303228));
#2738 = ( GEOMETRIC_REPRESENTATION_CONTEXT(2) 
PARAMETRIC_REPRESENTATION_CONTEXT() REPRESENTATION_CONTEXT('2D SPACE',''
  ) );
#2739 = PCURVE('',#1662,#2740);
#2740 = DEFINITIONAL_REPRESENTATION('',(#2741),#2744);
#2741 = B_SPLINE_CURVE_WITH_KNOTS('',1,(#2742,#2743),.UNSPECIFIED.,.F.,
  .F.,(2,2),(-4.,12.),.PIECEWISE_BEZIER_KNOTS.);
#2742 = CARTESIAN_POINT('',(0.,-1.));
#2743 = CARTESIAN_POINT('',(16.,-1.));
#2744 = ( GEOMETRIC_REPRESENTATION_CONTEXT(2) 
PARAMETRIC_REPRESENTATION_CONTEXT() REPRESENTATION_CONTEXT('2D SPACE',''
  ) );
#2745 = FACE_BOUND('',#2746,.T.);
#2746 = EDGE_LOOP('',(#2747,#2778,#2804,#2837));
#2747 = ORIENTED_EDGE('',*,*,#2748,.F.);
#2748 = EDGE_CURVE('',#2749,#2751,#2753,.T.);
#2749 = VERTEX_POINT('',#2750);
#2750 = CARTESIAN_POINT('',(57.714309238358,-49.41494722616,
    -4.875905820978));
#2751 = VERTEX_POINT('',#2752);
#2752 = CARTESIAN_POINT('',(57.348654388267,-51.61714244177,
    -3.994638118752));
#2753 = SURFACE_CURVE('',#2754,(#2759,#2766),.PCURVE_S1.);
#2754 = CIRCLE('',#2755,1.2);
#2755 = AXIS2_PLACEMENT_3D('',#2756,#2757,#2758);
#2756 = CARTESIAN_POINT('',(57.531481813313,-50.51604483396,
    -4.435271969865));
#2757 = DIRECTION('',(-0.486995617059,0.392996463048,0.779992980095));
#2758 = DIRECTION('',(0.500389136772,-0.60641180669,0.617960704663));
#2759 = PCURVE('',#1407,#2760);
#2760 = DEFINITIONAL_REPRESENTATION('',(#2761),#2765);
#2761 = CIRCLE('',#2762,1.2);
#2762 = AXIS2_PLACEMENT_2D('',#2763,#2764);
#2763 = CARTESIAN_POINT('',(16.763207607575,1.095870186652));
#2764 = DIRECTION('',(0.751728235408,-0.659473016954));
#2765 = ( GEOMETRIC_REPRESENTATION_CONTEXT(2) 
PARAMETRIC_REPRESENTATION_CONTEXT() REPRESENTATION_CONTEXT('2D SPACE',''
  ) );
#2766 = PCURVE('',#2767,#2772);
#2767 = CYLINDRICAL_SURFACE('',#2768,1.2);
#2768 = AXIS2_PLACEMENT_3D('',#2769,#2770,#2771);
#2769 = CARTESIAN_POINT('',(57.044486196253,-50.12304837092,
    -3.65527898977));
#2770 = DIRECTION('',(-0.486995617059,0.392996463048,0.779992980095));
#2771 = DIRECTION('',(0.500389136772,-0.60641180669,0.617960704663));
#2772 = DEFINITIONAL_REPRESENTATION('',(#2773),#2777);
#2773 = LINE('',#2774,#2775);
#2774 = CARTESIAN_POINT('',(7.850462293419E-17,-1.));
#2775 = VECTOR('',#2776,1.);
#2776 = DIRECTION('',(1.,0.));
#2777 = ( GEOMETRIC_REPRESENTATION_CONTEXT(2) 
PARAMETRIC_REPRESENTATION_CONTEXT() REPRESENTATION_CONTEXT('2D SPACE',''
  ) );
#2778 = ORIENTED_EDGE('',*,*,#2779,.F.);
#2779 = EDGE_CURVE('',#2780,#2749,#2782,.T.);
#2780 = VERTEX_POINT('',#2781);
#2781 = CARTESIAN_POINT('',(62.87438898571,-49.05503399558,
    -1.835504619257));
#2782 = SURFACE_CURVE('',#2783,(#2787,#2793),.PCURVE_S1.);
#2783 = LINE('',#2784,#2785);
#2784 = CARTESIAN_POINT('',(53.070671826969,-49.73883883719,
    -7.612010969972));
#2785 = VECTOR('',#2786,1.);
#2786 = DIRECTION('',(-0.860013291225,-5.99855384299E-02,-0.50673353362)
  );
#2787 = PCURVE('',#1407,#2788);
#2788 = DEFINITIONAL_REPRESENTATION('',(#2789),#2792);
#2789 = B_SPLINE_CURVE_WITH_KNOTS('',1,(#2790,#2791),.UNSPECIFIED.,.F.,
  .F.,(2,2),(-11.39949493661,-5.399494936612),.PIECEWISE_BEZIER_KNOTS.);
#2790 = CARTESIAN_POINT('',(22.672146309877,2.684719900262));
#2791 = CARTESIAN_POINT('',(16.684926458893,2.293314156849));
#2792 = ( GEOMETRIC_REPRESENTATION_CONTEXT(2) 
PARAMETRIC_REPRESENTATION_CONTEXT() REPRESENTATION_CONTEXT('2D SPACE',''
  ) );
#2793 = PCURVE('',#2794,#2799);
#2794 = PLANE('',#2795);
#2795 = AXIS2_PLACEMENT_3D('',#2796,#2797,#2798);
#2796 = CARTESIAN_POINT('',(62.38739336865,-48.66203753254,
    -1.055511639163));
#2797 = DIRECTION('',(0.152356187538,0.917581339834,-0.367194875928));
#2798 = DIRECTION('',(-0.860013291225,-5.99855384299E-02,-0.50673353362)
  );
#2799 = DEFINITIONAL_REPRESENTATION('',(#2800),#2803);
#2800 = B_SPLINE_CURVE_WITH_KNOTS('',1,(#2801,#2802),.UNSPECIFIED.,.F.,
  .F.,(2,2),(-11.39949493661,-5.399494936612),.PIECEWISE_BEZIER_KNOTS.);
#2801 = CARTESIAN_POINT('',(0.,-1.));
#2802 = CARTESIAN_POINT('',(6.,-1.));
#2803 = ( GEOMETRIC_REPRESENTATION_CONTEXT(2) 
PARAMETRIC_REPRESENTATION_CONTEXT() REPRESENTATION_CONTEXT('2D SPACE',''
  ) );
#2804 = ORIENTED_EDGE('',*,*,#2805,.T.);
#2805 = EDGE_CURVE('',#2780,#2806,#2808,.T.);
#2806 = VERTEX_POINT('',#2807);
#2807 = CARTESIAN_POINT('',(62.508734135619,-51.25722921119,
    -0.95423691703));
#2808 = SURFACE_CURVE('',#2809,(#2814,#2825),.PCURVE_S1.);
#2809 = CIRCLE('',#2810,1.2);
#2810 = AXIS2_PLACEMENT_3D('',#2811,#2812,#2813);
#2811 = CARTESIAN_POINT('',(62.691561560664,-50.15613160339,
    -1.394870768144));
#2812 = DIRECTION('',(0.486995617059,-0.392996463048,-0.779992980095));
#2813 = DIRECTION('',(0.152356187538,0.917581339834,-0.367194875928));
#2814 = PCURVE('',#1407,#2815);
#2815 = DEFINITIONAL_REPRESENTATION('',(#2816),#2824);
#2816 = ( BOUNDED_CURVE() B_SPLINE_CURVE(2,(#2817,#2818,#2819,#2820,
#2821,#2822,#2823),.UNSPECIFIED.,.T.,.F.) B_SPLINE_CURVE_WITH_KNOTS((1,2
    ,2,2,2,1),(-2.094395102393,0.,2.094395102393,4.188790204786,
6.28318530718,8.377580409573),.UNSPECIFIED.) CURVE() 
GEOMETRIC_REPRESENTATION_ITEM() RATIONAL_B_SPLINE_CURVE((1.,0.5,1.,0.5,
1.,0.5,1.)) REPRESENTATION_ITEM('') );
#2817 = CARTESIAN_POINT('',(22.672146309877,2.684719900262));
#2818 = CARTESIAN_POINT('',(24.746180105475,2.820306827055));
#2819 = CARTESIAN_POINT('',(23.8265849307,0.956347408363));
#2820 = CARTESIAN_POINT('',(22.906989755925,-0.907612010328));
#2821 = CARTESIAN_POINT('',(21.752551135102,0.82076048157));
#2822 = CARTESIAN_POINT('',(20.598112514279,2.549132973469));
#2823 = CARTESIAN_POINT('',(22.672146309877,2.684719900262));
#2824 = ( GEOMETRIC_REPRESENTATION_CONTEXT(2) 
PARAMETRIC_REPRESENTATION_CONTEXT() REPRESENTATION_CONTEXT('2D SPACE',''
  ) );
#2825 = PCURVE('',#2826,#2831);
#2826 = CYLINDRICAL_SURFACE('',#2827,1.2);
#2827 = AXIS2_PLACEMENT_3D('',#2828,#2829,#2830);
#2828 = CARTESIAN_POINT('',(62.204565943605,-49.76313514034,
    -0.614877788049));
#2829 = DIRECTION('',(-0.486995617059,0.392996463048,0.779992980095));
#2830 = DIRECTION('',(0.500389136772,-0.60641180669,0.617960704663));
#2831 = DEFINITIONAL_REPRESENTATION('',(#2832),#2836);
#2832 = LINE('',#2833,#2834);
#2833 = CARTESIAN_POINT('',(8.639379797372,-1.));
#2834 = VECTOR('',#2835,1.);
#2835 = DIRECTION('',(-1.,-0.));
#2836 = ( GEOMETRIC_REPRESENTATION_CONTEXT(2) 
PARAMETRIC_REPRESENTATION_CONTEXT() REPRESENTATION_CONTEXT('2D SPACE',''
  ) );
#2837 = ORIENTED_EDGE('',*,*,#2838,.F.);
#2838 = EDGE_CURVE('',#2751,#2806,#2839,.T.);
#2839 = SURFACE_CURVE('',#2840,(#2844,#2850),.PCURVE_S1.);
#2840 = LINE('',#2841,#2842);
#2841 = CARTESIAN_POINT('',(50.124977103202,-52.12099066808,
    -8.250943868606));
#2842 = VECTOR('',#2843,1.);
#2843 = DIRECTION('',(0.860013291225,5.99855384299E-02,0.50673353362));
#2844 = PCURVE('',#1407,#2845);
#2845 = DEFINITIONAL_REPRESENTATION('',(#2846),#2849);
#2846 = B_SPLINE_CURVE_WITH_KNOTS('',1,(#2847,#2848),.UNSPECIFIED.,.F.,
  .F.,(2,2),(8.399494936612,14.399494936612),.PIECEWISE_BEZIER_KNOTS.);
#2847 = CARTESIAN_POINT('',(16.841488756258,-0.101573783544));
#2848 = CARTESIAN_POINT('',(22.828708607242,0.289831959869));
#2849 = ( GEOMETRIC_REPRESENTATION_CONTEXT(2) 
PARAMETRIC_REPRESENTATION_CONTEXT() REPRESENTATION_CONTEXT('2D SPACE',''
  ) );
#2850 = PCURVE('',#2851,#2856);
#2851 = PLANE('',#2852);
#2852 = AXIS2_PLACEMENT_3D('',#2853,#2854,#2855);
#2853 = CARTESIAN_POINT('',(56.861658771208,-51.22414597872,
    -3.214645138657));
#2854 = DIRECTION('',(-0.152356187538,-0.917581339834,0.367194875928));
#2855 = DIRECTION('',(0.860013291225,5.99855384299E-02,0.50673353362));
#2856 = DEFINITIONAL_REPRESENTATION('',(#2857),#2860);
#2857 = B_SPLINE_CURVE_WITH_KNOTS('',1,(#2858,#2859),.UNSPECIFIED.,.F.,
  .F.,(2,2),(8.399494936612,14.399494936612),.PIECEWISE_BEZIER_KNOTS.);
#2858 = CARTESIAN_POINT('',(0.,-1.));
#2859 = CARTESIAN_POINT('',(6.,-1.));
#2860 = ( GEOMETRIC_REPRESENTATION_CONTEXT(2) 
PARAMETRIC_REPRESENTATION_CONTEXT() REPRESENTATION_CONTEXT('2D SPACE',''
  ) );
#2861 = ADVANCED_FACE('',(#2862),#1358,.T.);
#2862 = FACE_BOUND('',#2863,.T.);
#2863 = EDGE_LOOP('',(#2864,#2865,#2888,#2911,#2934,#2955));
#2864 = ORIENTED_EDGE('',*,*,#1531,.T.);
#2865 = ORIENTED_EDGE('',*,*,#2866,.T.);
#2866 = EDGE_CURVE('',#1532,#2867,#2869,.T.);
#2867 = VERTEX_POINT('',#2868);
#2868 = CARTESIAN_POINT('',(-58.34383726232,-57.10443183421,
    14.402663988378));
#2869 = SURFACE_CURVE('',#2870,(#2874,#2881),.PCURVE_S1.);
#2870 = LINE('',#2871,#2872);
#2871 = CARTESIAN_POINT('',(-45.06227108961,-52.67724310997,
    14.402663988378));
#2872 = VECTOR('',#2873,1.);
#2873 = DIRECTION('',(-0.948683298051,-0.316227766017,0.));
#2874 = PCURVE('',#1358,#2875);
#2875 = DEFINITIONAL_REPRESENTATION('',(#2876),#2880);
#2876 = LINE('',#2877,#2878);
#2877 = CARTESIAN_POINT('',(-3.906618884019,7.999270522681));
#2878 = VECTOR('',#2879,1.);
#2879 = DIRECTION('',(-0.210090292576,-0.977681987645));
#2880 = ( GEOMETRIC_REPRESENTATION_CONTEXT(2) 
PARAMETRIC_REPRESENTATION_CONTEXT() REPRESENTATION_CONTEXT('2D SPACE',''
  ) );
#2881 = PCURVE('',#1567,#2882);
#2882 = DEFINITIONAL_REPRESENTATION('',(#2883),#2887);
#2883 = LINE('',#2884,#2885);
#2884 = CARTESIAN_POINT('',(6.051249873679E-16,-33.81934729198));
#2885 = VECTOR('',#2886,1.);
#2886 = DIRECTION('',(1.,0.));
#2887 = ( GEOMETRIC_REPRESENTATION_CONTEXT(2) 
PARAMETRIC_REPRESENTATION_CONTEXT() REPRESENTATION_CONTEXT('2D SPACE',''
  ) );
#2888 = ORIENTED_EDGE('',*,*,#2889,.T.);
#2889 = EDGE_CURVE('',#2867,#2890,#2892,.T.);
#2890 = VERTEX_POINT('',#2891);
#2891 = CARTESIAN_POINT('',(-60.58628490464,-50.37708890723,
    5.993485329657));
#2892 = SURFACE_CURVE('',#2893,(#2897,#2904),.PCURVE_S1.);
#2893 = LINE('',#2894,#2895);
#2894 = CARTESIAN_POINT('',(-58.34383726232,-57.10443183421,
    14.402663988378));
#2895 = VECTOR('',#2896,1.);
#2896 = DIRECTION('',(-0.203858876575,0.611576629725,-0.764470787156));
#2897 = PCURVE('',#1358,#2898);
#2898 = DEFINITIONAL_REPRESENTATION('',(#2899),#2903);
#2899 = LINE('',#2900,#2901);
#2900 = CARTESIAN_POINT('',(-6.847882980076,-5.68827730435));
#2901 = VECTOR('',#2902,1.);
#2902 = DIRECTION('',(0.977681987645,-0.210090292576));
#2903 = ( GEOMETRIC_REPRESENTATION_CONTEXT(2) 
PARAMETRIC_REPRESENTATION_CONTEXT() REPRESENTATION_CONTEXT('2D SPACE',''
  ) );
#2904 = PCURVE('',#1280,#2905);
#2905 = DEFINITIONAL_REPRESENTATION('',(#2906),#2910);
#2906 = LINE('',#2907,#2908);
#2907 = CARTESIAN_POINT('',(0.,-33.81934729198));
#2908 = VECTOR('',#2909,1.);
#2909 = DIRECTION('',(1.,0.));
#2910 = ( GEOMETRIC_REPRESENTATION_CONTEXT(2) 
PARAMETRIC_REPRESENTATION_CONTEXT() REPRESENTATION_CONTEXT('2D SPACE',''
  ) );
#2911 = ORIENTED_EDGE('',*,*,#2912,.T.);
#2912 = EDGE_CURVE('',#2890,#2913,#2915,.T.);
#2913 = VERTEX_POINT('',#2914);
#2914 = CARTESIAN_POINT('',(-47.30471873194,-45.94990018299,
    5.993485329657));
#2915 = SURFACE_CURVE('',#2916,(#2920,#2927),.PCURVE_S1.);
#2916 = LINE('',#2917,#2918);
#2917 = CARTESIAN_POINT('',(-60.58628490464,-50.37708890723,
    5.993485329657));
#2918 = VECTOR('',#2919,1.);
#2919 = DIRECTION('',(0.948683298051,0.316227766017,-0.));
#2920 = PCURVE('',#1358,#2921);
#2921 = DEFINITIONAL_REPRESENTATION('',(#2922),#2926);
#2922 = LINE('',#2923,#2924);
#2923 = CARTESIAN_POINT('',(3.906618884019,-7.999270522681));
#2924 = VECTOR('',#2925,1.);
#2925 = DIRECTION('',(0.210090292576,0.977681987645));
#2926 = ( GEOMETRIC_REPRESENTATION_CONTEXT(2) 
PARAMETRIC_REPRESENTATION_CONTEXT() REPRESENTATION_CONTEXT('2D SPACE',''
  ) );
#2927 = PCURVE('',#1306,#2928);
#2928 = DEFINITIONAL_REPRESENTATION('',(#2929),#2933);
#2929 = LINE('',#2930,#2931);
#2930 = CARTESIAN_POINT('',(-6.051249873679E-16,-33.81934729198));
#2931 = VECTOR('',#2932,1.);
#2932 = DIRECTION('',(1.,0.));
#2933 = ( GEOMETRIC_REPRESENTATION_CONTEXT(2) 
PARAMETRIC_REPRESENTATION_CONTEXT() REPRESENTATION_CONTEXT('2D SPACE',''
  ) );
#2934 = ORIENTED_EDGE('',*,*,#2935,.T.);
#2935 = EDGE_CURVE('',#2913,#1318,#2936,.T.);
#2936 = SURFACE_CURVE('',#2937,(#2941,#2948),.PCURVE_S1.);
#2937 = LINE('',#2938,#2939);
#2938 = CARTESIAN_POINT('',(-47.30471873194,-45.94990018299,
    5.993485329657));
#2939 = VECTOR('',#2940,1.);
#2940 = DIRECTION('',(0.203858876575,-0.611576629725,0.764470787156));
#2941 = PCURVE('',#1358,#2942);
#2942 = DEFINITIONAL_REPRESENTATION('',(#2943),#2947);
#2943 = LINE('',#2944,#2945);
#2944 = CARTESIAN_POINT('',(6.847882980077,5.68827730435));
#2945 = VECTOR('',#2946,1.);
#2946 = DIRECTION('',(-0.977681987645,0.210090292576));
#2947 = ( GEOMETRIC_REPRESENTATION_CONTEXT(2) 
PARAMETRIC_REPRESENTATION_CONTEXT() REPRESENTATION_CONTEXT('2D SPACE',''
  ) );
#2948 = PCURVE('',#1332,#2949);
#2949 = DEFINITIONAL_REPRESENTATION('',(#2950),#2954);
#2950 = LINE('',#2951,#2952);
#2951 = CARTESIAN_POINT('',(3.552713678801E-15,-33.81934729198));
#2952 = VECTOR('',#2953,1.);
#2953 = DIRECTION('',(1.,0.));
#2954 = ( GEOMETRIC_REPRESENTATION_CONTEXT(2) 
PARAMETRIC_REPRESENTATION_CONTEXT() REPRESENTATION_CONTEXT('2D SPACE',''
  ) );
#2955 = ORIENTED_EDGE('',*,*,#1343,.T.);
#2956 = ADVANCED_FACE('',(#2957),#1332,.F.);
#2957 = FACE_BOUND('',#2958,.F.);
#2958 = EDGE_LOOP('',(#2959,#2960,#2981));
#2959 = ORIENTED_EDGE('',*,*,#1317,.T.);
#2960 = ORIENTED_EDGE('',*,*,#2961,.T.);
#2961 = EDGE_CURVE('',#1292,#2913,#2962,.T.);
#2962 = SURFACE_CURVE('',#2963,(#2967,#2974),.PCURVE_S1.);
#2963 = LINE('',#2964,#2965);
#2964 = CARTESIAN_POINT('',(-55.4804407348,-21.42273417439,
    27.79541067064));
#2965 = VECTOR('',#2966,1.);
#2966 = DIRECTION('',(0.241746889208,-0.725240667623,-0.64465837122));
#2967 = PCURVE('',#1332,#2968);
#2968 = DEFINITIONAL_REPRESENTATION('',(#2969),#2973);
#2969 = LINE('',#2970,#2971);
#2970 = CARTESIAN_POINT('',(0.,0.));
#2971 = VECTOR('',#2972,1.);
#2972 = DIRECTION('',(0.,-1.));
#2973 = ( GEOMETRIC_REPRESENTATION_CONTEXT(2) 
PARAMETRIC_REPRESENTATION_CONTEXT() REPRESENTATION_CONTEXT('2D SPACE',''
  ) );
#2974 = PCURVE('',#1306,#2975);
#2975 = DEFINITIONAL_REPRESENTATION('',(#2976),#2980);
#2976 = LINE('',#2977,#2978);
#2977 = CARTESIAN_POINT('',(14.,-1.33226762955E-15));
#2978 = VECTOR('',#2979,1.);
#2979 = DIRECTION('',(-4.564843978428E-17,-1.));
#2980 = ( GEOMETRIC_REPRESENTATION_CONTEXT(2) 
PARAMETRIC_REPRESENTATION_CONTEXT() REPRESENTATION_CONTEXT('2D SPACE',''
  ) );
#2981 = ORIENTED_EDGE('',*,*,#2935,.T.);
#2982 = ADVANCED_FACE('',(#2983),#1306,.F.);
#2983 = FACE_BOUND('',#2984,.F.);
#2984 = EDGE_LOOP('',(#2985,#2986,#3007,#3008));
#2985 = ORIENTED_EDGE('',*,*,#1291,.T.);
#2986 = ORIENTED_EDGE('',*,*,#2987,.T.);
#2987 = EDGE_CURVE('',#1266,#2890,#2988,.T.);
#2988 = SURFACE_CURVE('',#2989,(#2993,#3000),.PCURVE_S1.);
#2989 = LINE('',#2990,#2991);
#2990 = CARTESIAN_POINT('',(-68.76200690751,-25.84992289863,
    27.79541067064));
#2991 = VECTOR('',#2992,1.);
#2992 = DIRECTION('',(0.241746889208,-0.725240667623,-0.64465837122));
#2993 = PCURVE('',#1306,#2994);
#2994 = DEFINITIONAL_REPRESENTATION('',(#2995),#2999);
#2995 = LINE('',#2996,#2997);
#2996 = CARTESIAN_POINT('',(0.,0.));
#2997 = VECTOR('',#2998,1.);
#2998 = DIRECTION('',(-4.564843978428E-17,-1.));
#2999 = ( GEOMETRIC_REPRESENTATION_CONTEXT(2) 
PARAMETRIC_REPRESENTATION_CONTEXT() REPRESENTATION_CONTEXT('2D SPACE',''
  ) );
#3000 = PCURVE('',#1280,#3001);
#3001 = DEFINITIONAL_REPRESENTATION('',(#3002),#3006);
#3002 = LINE('',#3003,#3004);
#3003 = CARTESIAN_POINT('',(11.,1.7763568394E-15));
#3004 = VECTOR('',#3005,1.);
#3005 = DIRECTION('',(0.,-1.));
#3006 = ( GEOMETRIC_REPRESENTATION_CONTEXT(2) 
PARAMETRIC_REPRESENTATION_CONTEXT() REPRESENTATION_CONTEXT('2D SPACE',''
  ) );
#3007 = ORIENTED_EDGE('',*,*,#2912,.T.);
#3008 = ORIENTED_EDGE('',*,*,#2961,.F.);
#3009 = ADVANCED_FACE('',(#3010),#1280,.F.);
#3010 = FACE_BOUND('',#3011,.F.);
#3011 = EDGE_LOOP('',(#3012,#3013,#3034,#3035,#3036));
#3012 = ORIENTED_EDGE('',*,*,#1578,.T.);
#3013 = ORIENTED_EDGE('',*,*,#3014,.T.);
#3014 = EDGE_CURVE('',#1553,#2867,#3015,.T.);
#3015 = SURFACE_CURVE('',#3016,(#3020,#3027),.PCURVE_S1.);
#3016 = LINE('',#3017,#3018);
#3017 = CARTESIAN_POINT('',(-66.51955926519,-32.5772658256,
    36.20458932936));
#3018 = VECTOR('',#3019,1.);
#3019 = DIRECTION('',(0.241746889208,-0.725240667623,-0.64465837122));
#3020 = PCURVE('',#1280,#3021);
#3021 = DEFINITIONAL_REPRESENTATION('',(#3022),#3026);
#3022 = LINE('',#3023,#3024);
#3023 = CARTESIAN_POINT('',(0.,0.));
#3024 = VECTOR('',#3025,1.);
#3025 = DIRECTION('',(0.,-1.));
#3026 = ( GEOMETRIC_REPRESENTATION_CONTEXT(2) 
PARAMETRIC_REPRESENTATION_CONTEXT() REPRESENTATION_CONTEXT('2D SPACE',''
  ) );
#3027 = PCURVE('',#1567,#3028);
#3028 = DEFINITIONAL_REPRESENTATION('',(#3029),#3033);
#3029 = LINE('',#3030,#3031);
#3030 = CARTESIAN_POINT('',(14.,-4.440892098501E-16));
#3031 = VECTOR('',#3032,1.);
#3032 = DIRECTION('',(4.564843978428E-17,-1.));
#3033 = ( GEOMETRIC_REPRESENTATION_CONTEXT(2) 
PARAMETRIC_REPRESENTATION_CONTEXT() REPRESENTATION_CONTEXT('2D SPACE',''
  ) );
#3034 = ORIENTED_EDGE('',*,*,#2889,.T.);
#3035 = ORIENTED_EDGE('',*,*,#2987,.F.);
#3036 = ORIENTED_EDGE('',*,*,#1265,.T.);
#3037 = ADVANCED_FACE('',(#3038),#1567,.F.);
#3038 = FACE_BOUND('',#3039,.F.);
#3039 = EDGE_LOOP('',(#3040,#3041,#3042));
#3040 = ORIENTED_EDGE('',*,*,#1552,.T.);
#3041 = ORIENTED_EDGE('',*,*,#2866,.T.);
#3042 = ORIENTED_EDGE('',*,*,#3014,.F.);
#3043 = ADVANCED_FACE('',(#3044,#3110),#1717,.F.);
#3044 = FACE_BOUND('',#3045,.F.);
#3045 = EDGE_LOOP('',(#3046,#3067,#3068,#3069,#3088,#3089));
#3046 = ORIENTED_EDGE('',*,*,#3047,.F.);
#3047 = EDGE_CURVE('',#1904,#3048,#3050,.T.);
#3048 = VERTEX_POINT('',#3049);
#3049 = CARTESIAN_POINT('',(60.67664105541,-49.56824711776,
    6.664653734767));
#3050 = SURFACE_CURVE('',#3051,(#3055,#3061),.PCURVE_S1.);
#3051 = LINE('',#3052,#3053);
#3052 = CARTESIAN_POINT('',(53.230955322723,-27.29771721053,
    22.495561465171));
#3053 = VECTOR('',#3054,1.);
#3054 = DIRECTION('',(0.262910996373,-0.786383876232,-0.558997501952));
#3055 = PCURVE('',#1717,#3056);
#3056 = DEFINITIONAL_REPRESENTATION('',(#3057),#3060);
#3057 = B_SPLINE_CURVE_WITH_KNOTS('',1,(#3058,#3059),.UNSPECIFIED.,.F.,
  .F.,(2,2),(10.704428467444,28.32017616378),.PIECEWISE_BEZIER_KNOTS.);
#3058 = CARTESIAN_POINT('',(0.,-6.11792727752));
#3059 = CARTESIAN_POINT('',(14.,-16.80972632636));
#3060 = ( GEOMETRIC_REPRESENTATION_CONTEXT(2) 
PARAMETRIC_REPRESENTATION_CONTEXT() REPRESENTATION_CONTEXT('2D SPACE',''
  ) );
#3061 = PCURVE('',#1939,#3062);
#3062 = DEFINITIONAL_REPRESENTATION('',(#3063),#3066);
#3063 = B_SPLINE_CURVE_WITH_KNOTS('',1,(#3064,#3065),.UNSPECIFIED.,.F.,
  .F.,(2,2),(10.704428467444,28.32017616378),.PIECEWISE_BEZIER_KNOTS.);
#3064 = CARTESIAN_POINT('',(5.055613178525,-17.50322105837));
#3065 = CARTESIAN_POINT('',(13.829941138961,-32.77822468336));
#3066 = ( GEOMETRIC_REPRESENTATION_CONTEXT(2) 
PARAMETRIC_REPRESENTATION_CONTEXT() REPRESENTATION_CONTEXT('2D SPACE',''
  ) );
#3067 = ORIENTED_EDGE('',*,*,#1903,.T.);
#3068 = ORIENTED_EDGE('',*,*,#1702,.F.);
#3069 = ORIENTED_EDGE('',*,*,#3070,.F.);
#3070 = EDGE_CURVE('',#2665,#1675,#3071,.T.);
#3071 = SURFACE_CURVE('',#3072,(#3076,#3082),.PCURVE_S1.);
#3072 = LINE('',#3073,#3074);
#3073 = CARTESIAN_POINT('',(54.249676481976,-52.05541447834,
    -9.151133901554));
#3074 = VECTOR('',#3075,1.);
#3075 = DIRECTION('',(-0.644966928073,0.708732445237,-0.285860075491));
#3076 = PCURVE('',#1717,#3077);
#3077 = DEFINITIONAL_REPRESENTATION('',(#3078),#3081);
#3078 = B_SPLINE_CURVE_WITH_KNOTS('',1,(#3079,#3080),.UNSPECIFIED.,.F.,
  .F.,(2,2),(-1.741337701444,9.96893230629),.PIECEWISE_BEZIER_KNOTS.);
#3079 = CARTESIAN_POINT('',(14.,-33.44163728275));
#3080 = CARTESIAN_POINT('',(2.868069095063,-37.07626766035));
#3081 = ( GEOMETRIC_REPRESENTATION_CONTEXT(2) 
PARAMETRIC_REPRESENTATION_CONTEXT() REPRESENTATION_CONTEXT('2D SPACE',''
  ) );
#3082 = PCURVE('',#1690,#3083);
#3083 = DEFINITIONAL_REPRESENTATION('',(#3084),#3087);
#3084 = B_SPLINE_CURVE_WITH_KNOTS('',1,(#3085,#3086),.UNSPECIFIED.,.F.,
  .F.,(2,2),(-1.741337701444,9.96893230629),.PIECEWISE_BEZIER_KNOTS.);
#3085 = CARTESIAN_POINT('',(1.126229444038,-4.328778118046));
#3086 = CARTESIAN_POINT('',(12.007043000881,1.33226762955E-15));
#3087 = ( GEOMETRIC_REPRESENTATION_CONTEXT(2) 
PARAMETRIC_REPRESENTATION_CONTEXT() REPRESENTATION_CONTEXT('2D SPACE',''
  ) );
#3088 = ORIENTED_EDGE('',*,*,#2685,.F.);
#3089 = ORIENTED_EDGE('',*,*,#3090,.F.);
#3090 = EDGE_CURVE('',#3048,#2686,#3091,.T.);
#3091 = SURFACE_CURVE('',#3092,(#3096,#3103),.PCURVE_S1.);
#3092 = LINE('',#3093,#3094);
#3093 = CARTESIAN_POINT('',(66.037205112266,-45.80715189835,
    22.146430600174));
#3094 = VECTOR('',#3095,1.);
#3095 = DIRECTION('',(-0.31889656933,-0.223745178618,-0.921001125469));
#3096 = PCURVE('',#1717,#3097);
#3097 = DEFINITIONAL_REPRESENTATION('',(#3098),#3102);
#3098 = LINE('',#3099,#3100);
#3099 = CARTESIAN_POINT('',(14.,8.881784197001E-16));
#3100 = VECTOR('',#3101,1.);
#3101 = DIRECTION('',(-2.775557561563E-17,-1.));
#3102 = ( GEOMETRIC_REPRESENTATION_CONTEXT(2) 
PARAMETRIC_REPRESENTATION_CONTEXT() REPRESENTATION_CONTEXT('2D SPACE',''
  ) );
#3103 = PCURVE('',#1821,#3104);
#3104 = DEFINITIONAL_REPRESENTATION('',(#3105),#3109);
#3105 = LINE('',#3106,#3107);
#3106 = CARTESIAN_POINT('',(0.,0.));
#3107 = VECTOR('',#3108,1.);
#3108 = DIRECTION('',(5.551115123126E-17,-1.));
#3109 = ( GEOMETRIC_REPRESENTATION_CONTEXT(2) 
PARAMETRIC_REPRESENTATION_CONTEXT() REPRESENTATION_CONTEXT('2D SPACE',''
  ) );
#3110 = FACE_BOUND('',#3111,.F.);
#3111 = EDGE_LOOP('',(#3112,#3147));
#3112 = ORIENTED_EDGE('',*,*,#3113,.F.);
#3113 = EDGE_CURVE('',#3114,#3116,#3118,.T.);
#3114 = VERTEX_POINT('',#3115);
#3115 = CARTESIAN_POINT('',(56.09673831587,-50.81839435061,
    -3.896666486856));
#3116 = VERTEX_POINT('',#3117);
#3117 = CARTESIAN_POINT('',(56.662573629252,-51.21684450959,
    -3.342624550835));
#3118 = SURFACE_CURVE('',#3119,(#3124,#3131),.PCURVE_S1.);
#3119 = ELLIPSE('',#3120,2.591058611823,1.2);
#3120 = AXIS2_PLACEMENT_3D('',#3121,#3122,#3123);
#3121 = CARTESIAN_POINT('',(56.005226065163,-49.28438465117,
    -1.990755576525));
#3122 = DIRECTION('',(-0.753938196477,-0.528980405127,0.389559914372));
#3123 = DIRECTION('',(-0.155505961595,0.719836571929,0.676500706298));
#3124 = PCURVE('',#1717,#3125);
#3125 = DEFINITIONAL_REPRESENTATION('',(#3126),#3130);
#3126 = ELLIPSE('',#3127,2.591058611823,1.2);
#3127 = AXIS2_PLACEMENT_2D('',#3128,#3129);
#3128 = CARTESIAN_POINT('',(11.084583638479,-26.20755339947));
#3129 = DIRECTION('',(-0.678578859548,0.73452755658));
#3130 = ( GEOMETRIC_REPRESENTATION_CONTEXT(2) 
PARAMETRIC_REPRESENTATION_CONTEXT() REPRESENTATION_CONTEXT('2D SPACE',''
  ) );
#3131 = PCURVE('',#3132,#3137);
#3132 = CYLINDRICAL_SURFACE('',#3133,1.2);
#3133 = AXIS2_PLACEMENT_3D('',#3134,#3135,#3136);
#3134 = CARTESIAN_POINT('',(57.044486196253,-50.12304837092,
    -3.65527898977));
#3135 = DIRECTION('',(-0.486995617059,0.392996463048,0.779992980095));
#3136 = DIRECTION('',(0.500389136772,-0.60641180669,0.617960704663));
#3137 = DEFINITIONAL_REPRESENTATION('',(#3138),#3146);
#3138 = B_SPLINE_CURVE_WITH_KNOTS('',6,(#3139,#3140,#3141,#3142,#3143,
    #3144,#3145),.UNSPECIFIED.,.F.,.F.,(7,7),(2.763252456258,
    3.519932850922),.PIECEWISE_BEZIER_KNOTS.);
#3139 = CARTESIAN_POINT('',(4.543465452191,5.999999999062E-07));
#3140 = CARTESIAN_POINT('',(4.669578851302,-0.106975282593));
#3141 = CARTESIAN_POINT('',(4.795692250412,-0.173222241108));
#3142 = CARTESIAN_POINT('',(4.921805649523,-0.195677873746));
#3143 = CARTESIAN_POINT('',(5.047919048633,-0.173222241108));
#3144 = CARTESIAN_POINT('',(5.174032447744,-0.106975282593));
#3145 = CARTESIAN_POINT('',(5.300145846855,5.999999999062E-07));
#3146 = ( GEOMETRIC_REPRESENTATION_CONTEXT(2) 
PARAMETRIC_REPRESENTATION_CONTEXT() REPRESENTATION_CONTEXT('2D SPACE',''
  ) );
#3147 = ORIENTED_EDGE('',*,*,#3148,.F.);
#3148 = EDGE_CURVE('',#3116,#3114,#3149,.T.);
#3149 = SURFACE_CURVE('',#3150,(#3154,#3160),.PCURVE_S1.);
#3150 = LINE('',#3151,#3152);
#3151 = CARTESIAN_POINT('',(59.456767280925,-53.1844610199,
    -0.606668657351));
#3152 = VECTOR('',#3153,1.);
#3153 = DIRECTION('',(-0.638275091008,0.449460833338,-0.624971893363));
#3154 = PCURVE('',#1717,#3155);
#3155 = DEFINITIONAL_REPRESENTATION('',(#3156),#3159);
#3156 = B_SPLINE_CURVE_WITH_KNOTS('',1,(#3157,#3158),.UNSPECIFIED.,.F.,
  .F.,(2,2),(4.35625203434,5.571705176546),.PIECEWISE_BEZIER_KNOTS.);
#3157 = CARTESIAN_POINT('',(13.05983272976,-27.66080695767));
#3158 = CARTESIAN_POINT('',(12.167048903077,-28.48558776474));
#3159 = ( GEOMETRIC_REPRESENTATION_CONTEXT(2) 
PARAMETRIC_REPRESENTATION_CONTEXT() REPRESENTATION_CONTEXT('2D SPACE',''
  ) );
#3160 = PCURVE('',#3161,#3166);
#3161 = PLANE('',#3162);
#3162 = AXIS2_PLACEMENT_3D('',#3163,#3164,#3165);
#3163 = CARTESIAN_POINT('',(57.044486196253,-50.12304837092,
    -3.65527898977));
#3164 = DIRECTION('',(-0.486995617059,0.392996463048,0.779992980095));
#3165 = DIRECTION('',(0.848242593748,-2.775557561563E-17,0.52960787584)
  );
#3166 = DEFINITIONAL_REPRESENTATION('',(#3167),#3170);
#3167 = B_SPLINE_CURVE_WITH_KNOTS('',1,(#3168,#3169),.UNSPECIFIED.,.F.,
  .F.,(2,2),(4.35625203434,5.571705176546),.PIECEWISE_BEZIER_KNOTS.);
#3168 = CARTESIAN_POINT('',(-0.139636058677,-1.2));
#3169 = CARTESIAN_POINT('',(-1.2,-0.605900132265));
#3170 = ( GEOMETRIC_REPRESENTATION_CONTEXT(2) 
PARAMETRIC_REPRESENTATION_CONTEXT() REPRESENTATION_CONTEXT('2D SPACE',''
  ) );
#3171 = ADVANCED_FACE('',(#3172),#1690,.F.);
#3172 = FACE_BOUND('',#3173,.F.);
#3173 = EDGE_LOOP('',(#3174,#3175,#3198,#3219,#3240,#3241));
#3174 = ORIENTED_EDGE('',*,*,#1674,.F.);
#3175 = ORIENTED_EDGE('',*,*,#3176,.T.);
#3176 = EDGE_CURVE('',#1647,#3177,#3179,.T.);
#3177 = VERTEX_POINT('',#3178);
#3178 = CARTESIAN_POINT('',(56.750212420969,-54.62930012595,
    -9.260930770019));
#3179 = SURFACE_CURVE('',#3180,(#3184,#3191),.PCURVE_S1.);
#3180 = LINE('',#3181,#3182);
#3181 = CARTESIAN_POINT('',(53.828238718614,-52.27132134766,
    -4.58097288945));
#3182 = VECTOR('',#3183,1.);
#3183 = DIRECTION('',(0.486995617059,-0.392996463048,-0.779992980095));
#3184 = PCURVE('',#1690,#3185);
#3185 = DEFINITIONAL_REPRESENTATION('',(#3186),#3190);
#3186 = LINE('',#3187,#3188);
#3187 = CARTESIAN_POINT('',(0.,0.));
#3188 = VECTOR('',#3189,1.);
#3189 = DIRECTION('',(1.665334536938E-16,-1.));
#3190 = ( GEOMETRIC_REPRESENTATION_CONTEXT(2) 
PARAMETRIC_REPRESENTATION_CONTEXT() REPRESENTATION_CONTEXT('2D SPACE',''
  ) );
#3191 = PCURVE('',#1662,#3192);
#3192 = DEFINITIONAL_REPRESENTATION('',(#3193),#3197);
#3193 = LINE('',#3194,#3195);
#3194 = CARTESIAN_POINT('',(16.,-6.883382752676E-15));
#3195 = VECTOR('',#3196,1.);
#3196 = DIRECTION('',(6.938893903907E-17,-1.));
#3197 = ( GEOMETRIC_REPRESENTATION_CONTEXT(2) 
PARAMETRIC_REPRESENTATION_CONTEXT() REPRESENTATION_CONTEXT('2D SPACE',''
  ) );
#3198 = ORIENTED_EDGE('',*,*,#3199,.T.);
#3199 = EDGE_CURVE('',#3177,#3200,#3202,.T.);
#3200 = VERTEX_POINT('',#3201);
#3201 = CARTESIAN_POINT('',(45.741651411982,-41.28824037877,
    -22.8560662726));
#3202 = SURFACE_CURVE('',#3203,(#3207,#3213),.PCURVE_S1.);
#3203 = LINE('',#3204,#3205);
#3204 = CARTESIAN_POINT('',(53.998072168723,-51.29403518915,
    -12.65971464566));
#3205 = VECTOR('',#3206,1.);
#3206 = DIRECTION('',(-0.500389136772,0.60641180669,-0.617960704663));
#3207 = PCURVE('',#1690,#3208);
#3208 = DEFINITIONAL_REPRESENTATION('',(#3209),#3212);
#3209 = B_SPLINE_CURVE_WITH_KNOTS('',1,(#3210,#3211),.UNSPECIFIED.,.F.,
  .F.,(2,2),(-5.5,16.5),.PIECEWISE_BEZIER_KNOTS.);
#3210 = CARTESIAN_POINT('',(0.,-6.));
#3211 = CARTESIAN_POINT('',(22.,-6.));
#3212 = ( GEOMETRIC_REPRESENTATION_CONTEXT(2) 
PARAMETRIC_REPRESENTATION_CONTEXT() REPRESENTATION_CONTEXT('2D SPACE',''
  ) );
#3213 = PCURVE('',#2017,#3214);
#3214 = DEFINITIONAL_REPRESENTATION('',(#3215),#3218);
#3215 = B_SPLINE_CURVE_WITH_KNOTS('',1,(#3216,#3217),.UNSPECIFIED.,.F.,
  .F.,(2,2),(-5.5,16.5),.PIECEWISE_BEZIER_KNOTS.);
#3216 = CARTESIAN_POINT('',(13.54479472512,-1.240377303228));
#3217 = CARTESIAN_POINT('',(-2.993226453858,13.268029069757));
#3218 = ( GEOMETRIC_REPRESENTATION_CONTEXT(2) 
PARAMETRIC_REPRESENTATION_CONTEXT() REPRESENTATION_CONTEXT('2D SPACE',''
  ) );
#3219 = ORIENTED_EDGE('',*,*,#3220,.F.);
#3220 = EDGE_CURVE('',#2644,#3200,#3221,.T.);
#3221 = SURFACE_CURVE('',#3222,(#3226,#3233),.PCURVE_S1.);
#3222 = LINE('',#3223,#3224);
#3223 = CARTESIAN_POINT('',(42.819677709627,-38.93026160048,
    -18.17610839203));
#3224 = VECTOR('',#3225,1.);
#3225 = DIRECTION('',(0.486995617059,-0.392996463048,-0.779992980095));
#3226 = PCURVE('',#1690,#3227);
#3227 = DEFINITIONAL_REPRESENTATION('',(#3228),#3232);
#3228 = LINE('',#3229,#3230);
#3229 = CARTESIAN_POINT('',(22.,0.));
#3230 = VECTOR('',#3231,1.);
#3231 = DIRECTION('',(1.665334536938E-16,-1.));
#3232 = ( GEOMETRIC_REPRESENTATION_CONTEXT(2) 
PARAMETRIC_REPRESENTATION_CONTEXT() REPRESENTATION_CONTEXT('2D SPACE',''
  ) );
#3233 = PCURVE('',#1990,#3234);
#3234 = DEFINITIONAL_REPRESENTATION('',(#3235),#3239);
#3235 = LINE('',#3236,#3237);
#3236 = CARTESIAN_POINT('',(-0.,0.));
#3237 = VECTOR('',#3238,1.);
#3238 = DIRECTION('',(-6.938893903907E-17,-1.));
#3239 = ( GEOMETRIC_REPRESENTATION_CONTEXT(2) 
PARAMETRIC_REPRESENTATION_CONTEXT() REPRESENTATION_CONTEXT('2D SPACE',''
  ) );
#3240 = ORIENTED_EDGE('',*,*,#2664,.F.);
#3241 = ORIENTED_EDGE('',*,*,#3070,.T.);
#3242 = ADVANCED_FACE('',(#3243),#1662,.F.);
#3243 = FACE_BOUND('',#3244,.F.);
#3244 = EDGE_LOOP('',(#3245,#3246,#3247,#3266,#3267,#3268,#3269));
#3245 = ORIENTED_EDGE('',*,*,#2727,.F.);
#3246 = ORIENTED_EDGE('',*,*,#2129,.T.);
#3247 = ORIENTED_EDGE('',*,*,#3248,.T.);
#3248 = EDGE_CURVE('',#2109,#3177,#3249,.T.);
#3249 = SURFACE_CURVE('',#3250,(#3254,#3260),.PCURVE_S1.);
#3250 = LINE('',#3251,#3252);
#3251 = CARTESIAN_POINT('',(48.159972538973,-62.92423015015,
    -10.44495554312));
#3252 = VECTOR('',#3253,1.);
#3253 = DIRECTION('',(0.7158533235,0.691244168684,9.866873109191E-02));
#3254 = PCURVE('',#1662,#3255);
#3255 = DEFINITIONAL_REPRESENTATION('',(#3256),#3259);
#3256 = B_SPLINE_CURVE_WITH_KNOTS('',1,(#3257,#3258),.UNSPECIFIED.,.F.,
  .F.,(2,2),(-4.,12.),.PIECEWISE_BEZIER_KNOTS.);
#3257 = CARTESIAN_POINT('',(0.,-6.));
#3258 = CARTESIAN_POINT('',(16.,-6.));
#3259 = ( GEOMETRIC_REPRESENTATION_CONTEXT(2) 
PARAMETRIC_REPRESENTATION_CONTEXT() REPRESENTATION_CONTEXT('2D SPACE',''
  ) );
#3260 = PCURVE('',#2017,#3261);
#3261 = DEFINITIONAL_REPRESENTATION('',(#3262),#3265);
#3262 = B_SPLINE_CURVE_WITH_KNOTS('',1,(#3263,#3264),.UNSPECIFIED.,.F.,
  .F.,(2,2),(-4.,12.),.PIECEWISE_BEZIER_KNOTS.);
#3263 = CARTESIAN_POINT('',(2.993226453858,-13.26802906975));
#3264 = CARTESIAN_POINT('',(13.54479472512,-1.240377303228));
#3265 = ( GEOMETRIC_REPRESENTATION_CONTEXT(2) 
PARAMETRIC_REPRESENTATION_CONTEXT() REPRESENTATION_CONTEXT('2D SPACE',''
  ) );
#3266 = ORIENTED_EDGE('',*,*,#3176,.F.);
#3267 = ORIENTED_EDGE('',*,*,#1646,.F.);
#3268 = ORIENTED_EDGE('',*,*,#1833,.T.);
#3269 = ORIENTED_EDGE('',*,*,#3270,.T.);
#3270 = EDGE_CURVE('',#1806,#2707,#3271,.T.);
#3271 = SURFACE_CURVE('',#3272,(#3276,#3282),.PCURVE_S1.);
#3272 = LINE('',#3273,#3274);
#3273 = CARTESIAN_POINT('',(52.810106887929,-55.0875886902,
    -6.520183021082));
#3274 = VECTOR('',#3275,1.);
#3275 = DIRECTION('',(0.814605607036,0.57154605781,-9.875631011983E-02)
  );
#3276 = PCURVE('',#1662,#3277);
#3277 = DEFINITIONAL_REPRESENTATION('',(#3278),#3281);
#3278 = B_SPLINE_CURVE_WITH_KNOTS('',1,(#3279,#3280),.UNSPECIFIED.,.F.,
  .F.,(2,2),(-7.629324840085,2.960231454334),.PIECEWISE_BEZIER_KNOTS.);
#3279 = CARTESIAN_POINT('',(5.744312815058,-0.222887288914));
#3280 = CARTESIAN_POINT('',(16.,-2.860989424406));
#3281 = ( GEOMETRIC_REPRESENTATION_CONTEXT(2) 
PARAMETRIC_REPRESENTATION_CONTEXT() REPRESENTATION_CONTEXT('2D SPACE',''
  ) );
#3282 = PCURVE('',#1821,#3283);
#3283 = DEFINITIONAL_REPRESENTATION('',(#3284),#3287);
#3284 = B_SPLINE_CURVE_WITH_KNOTS('',1,(#3285,#3286),.UNSPECIFIED.,.F.,
  .F.,(2,2),(-7.629324840085,2.960231454334),.PIECEWISE_BEZIER_KNOTS.);
#3285 = CARTESIAN_POINT('',(11.,-34.96014045916));
#3286 = CARTESIAN_POINT('',(0.887286690601,-31.81820920043));
#3287 = ( GEOMETRIC_REPRESENTATION_CONTEXT(2) 
PARAMETRIC_REPRESENTATION_CONTEXT() REPRESENTATION_CONTEXT('2D SPACE',''
  ) );
#3288 = ADVANCED_FACE('',(#3289),#1768,.F.);
#3289 = FACE_BOUND('',#3290,.F.);
#3290 = EDGE_LOOP('',(#3291,#3319,#3347,#3368,#3369,#3370,#3393,#3420));
#3291 = ORIENTED_EDGE('',*,*,#3292,.F.);
#3292 = EDGE_CURVE('',#3293,#3295,#3297,.T.);
#3293 = VERTEX_POINT('',#3294);
#3294 = CARTESIAN_POINT('',(52.954685459607,-29.,35.449102308356));
#3295 = VERTEX_POINT('',#3296);
#3296 = CARTESIAN_POINT('',(52.954685459607,-29.,26.));
#3297 = SURFACE_CURVE('',#3298,(#3302,#3308),.PCURVE_S1.);
#3298 = LINE('',#3299,#3300);
#3299 = CARTESIAN_POINT('',(52.954685459607,-29.,31.10229466468));
#3300 = VECTOR('',#3301,1.);
#3301 = DIRECTION('',(2.925694557147E-17,0.,-1.));
#3302 = PCURVE('',#1768,#3303);
#3303 = DEFINITIONAL_REPRESENTATION('',(#3304),#3307);
#3304 = B_SPLINE_CURVE_WITH_KNOTS('',1,(#3305,#3306),.UNSPECIFIED.,.F.,
  .F.,(2,2),(-4.346807643676,5.10229466468),.PIECEWISE_BEZIER_KNOTS.);
#3305 = CARTESIAN_POINT('',(-4.440892098501E-16,-1.171918421805));
#3306 = CARTESIAN_POINT('',(7.223562679591,-7.263361325404));
#3307 = ( GEOMETRIC_REPRESENTATION_CONTEXT(2) 
PARAMETRIC_REPRESENTATION_CONTEXT() REPRESENTATION_CONTEXT('2D SPACE',''
  ) );
#3308 = PCURVE('',#3309,#3314);
#3309 = PLANE('',#3310);
#3310 = AXIS2_PLACEMENT_3D('',#3311,#3312,#3313);
#3311 = CARTESIAN_POINT('',(52.,-29.,26.));
#3312 = DIRECTION('',(0.,1.,0.));
#3313 = DIRECTION('',(0.,0.,1.));
#3314 = DEFINITIONAL_REPRESENTATION('',(#3315),#3318);
#3315 = B_SPLINE_CURVE_WITH_KNOTS('',1,(#3316,#3317),.UNSPECIFIED.,.F.,
  .F.,(2,2),(-4.346807643676,5.10229466468),.PIECEWISE_BEZIER_KNOTS.);
#3316 = CARTESIAN_POINT('',(9.449102308356,0.954685459607));
#3317 = CARTESIAN_POINT('',(0.,0.954685459607));
#3318 = ( GEOMETRIC_REPRESENTATION_CONTEXT(2) 
PARAMETRIC_REPRESENTATION_CONTEXT() REPRESENTATION_CONTEXT('2D SPACE',''
  ) );
#3319 = ORIENTED_EDGE('',*,*,#3320,.T.);
#3320 = EDGE_CURVE('',#3293,#3321,#3323,.T.);
#3321 = VERTEX_POINT('',#3322);
#3322 = CARTESIAN_POINT('',(45.062271089615,-52.67724310997,
    14.402663988378));
#3323 = SURFACE_CURVE('',#3324,(#3328,#3335),.PCURVE_S1.);
#3324 = LINE('',#3325,#3326);
#3325 = CARTESIAN_POINT('',(53.237993092484,-28.15007710137,
    36.20458932936));
#3326 = VECTOR('',#3327,1.);
#3327 = DIRECTION('',(-0.241746889208,-0.725240667623,-0.64465837122));
#3328 = PCURVE('',#1768,#3329);
#3329 = DEFINITIONAL_REPRESENTATION('',(#3330),#3334);
#3330 = LINE('',#3331,#3332);
#3331 = CARTESIAN_POINT('',(0.,0.));
#3332 = VECTOR('',#3333,1.);
#3333 = DIRECTION('',(0.,-1.));
#3334 = ( GEOMETRIC_REPRESENTATION_CONTEXT(2) 
PARAMETRIC_REPRESENTATION_CONTEXT() REPRESENTATION_CONTEXT('2D SPACE',''
  ) );
#3335 = PCURVE('',#3336,#3341);
#3336 = PLANE('',#3337);
#3337 = AXIS2_PLACEMENT_3D('',#3338,#3339,#3340);
#3338 = CARTESIAN_POINT('',(66.519559265191,-32.5772658256,
    36.20458932936));
#3339 = DIRECTION('',(0.203858876575,0.611576629725,-0.764470787156));
#3340 = DIRECTION('',(-0.948683298051,0.316227766017,2.775557561563E-17)
  );
#3341 = DEFINITIONAL_REPRESENTATION('',(#3342),#3346);
#3342 = LINE('',#3343,#3344);
#3343 = CARTESIAN_POINT('',(14.,4.440892098501E-16));
#3344 = VECTOR('',#3345,1.);
#3345 = DIRECTION('',(-4.564843978428E-17,-1.));
#3346 = ( GEOMETRIC_REPRESENTATION_CONTEXT(2) 
PARAMETRIC_REPRESENTATION_CONTEXT() REPRESENTATION_CONTEXT('2D SPACE',''
  ) );
#3347 = ORIENTED_EDGE('',*,*,#3348,.T.);
#3348 = EDGE_CURVE('',#3321,#1752,#3349,.T.);
#3349 = SURFACE_CURVE('',#3350,(#3354,#3361),.PCURVE_S1.);
#3350 = LINE('',#3351,#3352);
#3351 = CARTESIAN_POINT('',(45.062271089615,-52.67724310997,
    14.402663988378));
#3352 = VECTOR('',#3353,1.);
#3353 = DIRECTION('',(0.203858876575,0.611576629725,-0.764470787156));
#3354 = PCURVE('',#1768,#3355);
#3355 = DEFINITIONAL_REPRESENTATION('',(#3356),#3360);
#3356 = LINE('',#3357,#3358);
#3357 = CARTESIAN_POINT('',(0.,-33.81934729198));
#3358 = VECTOR('',#3359,1.);
#3359 = DIRECTION('',(1.,0.));
#3360 = ( GEOMETRIC_REPRESENTATION_CONTEXT(2) 
PARAMETRIC_REPRESENTATION_CONTEXT() REPRESENTATION_CONTEXT('2D SPACE',''
  ) );
#3361 = PCURVE('',#1794,#3362);
#3362 = DEFINITIONAL_REPRESENTATION('',(#3363),#3367);
#3363 = LINE('',#3364,#3365);
#3364 = CARTESIAN_POINT('',(-3.906618884019,-7.999270522681));
#3365 = VECTOR('',#3366,1.);
#3366 = DIRECTION('',(0.977681987645,0.210090292576));
#3367 = ( GEOMETRIC_REPRESENTATION_CONTEXT(2) 
PARAMETRIC_REPRESENTATION_CONTEXT() REPRESENTATION_CONTEXT('2D SPACE',''
  ) );
#3368 = ORIENTED_EDGE('',*,*,#1751,.T.);
#3369 = ORIENTED_EDGE('',*,*,#1878,.T.);
#3370 = ORIENTED_EDGE('',*,*,#3371,.F.);
#3371 = EDGE_CURVE('',#3372,#1879,#3374,.T.);
#3372 = VERTEX_POINT('',#3373);
#3373 = CARTESIAN_POINT('',(54.28801879294,-25.,24.615618825656));
#3374 = SURFACE_CURVE('',#3375,(#3379,#3386),.PCURVE_S1.);
#3375 = LINE('',#3376,#3377);
#3376 = CARTESIAN_POINT('',(55.480440734809,-21.42273417439,
    27.79541067064));
#3377 = VECTOR('',#3378,1.);
#3378 = DIRECTION('',(-0.241746889208,-0.725240667623,-0.64465837122));
#3379 = PCURVE('',#1768,#3380);
#3380 = DEFINITIONAL_REPRESENTATION('',(#3381),#3385);
#3381 = LINE('',#3382,#3383);
#3382 = CARTESIAN_POINT('',(11.,0.));
#3383 = VECTOR('',#3384,1.);
#3384 = DIRECTION('',(0.,-1.));
#3385 = ( GEOMETRIC_REPRESENTATION_CONTEXT(2) 
PARAMETRIC_REPRESENTATION_CONTEXT() REPRESENTATION_CONTEXT('2D SPACE',''
  ) );
#3386 = PCURVE('',#1939,#3387);
#3387 = DEFINITIONAL_REPRESENTATION('',(#3388),#3392);
#3388 = LINE('',#3389,#3390);
#3389 = CARTESIAN_POINT('',(0.,0.));
#3390 = VECTOR('',#3391,1.);
#3391 = DIRECTION('',(4.564843978428E-17,-1.));
#3392 = ( GEOMETRIC_REPRESENTATION_CONTEXT(2) 
PARAMETRIC_REPRESENTATION_CONTEXT() REPRESENTATION_CONTEXT('2D SPACE',''
  ) );
#3393 = ORIENTED_EDGE('',*,*,#3394,.T.);
#3394 = EDGE_CURVE('',#3372,#3395,#3397,.T.);
#3395 = VERTEX_POINT('',#3396);
#3396 = CARTESIAN_POINT('',(54.28801879294,-25.,26.));
#3397 = SURFACE_CURVE('',#3398,(#3402,#3408),.PCURVE_S1.);
#3398 = LINE('',#3399,#3400);
#3399 = CARTESIAN_POINT('',(54.28801879294,-25.,-81.89770533532));
#3400 = VECTOR('',#3401,1.);
#3401 = DIRECTION('',(-2.925694557147E-17,0.,1.));
#3402 = PCURVE('',#1768,#3403);
#3403 = DEFINITIONAL_REPRESENTATION('',(#3404),#3407);
#3404 = B_SPLINE_CURVE_WITH_KNOTS('',1,(#3405,#3406),.UNSPECIFIED.,.F.,
  .F.,(2,2),(106.51332416097,114.16469828796),.PIECEWISE_BEZIER_KNOTS.);
#3405 = CARTESIAN_POINT('',(11.,-4.932522382303));
#3406 = CARTESIAN_POINT('',(5.150747998311,0.));
#3407 = ( GEOMETRIC_REPRESENTATION_CONTEXT(2) 
PARAMETRIC_REPRESENTATION_CONTEXT() REPRESENTATION_CONTEXT('2D SPACE',''
  ) );
#3408 = PCURVE('',#3409,#3414);
#3409 = PLANE('',#3410);
#3410 = AXIS2_PLACEMENT_3D('',#3411,#3412,#3413);
#3411 = CARTESIAN_POINT('',(-200.,-25.,-200.));
#3412 = DIRECTION('',(0.,1.,0.));
#3413 = DIRECTION('',(0.,0.,1.));
#3414 = DEFINITIONAL_REPRESENTATION('',(#3415),#3419);
#3415 = LINE('',#3416,#3417);
#3416 = CARTESIAN_POINT('',(118.10229466468,254.28801879294));
#3417 = VECTOR('',#3418,1.);
#3418 = DIRECTION('',(1.,-2.925694557147E-17));
#3419 = ( GEOMETRIC_REPRESENTATION_CONTEXT(2) 
PARAMETRIC_REPRESENTATION_CONTEXT() REPRESENTATION_CONTEXT('2D SPACE',''
  ) );
#3420 = ORIENTED_EDGE('',*,*,#3421,.F.);
#3421 = EDGE_CURVE('',#3295,#3395,#3422,.T.);
#3422 = SURFACE_CURVE('',#3423,(#3427,#3433),.PCURVE_S1.);
#3423 = LINE('',#3424,#3425);
#3424 = CARTESIAN_POINT('',(53.048605003065,-28.71824136962,26.));
#3425 = VECTOR('',#3426,1.);
#3426 = DIRECTION('',(0.316227766017,0.948683298051,-0.));
#3427 = PCURVE('',#1768,#3428);
#3428 = DEFINITIONAL_REPRESENTATION('',(#3429),#3432);
#3429 = B_SPLINE_CURVE_WITH_KNOTS('',1,(#3430,#3431),.UNSPECIFIED.,.F.,
  .F.,(2,2),(-0.29699967413,3.919370539428),.PIECEWISE_BEZIER_KNOTS.);
#3430 = CARTESIAN_POINT('',(7.223562679591,-7.263361325404));
#3431 = CARTESIAN_POINT('',(9.941681033925,-4.040069469303));
#3432 = ( GEOMETRIC_REPRESENTATION_CONTEXT(2) 
PARAMETRIC_REPRESENTATION_CONTEXT() REPRESENTATION_CONTEXT('2D SPACE',''
  ) );
#3433 = PCURVE('',#3434,#3439);
#3434 = PLANE('',#3435);
#3435 = AXIS2_PLACEMENT_3D('',#3436,#3437,#3438);
#3436 = CARTESIAN_POINT('',(52.,-29.,26.));
#3437 = DIRECTION('',(0.,0.,1.));
#3438 = DIRECTION('',(1.,0.,0.));
#3439 = DEFINITIONAL_REPRESENTATION('',(#3440),#3443);
#3440 = B_SPLINE_CURVE_WITH_KNOTS('',1,(#3441,#3442),.UNSPECIFIED.,.F.,
  .F.,(2,2),(-0.29699967413,3.919370539428),.PIECEWISE_BEZIER_KNOTS.);
#3441 = CARTESIAN_POINT('',(0.954685459607,-5.551115123126E-17));
#3442 = CARTESIAN_POINT('',(2.28801879294,4.));
#3443 = ( GEOMETRIC_REPRESENTATION_CONTEXT(2) 
PARAMETRIC_REPRESENTATION_CONTEXT() REPRESENTATION_CONTEXT('2D SPACE',''
  ) );
#3444 = ADVANCED_FACE('',(#3445),#1821,.F.);
#3445 = FACE_BOUND('',#3446,.F.);
#3446 = EDGE_LOOP('',(#3447,#3468,#3469,#3470,#3471,#3472));
#3447 = ORIENTED_EDGE('',*,*,#3448,.F.);
#3448 = EDGE_CURVE('',#3048,#3449,#3451,.T.);
#3449 = VERTEX_POINT('',#3450);
#3450 = CARTESIAN_POINT('',(59.866017020832,-50.13699961263,
    5.993485329657));
#3451 = SURFACE_CURVE('',#3452,(#3456,#3462),.PCURVE_S1.);
#3452 = LINE('',#3453,#3454);
#3453 = CARTESIAN_POINT('',(72.813809014792,-41.05253050565,
    16.713805146962));
#3454 = VECTOR('',#3455,1.);
#3455 = DIRECTION('',(-0.677627301966,-0.475438923766,-0.56105175287));
#3456 = PCURVE('',#1821,#3457);
#3457 = DEFINITIONAL_REPRESENTATION('',(#3458),#3461);
#3458 = B_SPLINE_CURVE_WITH_KNOTS('',1,(#3459,#3460),.UNSPECIFIED.,.F.,
  .F.,(2,2),(17.911273533654,19.107541795318),.PIECEWISE_BEZIER_KNOTS.);
#3459 = CARTESIAN_POINT('',(1.7763568394E-15,-16.80972632636));
#3460 = CARTESIAN_POINT('',(0.650559041376,-17.81363403505));
#3461 = ( GEOMETRIC_REPRESENTATION_CONTEXT(2) 
PARAMETRIC_REPRESENTATION_CONTEXT() REPRESENTATION_CONTEXT('2D SPACE',''
  ) );
#3462 = PCURVE('',#1939,#3463);
#3463 = DEFINITIONAL_REPRESENTATION('',(#3464),#3467);
#3464 = B_SPLINE_CURVE_WITH_KNOTS('',1,(#3465,#3466),.UNSPECIFIED.,.F.,
  .F.,(2,2),(17.911273533654,19.107541795318),.PIECEWISE_BEZIER_KNOTS.);
#3465 = CARTESIAN_POINT('',(13.829941138961,-32.77822468336));
#3466 = CARTESIAN_POINT('',(13.240770987224,-33.81934729198));
#3467 = ( GEOMETRIC_REPRESENTATION_CONTEXT(2) 
PARAMETRIC_REPRESENTATION_CONTEXT() REPRESENTATION_CONTEXT('2D SPACE',''
  ) );
#3468 = ORIENTED_EDGE('',*,*,#3090,.T.);
#3469 = ORIENTED_EDGE('',*,*,#2706,.F.);
#3470 = ORIENTED_EDGE('',*,*,#3270,.F.);
#3471 = ORIENTED_EDGE('',*,*,#1805,.F.);
#3472 = ORIENTED_EDGE('',*,*,#3473,.T.);
#3473 = EDGE_CURVE('',#1780,#3449,#3474,.T.);
#3474 = SURFACE_CURVE('',#3475,(#3479,#3485),.PCURVE_S1.);
#3475 = LINE('',#3476,#3477);
#3476 = CARTESIAN_POINT('',(55.913881587928,-52.90990886723,
    10.595059028431));
#3477 = VECTOR('',#3478,1.);
#3478 = DIRECTION('',(0.592564140778,0.415756650502,-0.689937784606));
#3479 = PCURVE('',#1821,#3480);
#3480 = DEFINITIONAL_REPRESENTATION('',(#3481),#3484);
#3481 = B_SPLINE_CURVE_WITH_KNOTS('',1,(#3482,#3483),.UNSPECIFIED.,.F.,
  .F.,(2,2),(-4.393976770267,7.364994691759),.PIECEWISE_BEZIER_KNOTS.);
#3482 = CARTESIAN_POINT('',(11.,-13.90330551966));
#3483 = CARTESIAN_POINT('',(8.881784197001E-16,-18.05943470975));
#3484 = ( GEOMETRIC_REPRESENTATION_CONTEXT(2) 
PARAMETRIC_REPRESENTATION_CONTEXT() REPRESENTATION_CONTEXT('2D SPACE',''
  ) );
#3485 = PCURVE('',#1794,#3486);
#3486 = DEFINITIONAL_REPRESENTATION('',(#3487),#3490);
#3487 = B_SPLINE_CURVE_WITH_KNOTS('',1,(#3488,#3489),.UNSPECIFIED.,.F.,
  .F.,(2,2),(-4.393976770267,7.364994691759),.PIECEWISE_BEZIER_KNOTS.);
#3488 = CARTESIAN_POINT('',(-4.694854798954,0.500742883998));
#3489 = CARTESIAN_POINT('',(4.61683498194,7.681678983779));
#3490 = ( GEOMETRIC_REPRESENTATION_CONTEXT(2) 
PARAMETRIC_REPRESENTATION_CONTEXT() REPRESENTATION_CONTEXT('2D SPACE',''
  ) );
#3491 = ADVANCED_FACE('',(#3492),#1794,.T.);
#3492 = FACE_BOUND('',#3493,.T.);
#3493 = EDGE_LOOP('',(#3494,#3524,#3545,#3546,#3547,#3548));
#3494 = ORIENTED_EDGE('',*,*,#3495,.T.);
#3495 = EDGE_CURVE('',#3496,#3498,#3500,.T.);
#3496 = VERTEX_POINT('',#3497);
#3497 = CARTESIAN_POINT('',(60.586284904648,-50.37708890723,
    5.993485329657));
#3498 = VERTEX_POINT('',#3499);
#3499 = CARTESIAN_POINT('',(58.343837262322,-57.10443183421,
    14.402663988378));
#3500 = SURFACE_CURVE('',#3501,(#3505,#3512),.PCURVE_S1.);
#3501 = LINE('',#3502,#3503);
#3502 = CARTESIAN_POINT('',(60.586284904648,-50.37708890723,
    5.993485329657));
#3503 = VECTOR('',#3504,1.);
#3504 = DIRECTION('',(-0.203858876575,-0.611576629725,0.764470787156));
#3505 = PCURVE('',#1794,#3506);
#3506 = DEFINITIONAL_REPRESENTATION('',(#3507),#3511);
#3507 = LINE('',#3508,#3509);
#3508 = CARTESIAN_POINT('',(3.906618884019,7.999270522681));
#3509 = VECTOR('',#3510,1.);
#3510 = DIRECTION('',(-0.977681987645,-0.210090292576));
#3511 = ( GEOMETRIC_REPRESENTATION_CONTEXT(2) 
PARAMETRIC_REPRESENTATION_CONTEXT() REPRESENTATION_CONTEXT('2D SPACE',''
  ) );
#3512 = PCURVE('',#3513,#3518);
#3513 = PLANE('',#3514);
#3514 = AXIS2_PLACEMENT_3D('',#3515,#3516,#3517);
#3515 = CARTESIAN_POINT('',(68.762006907516,-25.84992289863,
    27.79541067064));
#3516 = DIRECTION('',(-0.948683298051,0.316227766017,-2.775557561563E-17
    ));
#3517 = DIRECTION('',(-0.203858876575,-0.611576629725,0.764470787156));
#3518 = DEFINITIONAL_REPRESENTATION('',(#3519),#3523);
#3519 = LINE('',#3520,#3521);
#3520 = CARTESIAN_POINT('',(0.,-33.81934729198));
#3521 = VECTOR('',#3522,1.);
#3522 = DIRECTION('',(1.,0.));
#3523 = ( GEOMETRIC_REPRESENTATION_CONTEXT(2) 
PARAMETRIC_REPRESENTATION_CONTEXT() REPRESENTATION_CONTEXT('2D SPACE',''
  ) );
#3524 = ORIENTED_EDGE('',*,*,#3525,.T.);
#3525 = EDGE_CURVE('',#3498,#3321,#3526,.T.);
#3526 = SURFACE_CURVE('',#3527,(#3531,#3538),.PCURVE_S1.);
#3527 = LINE('',#3528,#3529);
#3528 = CARTESIAN_POINT('',(58.343837262322,-57.10443183421,
    14.402663988378));
#3529 = VECTOR('',#3530,1.);
#3530 = DIRECTION('',(-0.948683298051,0.316227766017,0.));
#3531 = PCURVE('',#1794,#3532);
#3532 = DEFINITIONAL_REPRESENTATION('',(#3533),#3537);
#3533 = LINE('',#3534,#3535);
#3534 = CARTESIAN_POINT('',(-6.847882980076,5.68827730435));
#3535 = VECTOR('',#3536,1.);
#3536 = DIRECTION('',(0.210090292576,-0.977681987645));
#3537 = ( GEOMETRIC_REPRESENTATION_CONTEXT(2) 
PARAMETRIC_REPRESENTATION_CONTEXT() REPRESENTATION_CONTEXT('2D SPACE',''
  ) );
#3538 = PCURVE('',#3336,#3539);
#3539 = DEFINITIONAL_REPRESENTATION('',(#3540),#3544);
#3540 = LINE('',#3541,#3542);
#3541 = CARTESIAN_POINT('',(2.830534323322E-16,-33.81934729198));
#3542 = VECTOR('',#3543,1.);
#3543 = DIRECTION('',(1.,0.));
#3544 = ( GEOMETRIC_REPRESENTATION_CONTEXT(2) 
PARAMETRIC_REPRESENTATION_CONTEXT() REPRESENTATION_CONTEXT('2D SPACE',''
  ) );
#3545 = ORIENTED_EDGE('',*,*,#3348,.T.);
#3546 = ORIENTED_EDGE('',*,*,#1779,.T.);
#3547 = ORIENTED_EDGE('',*,*,#3473,.T.);
#3548 = ORIENTED_EDGE('',*,*,#3549,.T.);
#3549 = EDGE_CURVE('',#3449,#3496,#3550,.T.);
#3550 = SURFACE_CURVE('',#3551,(#3555,#3562),.PCURVE_S1.);
#3551 = LINE('',#3552,#3553);
#3552 = CARTESIAN_POINT('',(47.304718731941,-45.94990018299,
    5.993485329657));
#3553 = VECTOR('',#3554,1.);
#3554 = DIRECTION('',(0.948683298051,-0.316227766017,-0.));
#3555 = PCURVE('',#1794,#3556);
#3556 = DEFINITIONAL_REPRESENTATION('',(#3557),#3561);
#3557 = LINE('',#3558,#3559);
#3558 = CARTESIAN_POINT('',(6.847882980077,-5.68827730435));
#3559 = VECTOR('',#3560,1.);
#3560 = DIRECTION('',(-0.210090292576,0.977681987645));
#3561 = ( GEOMETRIC_REPRESENTATION_CONTEXT(2) 
PARAMETRIC_REPRESENTATION_CONTEXT() REPRESENTATION_CONTEXT('2D SPACE',''
  ) );
#3562 = PCURVE('',#1939,#3563);
#3563 = DEFINITIONAL_REPRESENTATION('',(#3564),#3568);
#3564 = LINE('',#3565,#3566);
#3565 = CARTESIAN_POINT('',(2.381481826768E-15,-33.81934729198));
#3566 = VECTOR('',#3567,1.);
#3567 = DIRECTION('',(1.,0.));
#3568 = ( GEOMETRIC_REPRESENTATION_CONTEXT(2) 
PARAMETRIC_REPRESENTATION_CONTEXT() REPRESENTATION_CONTEXT('2D SPACE',''
  ) );
#3569 = ADVANCED_FACE('',(#3570),#1939,.F.);
#3570 = FACE_BOUND('',#3571,.F.);
#3571 = EDGE_LOOP('',(#3572,#3594,#3595,#3596,#3597,#3598,#3599,#3622));
#3572 = ORIENTED_EDGE('',*,*,#3573,.T.);
#3573 = EDGE_CURVE('',#3574,#3372,#3576,.T.);
#3574 = VERTEX_POINT('',#3575);
#3575 = CARTESIAN_POINT('',(59.479448196729,-25.,26.));
#3576 = SURFACE_CURVE('',#3577,(#3581,#3587),.PCURVE_S1.);
#3577 = LINE('',#3578,#3579);
#3578 = CARTESIAN_POINT('',(-91.4228918094,-25.,-14.24062400163));
#3579 = VECTOR('',#3580,1.);
#3580 = DIRECTION('',(-0.966234939601,0.,-0.25766265056));
#3581 = PCURVE('',#1939,#3582);
#3582 = DEFINITIONAL_REPRESENTATION('',(#3583),#3586);
#3583 = B_SPLINE_CURVE_WITH_KNOTS('',1,(#3584,#3585),.UNSPECIFIED.,.F.,
  .F.,(2,2),(-163.1436864476,-150.8027754227),.PIECEWISE_BEZIER_KNOTS.);
#3584 = CARTESIAN_POINT('',(11.312307804798,0.));
#3585 = CARTESIAN_POINT('',(2.84217094304E-14,-4.932522382303));
#3586 = ( GEOMETRIC_REPRESENTATION_CONTEXT(2) 
PARAMETRIC_REPRESENTATION_CONTEXT() REPRESENTATION_CONTEXT('2D SPACE',''
  ) );
#3587 = PCURVE('',#3409,#3588);
#3588 = DEFINITIONAL_REPRESENTATION('',(#3589),#3593);
#3589 = LINE('',#3590,#3591);
#3590 = CARTESIAN_POINT('',(185.75937599836,108.57710819059));
#3591 = VECTOR('',#3592,1.);
#3592 = DIRECTION('',(-0.25766265056,-0.966234939601));
#3593 = ( GEOMETRIC_REPRESENTATION_CONTEXT(2) 
PARAMETRIC_REPRESENTATION_CONTEXT() REPRESENTATION_CONTEXT('2D SPACE',''
  ) );
#3594 = ORIENTED_EDGE('',*,*,#3371,.T.);
#3595 = ORIENTED_EDGE('',*,*,#1926,.T.);
#3596 = ORIENTED_EDGE('',*,*,#3047,.T.);
#3597 = ORIENTED_EDGE('',*,*,#3448,.T.);
#3598 = ORIENTED_EDGE('',*,*,#3549,.T.);
#3599 = ORIENTED_EDGE('',*,*,#3600,.F.);
#3600 = EDGE_CURVE('',#3601,#3496,#3603,.T.);
#3601 = VERTEX_POINT('',#3602);
#3602 = CARTESIAN_POINT('',(68.088727906027,-27.86975990309,26.));
#3603 = SURFACE_CURVE('',#3604,(#3608,#3615),.PCURVE_S1.);
#3604 = LINE('',#3605,#3606);
#3605 = CARTESIAN_POINT('',(68.762006907516,-25.84992289863,
    27.79541067064));
#3606 = VECTOR('',#3607,1.);
#3607 = DIRECTION('',(-0.241746889208,-0.725240667623,-0.64465837122));
#3608 = PCURVE('',#1939,#3609);
#3609 = DEFINITIONAL_REPRESENTATION('',(#3610),#3614);
#3610 = LINE('',#3611,#3612);
#3611 = CARTESIAN_POINT('',(14.,1.33226762955E-15));
#3612 = VECTOR('',#3613,1.);
#3613 = DIRECTION('',(4.564843978428E-17,-1.));
#3614 = ( GEOMETRIC_REPRESENTATION_CONTEXT(2) 
PARAMETRIC_REPRESENTATION_CONTEXT() REPRESENTATION_CONTEXT('2D SPACE',''
  ) );
#3615 = PCURVE('',#3513,#3616);
#3616 = DEFINITIONAL_REPRESENTATION('',(#3617),#3621);
#3617 = LINE('',#3618,#3619);
#3618 = CARTESIAN_POINT('',(0.,0.));
#3619 = VECTOR('',#3620,1.);
#3620 = DIRECTION('',(0.,-1.));
#3621 = ( GEOMETRIC_REPRESENTATION_CONTEXT(2) 
PARAMETRIC_REPRESENTATION_CONTEXT() REPRESENTATION_CONTEXT('2D SPACE',''
  ) );
#3622 = ORIENTED_EDGE('',*,*,#3623,.F.);
#3623 = EDGE_CURVE('',#3574,#3601,#3624,.T.);
#3624 = SURFACE_CURVE('',#3625,(#3629,#3635),.PCURVE_S1.);
#3625 = LINE('',#3626,#3627);
#3626 = CARTESIAN_POINT('',(54.377553276496,-23.29936835992,26.));
#3627 = VECTOR('',#3628,1.);
#3628 = DIRECTION('',(0.948683298051,-0.316227766017,0.));
#3629 = PCURVE('',#1939,#3630);
#3630 = DEFINITIONAL_REPRESENTATION('',(#3631),#3634);
#3631 = B_SPLINE_CURVE_WITH_KNOTS('',1,(#3632,#3633),.UNSPECIFIED.,.F.,
  .F.,(2,2),(5.377869443593,14.45284707521),.PIECEWISE_BEZIER_KNOTS.);
#3632 = CARTESIAN_POINT('',(4.925022368383,-2.785057560396));
#3633 = CARTESIAN_POINT('',(14.,-2.785057560396));
#3634 = ( GEOMETRIC_REPRESENTATION_CONTEXT(2) 
PARAMETRIC_REPRESENTATION_CONTEXT() REPRESENTATION_CONTEXT('2D SPACE',''
  ) );
#3635 = PCURVE('',#3636,#3641);
#3636 = PLANE('',#3637);
#3637 = AXIS2_PLACEMENT_3D('',#3638,#3639,#3640);
#3638 = CARTESIAN_POINT('',(52.,-29.,26.));
#3639 = DIRECTION('',(0.,0.,1.));
#3640 = DIRECTION('',(1.,0.,0.));
#3641 = DEFINITIONAL_REPRESENTATION('',(#3642),#3645);
#3642 = B_SPLINE_CURVE_WITH_KNOTS('',1,(#3643,#3644),.UNSPECIFIED.,.F.,
  .F.,(2,2),(5.377869443593,14.45284707521),.PIECEWISE_BEZIER_KNOTS.);
#3643 = CARTESIAN_POINT('',(7.479448196729,4.));
#3644 = CARTESIAN_POINT('',(16.088727906027,1.130240096901));
#3645 = ( GEOMETRIC_REPRESENTATION_CONTEXT(2) 
PARAMETRIC_REPRESENTATION_CONTEXT() REPRESENTATION_CONTEXT('2D SPACE',''
  ) );
#3646 = ADVANCED_FACE('',(#3647,#3741,#3857,#3973,#4038,#4154),#2017,.F.
  );
#3647 = FACE_BOUND('',#3648,.F.);
#3648 = EDGE_LOOP('',(#3649,#3674,#3697,#3720));
#3649 = ORIENTED_EDGE('',*,*,#3650,.T.);
#3650 = EDGE_CURVE('',#3651,#3653,#3655,.T.);
#3651 = VERTEX_POINT('',#3652);
#3652 = CARTESIAN_POINT('',(21.194256123041,-55.1853708417,
    -31.18043708514));
#3653 = VERTEX_POINT('',#3654);
#3654 = CARTESIAN_POINT('',(41.209821593927,-79.4418431093,
    -6.462008898625));
#3655 = SURFACE_CURVE('',#3656,(#3660,#3667),.PCURVE_S1.);
#3656 = LINE('',#3657,#3658);
#3657 = CARTESIAN_POINT('',(21.194256123041,-55.1853708417,
    -31.18043708514));
#3658 = VECTOR('',#3659,1.);
#3659 = DIRECTION('',(0.500389136772,-0.60641180669,0.617960704663));
#3660 = PCURVE('',#2017,#3661);
#3661 = DEFINITIONAL_REPRESENTATION('',(#3662),#3666);
#3662 = LINE('',#3663,#3664);
#3663 = CARTESIAN_POINT('',(-28.22402504723,-1.845104369084));
#3664 = VECTOR('',#3665,1.);
#3665 = DIRECTION('',(0.751728235408,-0.659473016954));
#3666 = ( GEOMETRIC_REPRESENTATION_CONTEXT(2) 
PARAMETRIC_REPRESENTATION_CONTEXT() REPRESENTATION_CONTEXT('2D SPACE',''
  ) );
#3667 = PCURVE('',#2195,#3668);
#3668 = DEFINITIONAL_REPRESENTATION('',(#3669),#3673);
#3669 = LINE('',#3670,#3671);
#3670 = CARTESIAN_POINT('',(-3.10862446895E-15,-5.));
#3671 = VECTOR('',#3672,1.);
#3672 = DIRECTION('',(1.,-1.110223024625E-16));
#3673 = ( GEOMETRIC_REPRESENTATION_CONTEXT(2) 
PARAMETRIC_REPRESENTATION_CONTEXT() REPRESENTATION_CONTEXT('2D SPACE',''
  ) );
#3674 = ORIENTED_EDGE('',*,*,#3675,.T.);
#3675 = EDGE_CURVE('',#3653,#3676,#3678,.T.);
#3676 = VERTEX_POINT('',#3677);
#3677 = CARTESIAN_POINT('',(69.843954533915,-51.79207636195,
    -2.515259654949));
#3678 = SURFACE_CURVE('',#3679,(#3683,#3690),.PCURVE_S1.);
#3679 = LINE('',#3680,#3681);
#3680 = CARTESIAN_POINT('',(41.209821593927,-79.4418431093,
    -6.462008898625));
#3681 = VECTOR('',#3682,1.);
#3682 = DIRECTION('',(0.7158533235,0.691244168684,9.866873109191E-02));
#3683 = PCURVE('',#2017,#3684);
#3684 = DEFINITIONAL_REPRESENTATION('',(#3685),#3689);
#3685 = LINE('',#3686,#3687);
#3686 = CARTESIAN_POINT('',(1.845104369084,-28.22402504723));
#3687 = VECTOR('',#3688,1.);
#3688 = DIRECTION('',(0.659473016954,0.751728235408));
#3689 = ( GEOMETRIC_REPRESENTATION_CONTEXT(2) 
PARAMETRIC_REPRESENTATION_CONTEXT() REPRESENTATION_CONTEXT('2D SPACE',''
  ) );
#3690 = PCURVE('',#2223,#3691);
#3691 = DEFINITIONAL_REPRESENTATION('',(#3692),#3696);
#3692 = LINE('',#3693,#3694);
#3693 = CARTESIAN_POINT('',(-2.22044604925E-16,-5.));
#3694 = VECTOR('',#3695,1.);
#3695 = DIRECTION('',(1.,4.163336342344E-17));
#3696 = ( GEOMETRIC_REPRESENTATION_CONTEXT(2) 
PARAMETRIC_REPRESENTATION_CONTEXT() REPRESENTATION_CONTEXT('2D SPACE',''
  ) );
#3697 = ORIENTED_EDGE('',*,*,#3698,.T.);
#3698 = EDGE_CURVE('',#3676,#3699,#3701,.T.);
#3699 = VERTEX_POINT('',#3700);
#3700 = CARTESIAN_POINT('',(49.828389063029,-27.53560409436,
    -27.23368784146));
#3701 = SURFACE_CURVE('',#3702,(#3706,#3713),.PCURVE_S1.);
#3702 = LINE('',#3703,#3704);
#3703 = CARTESIAN_POINT('',(69.843954533915,-51.79207636195,
    -2.515259654949));
#3704 = VECTOR('',#3705,1.);
#3705 = DIRECTION('',(-0.500389136772,0.60641180669,-0.617960704663));
#3706 = PCURVE('',#2017,#3707);
#3707 = DEFINITIONAL_REPRESENTATION('',(#3708),#3712);
#3708 = LINE('',#3709,#3710);
#3709 = CARTESIAN_POINT('',(28.224025047239,1.845104369084));
#3710 = VECTOR('',#3711,1.);
#3711 = DIRECTION('',(-0.751728235408,0.659473016954));
#3712 = ( GEOMETRIC_REPRESENTATION_CONTEXT(2) 
PARAMETRIC_REPRESENTATION_CONTEXT() REPRESENTATION_CONTEXT('2D SPACE',''
  ) );
#3713 = PCURVE('',#2251,#3714);
#3714 = DEFINITIONAL_REPRESENTATION('',(#3715),#3719);
#3715 = LINE('',#3716,#3717);
#3716 = CARTESIAN_POINT('',(-4.440892098501E-16,-5.));
#3717 = VECTOR('',#3718,1.);
#3718 = DIRECTION('',(1.,1.110223024625E-16));
#3719 = ( GEOMETRIC_REPRESENTATION_CONTEXT(2) 
PARAMETRIC_REPRESENTATION_CONTEXT() REPRESENTATION_CONTEXT('2D SPACE',''
  ) );
#3720 = ORIENTED_EDGE('',*,*,#3721,.T.);
#3721 = EDGE_CURVE('',#3699,#3651,#3722,.T.);
#3722 = SURFACE_CURVE('',#3723,(#3727,#3734),.PCURVE_S1.);
#3723 = LINE('',#3724,#3725);
#3724 = CARTESIAN_POINT('',(49.828389063029,-27.53560409436,
    -27.23368784146));
#3725 = VECTOR('',#3726,1.);
#3726 = DIRECTION('',(-0.7158533235,-0.691244168684,-9.866873109191E-02)
  );
#3727 = PCURVE('',#2017,#3728);
#3728 = DEFINITIONAL_REPRESENTATION('',(#3729),#3733);
#3729 = LINE('',#3730,#3731);
#3730 = CARTESIAN_POINT('',(-1.845104369084,28.224025047239));
#3731 = VECTOR('',#3732,1.);
#3732 = DIRECTION('',(-0.659473016954,-0.751728235408));
#3733 = ( GEOMETRIC_REPRESENTATION_CONTEXT(2) 
PARAMETRIC_REPRESENTATION_CONTEXT() REPRESENTATION_CONTEXT('2D SPACE',''
  ) );
#3734 = PCURVE('',#2277,#3735);
#3735 = DEFINITIONAL_REPRESENTATION('',(#3736),#3740);
#3736 = LINE('',#3737,#3738);
#3737 = CARTESIAN_POINT('',(4.440892098501E-16,-5.));
#3738 = VECTOR('',#3739,1.);
#3739 = DIRECTION('',(1.,-4.163336342344E-17));
#3740 = ( GEOMETRIC_REPRESENTATION_CONTEXT(2) 
PARAMETRIC_REPRESENTATION_CONTEXT() REPRESENTATION_CONTEXT('2D SPACE',''
  ) );
#3741 = FACE_BOUND('',#3742,.F.);
#3742 = EDGE_LOOP('',(#3743,#3774,#3802,#3831));
#3743 = ORIENTED_EDGE('',*,*,#3744,.F.);
#3744 = EDGE_CURVE('',#3745,#3747,#3749,.T.);
#3745 = VERTEX_POINT('',#3746);
#3746 = CARTESIAN_POINT('',(26.239236814203,-52.88353340439,
    -29.19033005472));
#3747 = VERTEX_POINT('',#3748);
#3748 = CARTESIAN_POINT('',(25.58410520779,-56.82913316567,
    -27.61139208823));
#3749 = SURFACE_CURVE('',#3750,(#3755,#3762),.PCURVE_S1.);
#3750 = CIRCLE('',#3751,2.15);
#3751 = AXIS2_PLACEMENT_3D('',#3752,#3753,#3754);
#3752 = CARTESIAN_POINT('',(25.911671010996,-54.85633328503,
    -28.40086107147));
#3753 = DIRECTION('',(-0.486995617059,0.392996463048,0.779992980095));
#3754 = DIRECTION('',(0.798629551001,0.561911249135,0.215514705676));
#3755 = PCURVE('',#2017,#3756);
#3756 = DEFINITIONAL_REPRESENTATION('',(#3757),#3761);
#3757 = CIRCLE('',#3758,2.15);
#3758 = AXIS2_PLACEMENT_2D('',#3759,#3760);
#3759 = CARTESIAN_POINT('',(-22.75042745856,-1.487275930065));
#3760 = DIRECTION('',(0.79156988727,0.611078647612));
#3761 = ( GEOMETRIC_REPRESENTATION_CONTEXT(2) 
PARAMETRIC_REPRESENTATION_CONTEXT() REPRESENTATION_CONTEXT('2D SPACE',''
  ) );
#3762 = PCURVE('',#3763,#3768);
#3763 = CYLINDRICAL_SURFACE('',#3764,2.15);
#3764 = AXIS2_PLACEMENT_3D('',#3765,#3766,#3767);
#3765 = CARTESIAN_POINT('',(24.937679776878,-54.07034035893,
    -26.84087511128));
#3766 = DIRECTION('',(-0.486995617059,0.392996463048,0.779992980095));
#3767 = DIRECTION('',(0.500389136772,-0.60641180669,0.617960704663));
#3768 = DEFINITIONAL_REPRESENTATION('',(#3769),#3773);
#3769 = LINE('',#3770,#3771);
#3770 = CARTESIAN_POINT('',(1.377540060637,-2.));
#3771 = VECTOR('',#3772,1.);
#3772 = DIRECTION('',(1.,0.));
#3773 = ( GEOMETRIC_REPRESENTATION_CONTEXT(2) 
PARAMETRIC_REPRESENTATION_CONTEXT() REPRESENTATION_CONTEXT('2D SPACE',''
  ) );
#3774 = ORIENTED_EDGE('',*,*,#3775,.F.);
#3775 = EDGE_CURVE('',#3776,#3745,#3778,.T.);
#3776 = VERTEX_POINT('',#3777);
#3777 = CARTESIAN_POINT('',(31.399316561554,-52.52362017381,
    -26.149928853));
#3778 = SURFACE_CURVE('',#3779,(#3783,#3790),.PCURVE_S1.);
#3779 = LINE('',#3780,#3781);
#3780 = CARTESIAN_POINT('',(31.399316561554,-52.52362017381,
    -26.149928853));
#3781 = VECTOR('',#3782,1.);
#3782 = DIRECTION('',(-0.860013291225,-5.99855384299E-02,-0.50673353362)
  );
#3783 = PCURVE('',#2017,#3784);
#3784 = DEFINITIONAL_REPRESENTATION('',(#3785),#3789);
#3785 = LINE('',#3786,#3787);
#3786 = CARTESIAN_POINT('',(-16.90346133229,1.04955025995));
#3787 = VECTOR('',#3788,1.);
#3788 = DIRECTION('',(-0.997869975164,-6.523429056882E-02));
#3789 = ( GEOMETRIC_REPRESENTATION_CONTEXT(2) 
PARAMETRIC_REPRESENTATION_CONTEXT() REPRESENTATION_CONTEXT('2D SPACE',''
  ) );
#3790 = PCURVE('',#3791,#3796);
#3791 = PLANE('',#3792);
#3792 = AXIS2_PLACEMENT_3D('',#3793,#3794,#3795);
#3793 = CARTESIAN_POINT('',(30.425325327436,-51.73762724771,
    -24.58994289281));
#3794 = DIRECTION('',(0.152356187538,0.917581339834,-0.367194875928));
#3795 = DIRECTION('',(-0.860013291225,-5.99855384299E-02,-0.50673353362)
  );
#3796 = DEFINITIONAL_REPRESENTATION('',(#3797),#3801);
#3797 = LINE('',#3798,#3799);
#3798 = CARTESIAN_POINT('',(-1.887379141863E-15,-2.));
#3799 = VECTOR('',#3800,1.);
#3800 = DIRECTION('',(1.,-5.551115123126E-17));
#3801 = ( GEOMETRIC_REPRESENTATION_CONTEXT(2) 
PARAMETRIC_REPRESENTATION_CONTEXT() REPRESENTATION_CONTEXT('2D SPACE',''
  ) );
#3802 = ORIENTED_EDGE('',*,*,#3803,.F.);
#3803 = EDGE_CURVE('',#3804,#3776,#3806,.T.);
#3804 = VERTEX_POINT('',#3805);
#3805 = CARTESIAN_POINT('',(30.744184955141,-56.46921993509,
    -24.57099088651));
#3806 = SURFACE_CURVE('',#3807,(#3812,#3819),.PCURVE_S1.);
#3807 = CIRCLE('',#3808,2.15);
#3808 = AXIS2_PLACEMENT_3D('',#3809,#3810,#3811);
#3809 = CARTESIAN_POINT('',(31.071750758348,-54.49642005445,
    -25.36045986975));
#3810 = DIRECTION('',(-0.486995617059,0.392996463048,0.779992980095));
#3811 = DIRECTION('',(-0.798629551001,-0.561911249135,-0.215514705676));
#3812 = PCURVE('',#2017,#3813);
#3813 = DEFINITIONAL_REPRESENTATION('',(#3814),#3818);
#3814 = CIRCLE('',#3815,2.15);
#3815 = AXIS2_PLACEMENT_2D('',#3816,#3817);
#3816 = CARTESIAN_POINT('',(-16.76320760757,-1.095870186653));
#3817 = DIRECTION('',(-0.79156988727,-0.611078647612));
#3818 = ( GEOMETRIC_REPRESENTATION_CONTEXT(2) 
PARAMETRIC_REPRESENTATION_CONTEXT() REPRESENTATION_CONTEXT('2D SPACE',''
  ) );
#3819 = PCURVE('',#3820,#3825);
#3820 = CYLINDRICAL_SURFACE('',#3821,2.15);
#3821 = AXIS2_PLACEMENT_3D('',#3822,#3823,#3824);
#3822 = CARTESIAN_POINT('',(30.097759524229,-53.71042712836,
    -23.80047390956));
#3823 = DIRECTION('',(-0.486995617059,0.392996463048,0.779992980095));
#3824 = DIRECTION('',(0.500389136772,-0.60641180669,0.617960704663));
#3825 = DEFINITIONAL_REPRESENTATION('',(#3826),#3830);
#3826 = LINE('',#3827,#3828);
#3827 = CARTESIAN_POINT('',(4.519132714227,-2.));
#3828 = VECTOR('',#3829,1.);
#3829 = DIRECTION('',(1.,0.));
#3830 = ( GEOMETRIC_REPRESENTATION_CONTEXT(2) 
PARAMETRIC_REPRESENTATION_CONTEXT() REPRESENTATION_CONTEXT('2D SPACE',''
  ) );
#3831 = ORIENTED_EDGE('',*,*,#3832,.F.);
#3832 = EDGE_CURVE('',#3747,#3804,#3833,.T.);
#3833 = SURFACE_CURVE('',#3834,(#3838,#3845),.PCURVE_S1.);
#3834 = LINE('',#3835,#3836);
#3835 = CARTESIAN_POINT('',(25.58410520779,-56.82913316567,
    -27.61139208823));
#3836 = VECTOR('',#3837,1.);
#3837 = DIRECTION('',(0.860013291225,5.99855384299E-02,0.50673353362));
#3838 = PCURVE('',#2017,#3839);
#3839 = DEFINITIONAL_REPRESENTATION('',(#3840),#3844);
#3840 = LINE('',#3841,#3842);
#3841 = CARTESIAN_POINT('',(-22.61017373383,-3.632696376668));
#3842 = VECTOR('',#3843,1.);
#3843 = DIRECTION('',(0.997869975164,6.523429056882E-02));
#3844 = ( GEOMETRIC_REPRESENTATION_CONTEXT(2) 
PARAMETRIC_REPRESENTATION_CONTEXT() REPRESENTATION_CONTEXT('2D SPACE',''
  ) );
#3845 = PCURVE('',#3846,#3851);
#3846 = PLANE('',#3847);
#3847 = AXIS2_PLACEMENT_3D('',#3848,#3849,#3850);
#3848 = CARTESIAN_POINT('',(24.610113973671,-56.04314023958,
    -26.05140612804));
#3849 = DIRECTION('',(-0.152356187538,-0.917581339834,0.367194875928));
#3850 = DIRECTION('',(0.860013291225,5.99855384299E-02,0.50673353362));
#3851 = DEFINITIONAL_REPRESENTATION('',(#3852),#3856);
#3852 = LINE('',#3853,#3854);
#3853 = CARTESIAN_POINT('',(1.887379141863E-15,-2.));
#3854 = VECTOR('',#3855,1.);
#3855 = DIRECTION('',(1.,5.551115123126E-17));
#3856 = ( GEOMETRIC_REPRESENTATION_CONTEXT(2) 
PARAMETRIC_REPRESENTATION_CONTEXT() REPRESENTATION_CONTEXT('2D SPACE',''
  ) );
#3857 = FACE_BOUND('',#3858,.F.);
#3858 = EDGE_LOOP('',(#3859,#3889,#3918,#3946));
#3859 = ORIENTED_EDGE('',*,*,#3860,.F.);
#3860 = EDGE_CURVE('',#3861,#3863,#3865,.T.);
#3861 = VERTEX_POINT('',#3862);
#3862 = CARTESIAN_POINT('',(43.894566727813,-74.27968236893,
    -7.386699014985));
#3863 = VERTEX_POINT('',#3864);
#3864 = CARTESIAN_POINT('',(44.80870385304,-68.77419432993,
    -9.589868270552));
#3865 = SURFACE_CURVE('',#3866,(#3870,#3877),.PCURVE_S1.);
#3866 = LINE('',#3867,#3868);
#3867 = CARTESIAN_POINT('',(43.894566727813,-74.27968236893,
    -7.386699014985));
#3868 = VECTOR('',#3869,1.);
#3869 = DIRECTION('',(0.152356187538,0.917581339834,-0.367194875928));
#3870 = PCURVE('',#2017,#3871);
#3871 = DEFINITIONAL_REPRESENTATION('',(#3872),#3876);
#3872 = LINE('',#3873,#3874);
#3873 = CARTESIAN_POINT('',(3.632696376668,-22.61017373383));
#3874 = VECTOR('',#3875,1.);
#3875 = DIRECTION('',(-6.523429056882E-02,0.997869975164));
#3876 = ( GEOMETRIC_REPRESENTATION_CONTEXT(2) 
PARAMETRIC_REPRESENTATION_CONTEXT() REPRESENTATION_CONTEXT('2D SPACE',''
  ) );
#3877 = PCURVE('',#3878,#3883);
#3878 = PLANE('',#3879);
#3879 = AXIS2_PLACEMENT_3D('',#3880,#3881,#3882);
#3880 = CARTESIAN_POINT('',(42.920575493695,-73.49368944284,
    -5.826713054795));
#3881 = DIRECTION('',(0.860013291225,5.99855384299E-02,0.50673353362));
#3882 = DIRECTION('',(0.152356187538,0.917581339834,-0.367194875928));
#3883 = DEFINITIONAL_REPRESENTATION('',(#3884),#3888);
#3884 = LINE('',#3885,#3886);
#3885 = CARTESIAN_POINT('',(-5.218048215738E-15,-2.));
#3886 = VECTOR('',#3887,1.);
#3887 = DIRECTION('',(1.,1.110223024625E-16));
#3888 = ( GEOMETRIC_REPRESENTATION_CONTEXT(2) 
PARAMETRIC_REPRESENTATION_CONTEXT() REPRESENTATION_CONTEXT('2D SPACE',''
  ) );
#3889 = ORIENTED_EDGE('',*,*,#3890,.F.);
#3890 = EDGE_CURVE('',#3891,#3861,#3893,.T.);
#3891 = VERTEX_POINT('',#3892);
#3892 = CARTESIAN_POINT('',(40.196509575544,-74.53762018418,
    -9.565653209551));
#3893 = SURFACE_CURVE('',#3894,(#3899,#3906),.PCURVE_S1.);
#3894 = CIRCLE('',#3895,2.15);
#3895 = AXIS2_PLACEMENT_3D('',#3896,#3897,#3898);
#3896 = CARTESIAN_POINT('',(42.045538151679,-74.40865127656,
    -8.476176112268));
#3897 = DIRECTION('',(-0.486995617059,0.392996463048,0.779992980095));
#3898 = DIRECTION('',(-0.353590312696,0.727880160553,-0.587506904334));
#3899 = PCURVE('',#2017,#3900);
#3900 = DEFINITIONAL_REPRESENTATION('',(#3901),#3905);
#3901 = CIRCLE('',#3902,2.15);
#3902 = AXIS2_PLACEMENT_2D('',#3903,#3904);
#3903 = CARTESIAN_POINT('',(1.487275930065,-22.75042745856));
#3904 = DIRECTION('',(-0.611078647612,0.79156988727));
#3905 = ( GEOMETRIC_REPRESENTATION_CONTEXT(2) 
PARAMETRIC_REPRESENTATION_CONTEXT() REPRESENTATION_CONTEXT('2D SPACE',''
  ) );
#3906 = PCURVE('',#3907,#3912);
#3907 = CYLINDRICAL_SURFACE('',#3908,2.15);
#3908 = AXIS2_PLACEMENT_3D('',#3909,#3910,#3911);
#3909 = CARTESIAN_POINT('',(41.07154691756,-73.62265835046,
    -6.916190152078));
#3910 = DIRECTION('',(-0.486995617059,0.392996463048,0.779992980095));
#3911 = DIRECTION('',(0.500389136772,-0.60641180669,0.617960704663));
#3912 = DEFINITIONAL_REPRESENTATION('',(#3913),#3917);
#3913 = LINE('',#3914,#3915);
#3914 = CARTESIAN_POINT('',(2.948336387432,-2.));
#3915 = VECTOR('',#3916,1.);
#3916 = DIRECTION('',(1.,0.));
#3917 = ( GEOMETRIC_REPRESENTATION_CONTEXT(2) 
PARAMETRIC_REPRESENTATION_CONTEXT() REPRESENTATION_CONTEXT('2D SPACE',''
  ) );
#3918 = ORIENTED_EDGE('',*,*,#3919,.F.);
#3919 = EDGE_CURVE('',#3920,#3891,#3922,.T.);
#3920 = VERTEX_POINT('',#3921);
#3921 = CARTESIAN_POINT('',(41.110646700772,-69.03213214518,
    -11.76882246511));
#3922 = SURFACE_CURVE('',#3923,(#3927,#3934),.PCURVE_S1.);
#3923 = LINE('',#3924,#3925);
#3924 = CARTESIAN_POINT('',(41.110646700772,-69.03213214518,
    -11.76882246511));
#3925 = VECTOR('',#3926,1.);
#3926 = DIRECTION('',(-0.152356187538,-0.917581339834,0.367194875928));
#3927 = PCURVE('',#2017,#3928);
#3928 = DEFINITIONAL_REPRESENTATION('',(#3929),#3933);
#3929 = LINE('',#3930,#3931);
#3930 = CARTESIAN_POINT('',(-1.04955025995,-16.90346133229));
#3931 = VECTOR('',#3932,1.);
#3932 = DIRECTION('',(6.523429056882E-02,-0.997869975164));
#3933 = ( GEOMETRIC_REPRESENTATION_CONTEXT(2) 
PARAMETRIC_REPRESENTATION_CONTEXT() REPRESENTATION_CONTEXT('2D SPACE',''
  ) );
#3934 = PCURVE('',#3935,#3940);
#3935 = PLANE('',#3936);
#3936 = AXIS2_PLACEMENT_3D('',#3937,#3938,#3939);
#3937 = CARTESIAN_POINT('',(40.136655466653,-68.24613921908,
    -10.20883650492));
#3938 = DIRECTION('',(-0.860013291225,-5.99855384299E-02,-0.50673353362)
  );
#3939 = DIRECTION('',(-0.152356187538,-0.917581339834,0.367194875928));
#3940 = DEFINITIONAL_REPRESENTATION('',(#3941),#3945);
#3941 = LINE('',#3942,#3943);
#3942 = CARTESIAN_POINT('',(5.218048215738E-15,-2.));
#3943 = VECTOR('',#3944,1.);
#3944 = DIRECTION('',(1.,-1.110223024625E-16));
#3945 = ( GEOMETRIC_REPRESENTATION_CONTEXT(2) 
PARAMETRIC_REPRESENTATION_CONTEXT() REPRESENTATION_CONTEXT('2D SPACE',''
  ) );
#3946 = ORIENTED_EDGE('',*,*,#3947,.F.);
#3947 = EDGE_CURVE('',#3863,#3920,#3948,.T.);
#3948 = SURFACE_CURVE('',#3949,(#3954,#3961),.PCURVE_S1.);
#3949 = CIRCLE('',#3950,2.15);
#3950 = AXIS2_PLACEMENT_3D('',#3951,#3952,#3953);
#3951 = CARTESIAN_POINT('',(42.959675276906,-68.90316323755,
    -10.67934536783));
#3952 = DIRECTION('',(-0.486995617059,0.392996463048,0.779992980095));
#3953 = DIRECTION('',(0.353590312696,-0.727880160553,0.587506904334));
#3954 = PCURVE('',#2017,#3955);
#3955 = DEFINITIONAL_REPRESENTATION('',(#3956),#3960);
#3956 = CIRCLE('',#3957,2.15);
#3957 = AXIS2_PLACEMENT_2D('',#3958,#3959);
#3958 = CARTESIAN_POINT('',(1.095870186653,-16.76320760757));
#3959 = DIRECTION('',(0.611078647612,-0.79156988727));
#3960 = ( GEOMETRIC_REPRESENTATION_CONTEXT(2) 
PARAMETRIC_REPRESENTATION_CONTEXT() REPRESENTATION_CONTEXT('2D SPACE',''
  ) );
#3961 = PCURVE('',#3962,#3967);
#3962 = CYLINDRICAL_SURFACE('',#3963,2.15);
#3963 = AXIS2_PLACEMENT_3D('',#3964,#3965,#3966);
#3964 = CARTESIAN_POINT('',(41.985684042788,-68.11717031146,
    -9.119359407646));
#3965 = DIRECTION('',(-0.486995617059,0.392996463048,0.779992980095));
#3966 = DIRECTION('',(0.500389136772,-0.60641180669,0.617960704663));
#3967 = DEFINITIONAL_REPRESENTATION('',(#3968),#3972);
#3968 = LINE('',#3969,#3970);
#3969 = CARTESIAN_POINT('',(6.089929041022,-2.));
#3970 = VECTOR('',#3971,1.);
#3971 = DIRECTION('',(1.,0.));
#3972 = ( GEOMETRIC_REPRESENTATION_CONTEXT(2) 
PARAMETRIC_REPRESENTATION_CONTEXT() REPRESENTATION_CONTEXT('2D SPACE',''
  ) );
#3973 = FACE_BOUND('',#3974,.F.);
#3974 = EDGE_LOOP('',(#3975,#3996,#3997,#4016,#4017,#4018,#4019));
#3975 = ORIENTED_EDGE('',*,*,#3976,.F.);
#3976 = EDGE_CURVE('',#2003,#3977,#3979,.T.);
#3977 = VERTEX_POINT('',#3978);
#3978 = CARTESIAN_POINT('',(37.877345475206,-59.0405904145,
    -18.8217629741));
#3979 = SURFACE_CURVE('',#3980,(#3984,#3990),.PCURVE_S1.);
#3980 = LINE('',#3981,#3982);
#3981 = CARTESIAN_POINT('',(28.203121052179,-76.17389923265,
    -16.22940006189));
#3982 = VECTOR('',#3983,1.);
#3983 = DIRECTION('',(-0.487466234823,-0.863315670015,0.130624361484));
#3984 = PCURVE('',#2017,#3985);
#3985 = DEFINITIONAL_REPRESENTATION('',(#3986),#3989);
#3986 = B_SPLINE_CURVE_WITH_KNOTS('',1,(#3987,#3988),.UNSPECIFIED.,.F.,
  .F.,(2,2),(-30.02070184579,-19.84593748639),.PIECEWISE_BEZIER_KNOTS.);
#3987 = CARTESIAN_POINT('',(-4.024194486715,3.514982227907));
#3988 = CARTESIAN_POINT('',(-7.52746691928,-6.037656780905));
#3989 = ( GEOMETRIC_REPRESENTATION_CONTEXT(2) 
PARAMETRIC_REPRESENTATION_CONTEXT() REPRESENTATION_CONTEXT('2D SPACE',''
  ) );
#3990 = PCURVE('',#2043,#3991);
#3991 = DEFINITIONAL_REPRESENTATION('',(#3992),#3995);
#3992 = B_SPLINE_CURVE_WITH_KNOTS('',1,(#3993,#3994),.UNSPECIFIED.,.F.,
  .F.,(2,2),(-30.02070184579,-19.84593748639),.PIECEWISE_BEZIER_KNOTS.);
#3993 = CARTESIAN_POINT('',(9.132895058227,-113.2680806425));
#3994 = CARTESIAN_POINT('',(3.552713678801E-15,-108.7829878202));
#3995 = ( GEOMETRIC_REPRESENTATION_CONTEXT(2) 
PARAMETRIC_REPRESENTATION_CONTEXT() REPRESENTATION_CONTEXT('2D SPACE',''
  ) );
#3996 = ORIENTED_EDGE('',*,*,#2002,.F.);
#3997 = ORIENTED_EDGE('',*,*,#3998,.F.);
#3998 = EDGE_CURVE('',#3200,#1975,#3999,.T.);
#3999 = SURFACE_CURVE('',#4000,(#4004,#4010),.PCURVE_S1.);
#4000 = LINE('',#4001,#4002);
#4001 = CARTESIAN_POINT('',(42.878238117983,-44.0532170535,
    -23.25074119697));
#4002 = VECTOR('',#4003,1.);
#4003 = DIRECTION('',(-0.7158533235,-0.691244168684,-9.866873109191E-02)
  );
#4004 = PCURVE('',#2017,#4005);
#4005 = DEFINITIONAL_REPRESENTATION('',(#4006),#4009);
#4006 = B_SPLINE_CURVE_WITH_KNOTS('',1,(#4007,#4008),.UNSPECIFIED.,.F.,
  .F.,(2,2),(-4.,12.),.PIECEWISE_BEZIER_KNOTS.);
#4007 = CARTESIAN_POINT('',(-2.993226453858,13.268029069757));
#4008 = CARTESIAN_POINT('',(-13.54479472512,1.240377303228));
#4009 = ( GEOMETRIC_REPRESENTATION_CONTEXT(2) 
PARAMETRIC_REPRESENTATION_CONTEXT() REPRESENTATION_CONTEXT('2D SPACE',''
  ) );
#4010 = PCURVE('',#1990,#4011);
#4011 = DEFINITIONAL_REPRESENTATION('',(#4012),#4015);
#4012 = B_SPLINE_CURVE_WITH_KNOTS('',1,(#4013,#4014),.UNSPECIFIED.,.F.,
  .F.,(2,2),(-4.,12.),.PIECEWISE_BEZIER_KNOTS.);
#4013 = CARTESIAN_POINT('',(-4.440892098501E-16,-6.));
#4014 = CARTESIAN_POINT('',(16.,-6.));
#4015 = ( GEOMETRIC_REPRESENTATION_CONTEXT(2) 
PARAMETRIC_REPRESENTATION_CONTEXT() REPRESENTATION_CONTEXT('2D SPACE',''
  ) );
#4016 = ORIENTED_EDGE('',*,*,#3199,.F.);
#4017 = ORIENTED_EDGE('',*,*,#3248,.F.);
#4018 = ORIENTED_EDGE('',*,*,#2108,.F.);
#4019 = ORIENTED_EDGE('',*,*,#4020,.F.);
#4020 = EDGE_CURVE('',#3977,#2083,#4021,.T.);
#4021 = SURFACE_CURVE('',#4022,(#4026,#4032),.PCURVE_S1.);
#4022 = LINE('',#4023,#4024);
#4023 = CARTESIAN_POINT('',(15.697115936336,-57.36398166621,
    -33.51494120937));
#4024 = VECTOR('',#4025,1.);
#4025 = DIRECTION('',(0.832020750263,-6.289264347825E-02,0.551167838801)
  );
#4026 = PCURVE('',#2017,#4027);
#4027 = DEFINITIONAL_REPRESENTATION('',(#4028),#4031);
#4028 = B_SPLINE_CURVE_WITH_KNOTS('',1,(#4029,#4030),.UNSPECIFIED.,.F.,
  .F.,(2,2),(26.658264871241,33.737124914035),.PIECEWISE_BEZIER_KNOTS.);
#4029 = CARTESIAN_POINT('',(-7.52746691928,-6.037656780905));
#4030 = CARTESIAN_POINT('',(-0.465183672448,-6.521820851217));
#4031 = ( GEOMETRIC_REPRESENTATION_CONTEXT(2) 
PARAMETRIC_REPRESENTATION_CONTEXT() REPRESENTATION_CONTEXT('2D SPACE',''
  ) );
#4032 = PCURVE('',#2097,#4033);
#4033 = DEFINITIONAL_REPRESENTATION('',(#4034),#4037);
#4034 = B_SPLINE_CURVE_WITH_KNOTS('',1,(#4035,#4036),.UNSPECIFIED.,.F.,
  .F.,(2,2),(26.658264871241,33.737124914035),.PIECEWISE_BEZIER_KNOTS.);
#4035 = CARTESIAN_POINT('',(11.,-108.7829878202));
#4036 = CARTESIAN_POINT('',(5.523303743989,-113.2680806425));
#4037 = ( GEOMETRIC_REPRESENTATION_CONTEXT(2) 
PARAMETRIC_REPRESENTATION_CONTEXT() REPRESENTATION_CONTEXT('2D SPACE',''
  ) );
#4038 = FACE_BOUND('',#4039,.F.);
#4039 = EDGE_LOOP('',(#4040,#4070,#4099,#4127));
#4040 = ORIENTED_EDGE('',*,*,#4041,.F.);
#4041 = EDGE_CURVE('',#4042,#4044,#4046,.T.);
#4042 = VERTEX_POINT('',#4043);
#4043 = CARTESIAN_POINT('',(49.927563956184,-37.94531505848,
    -21.92687427497));
#4044 = VERTEX_POINT('',#4045);
#4045 = CARTESIAN_POINT('',(50.841701081412,-32.43982701947,
    -24.13004353054));
#4046 = SURFACE_CURVE('',#4047,(#4051,#4058),.PCURVE_S1.);
#4047 = LINE('',#4048,#4049);
#4048 = CARTESIAN_POINT('',(49.927563956184,-37.94531505848,
    -21.92687427497));
#4049 = VECTOR('',#4050,1.);
#4050 = DIRECTION('',(0.152356187538,0.917581339834,-0.367194875928));
#4051 = PCURVE('',#2017,#4052);
#4052 = DEFINITIONAL_REPRESENTATION('',(#4053),#4057);
#4053 = LINE('',#4054,#4055);
#4054 = CARTESIAN_POINT('',(1.04955025995,16.903461332298));
#4055 = VECTOR('',#4056,1.);
#4056 = DIRECTION('',(-6.523429056882E-02,0.997869975164));
#4057 = ( GEOMETRIC_REPRESENTATION_CONTEXT(2) 
PARAMETRIC_REPRESENTATION_CONTEXT() REPRESENTATION_CONTEXT('2D SPACE',''
  ) );
#4058 = PCURVE('',#4059,#4064);
#4059 = PLANE('',#4060);
#4060 = AXIS2_PLACEMENT_3D('',#4061,#4062,#4063);
#4061 = CARTESIAN_POINT('',(48.953572722066,-37.15932213238,
    -20.36688831478));
#4062 = DIRECTION('',(0.860013291225,5.99855384299E-02,0.50673353362));
#4063 = DIRECTION('',(0.152356187538,0.917581339834,-0.367194875928));
#4064 = DEFINITIONAL_REPRESENTATION('',(#4065),#4069);
#4065 = LINE('',#4066,#4067);
#4066 = CARTESIAN_POINT('',(1.33226762955E-15,-2.));
#4067 = VECTOR('',#4068,1.);
#4068 = DIRECTION('',(1.,1.110223024625E-16));
#4069 = ( GEOMETRIC_REPRESENTATION_CONTEXT(2) 
PARAMETRIC_REPRESENTATION_CONTEXT() REPRESENTATION_CONTEXT('2D SPACE',''
  ) );
#4070 = ORIENTED_EDGE('',*,*,#4071,.F.);
#4071 = EDGE_CURVE('',#4072,#4042,#4074,.T.);
#4072 = VERTEX_POINT('',#4073);
#4073 = CARTESIAN_POINT('',(46.229506803916,-38.20325287372,
    -24.10582846954));
#4074 = SURFACE_CURVE('',#4075,(#4080,#4087),.PCURVE_S1.);
#4075 = CIRCLE('',#4076,2.15);
#4076 = AXIS2_PLACEMENT_3D('',#4077,#4078,#4079);
#4077 = CARTESIAN_POINT('',(48.07853538005,-38.0742839661,
    -23.01635137225));
#4078 = DIRECTION('',(-0.486995617059,0.392996463048,0.779992980095));
#4079 = DIRECTION('',(-0.353590312696,0.727880160553,-0.587506904334));
#4080 = PCURVE('',#2017,#4081);
#4081 = DEFINITIONAL_REPRESENTATION('',(#4082),#4086);
#4082 = CIRCLE('',#4083,2.15);
#4083 = AXIS2_PLACEMENT_2D('',#4084,#4085);
#4084 = CARTESIAN_POINT('',(-1.095870186653,16.763207607575));
#4085 = DIRECTION('',(-0.611078647612,0.79156988727));
#4086 = ( GEOMETRIC_REPRESENTATION_CONTEXT(2) 
PARAMETRIC_REPRESENTATION_CONTEXT() REPRESENTATION_CONTEXT('2D SPACE',''
  ) );
#4087 = PCURVE('',#4088,#4093);
#4088 = CYLINDRICAL_SURFACE('',#4089,2.15);
#4089 = AXIS2_PLACEMENT_3D('',#4090,#4091,#4092);
#4090 = CARTESIAN_POINT('',(47.104544145932,-37.28829104,-21.45636541206
    ));
#4091 = DIRECTION('',(-0.486995617059,0.392996463048,0.779992980095));
#4092 = DIRECTION('',(0.500389136772,-0.60641180669,0.617960704663));
#4093 = DEFINITIONAL_REPRESENTATION('',(#4094),#4098);
#4094 = LINE('',#4095,#4096);
#4095 = CARTESIAN_POINT('',(2.948336387432,-2.));
#4096 = VECTOR('',#4097,1.);
#4097 = DIRECTION('',(1.,0.));
#4098 = ( GEOMETRIC_REPRESENTATION_CONTEXT(2) 
PARAMETRIC_REPRESENTATION_CONTEXT() REPRESENTATION_CONTEXT('2D SPACE',''
  ) );
#4099 = ORIENTED_EDGE('',*,*,#4100,.F.);
#4100 = EDGE_CURVE('',#4101,#4072,#4103,.T.);
#4101 = VERTEX_POINT('',#4102);
#4102 = CARTESIAN_POINT('',(47.143643929143,-32.69776483472,
    -26.3089977251));
#4103 = SURFACE_CURVE('',#4104,(#4108,#4115),.PCURVE_S1.);
#4104 = LINE('',#4105,#4106);
#4105 = CARTESIAN_POINT('',(47.143643929143,-32.69776483472,
    -26.3089977251));
#4106 = VECTOR('',#4107,1.);
#4107 = DIRECTION('',(-0.152356187538,-0.917581339834,0.367194875928));
#4108 = PCURVE('',#2017,#4109);
#4109 = DEFINITIONAL_REPRESENTATION('',(#4110),#4114);
#4110 = LINE('',#4111,#4112);
#4111 = CARTESIAN_POINT('',(-3.632696376668,22.610173733837));
#4112 = VECTOR('',#4113,1.);
#4113 = DIRECTION('',(6.523429056882E-02,-0.997869975164));
#4114 = ( GEOMETRIC_REPRESENTATION_CONTEXT(2) 
PARAMETRIC_REPRESENTATION_CONTEXT() REPRESENTATION_CONTEXT('2D SPACE',''
  ) );
#4115 = PCURVE('',#4116,#4121);
#4116 = PLANE('',#4117);
#4117 = AXIS2_PLACEMENT_3D('',#4118,#4119,#4120);
#4118 = CARTESIAN_POINT('',(46.169652695025,-31.91177190863,
    -24.74901176492));
#4119 = DIRECTION('',(-0.860013291225,-5.99855384299E-02,-0.50673353362)
  );
#4120 = DIRECTION('',(-0.152356187538,-0.917581339834,0.367194875928));
#4121 = DEFINITIONAL_REPRESENTATION('',(#4122),#4126);
#4122 = LINE('',#4123,#4124);
#4123 = CARTESIAN_POINT('',(1.998401444325E-15,-2.));
#4124 = VECTOR('',#4125,1.);
#4125 = DIRECTION('',(1.,-1.110223024625E-16));
#4126 = ( GEOMETRIC_REPRESENTATION_CONTEXT(2) 
PARAMETRIC_REPRESENTATION_CONTEXT() REPRESENTATION_CONTEXT('2D SPACE',''
  ) );
#4127 = ORIENTED_EDGE('',*,*,#4128,.F.);
#4128 = EDGE_CURVE('',#4044,#4101,#4129,.T.);
#4129 = SURFACE_CURVE('',#4130,(#4135,#4142),.PCURVE_S1.);
#4130 = CIRCLE('',#4131,2.15);
#4131 = AXIS2_PLACEMENT_3D('',#4132,#4133,#4134);
#4132 = CARTESIAN_POINT('',(48.992672505277,-32.5687959271,
    -25.21952062782));
#4133 = DIRECTION('',(-0.486995617059,0.392996463048,0.779992980095));
#4134 = DIRECTION('',(0.353590312696,-0.727880160553,0.587506904334));
#4135 = PCURVE('',#2017,#4136);
#4136 = DEFINITIONAL_REPRESENTATION('',(#4137),#4141);
#4137 = CIRCLE('',#4138,2.15);
#4138 = AXIS2_PLACEMENT_2D('',#4139,#4140);
#4139 = CARTESIAN_POINT('',(-1.487275930065,22.75042745856));
#4140 = DIRECTION('',(0.611078647612,-0.79156988727));
#4141 = ( GEOMETRIC_REPRESENTATION_CONTEXT(2) 
PARAMETRIC_REPRESENTATION_CONTEXT() REPRESENTATION_CONTEXT('2D SPACE',''
  ) );
#4142 = PCURVE('',#4143,#4148);
#4143 = CYLINDRICAL_SURFACE('',#4144,2.15);
#4144 = AXIS2_PLACEMENT_3D('',#4145,#4146,#4147);
#4145 = CARTESIAN_POINT('',(48.018681271159,-31.782803001,
    -23.65953466763));
#4146 = DIRECTION('',(-0.486995617059,0.392996463048,0.779992980095));
#4147 = DIRECTION('',(0.500389136772,-0.60641180669,0.617960704663));
#4148 = DEFINITIONAL_REPRESENTATION('',(#4149),#4153);
#4149 = LINE('',#4150,#4151);
#4150 = CARTESIAN_POINT('',(6.089929041021,-2.));
#4151 = VECTOR('',#4152,1.);
#4152 = DIRECTION('',(1.,0.));
#4153 = ( GEOMETRIC_REPRESENTATION_CONTEXT(2) 
PARAMETRIC_REPRESENTATION_CONTEXT() REPRESENTATION_CONTEXT('2D SPACE',''
  ) );
#4154 = FACE_BOUND('',#4155,.F.);
#4155 = EDGE_LOOP('',(#4156,#4187,#4215,#4244));
#4156 = ORIENTED_EDGE('',*,*,#4157,.F.);
#4157 = EDGE_CURVE('',#4158,#4160,#4162,.T.);
#4158 = VERTEX_POINT('',#4159);
#4159 = CARTESIAN_POINT('',(60.294025701815,-50.50822726856,
    -9.124705853584));
#4160 = VERTEX_POINT('',#4161);
#4161 = CARTESIAN_POINT('',(59.638894095402,-54.45382702985,
    -7.545767887094));
#4162 = SURFACE_CURVE('',#4163,(#4168,#4175),.PCURVE_S1.);
#4163 = CIRCLE('',#4164,2.15);
#4164 = AXIS2_PLACEMENT_3D('',#4165,#4166,#4167);
#4165 = CARTESIAN_POINT('',(59.966459898608,-52.4810271492,
    -8.335236870339));
#4166 = DIRECTION('',(-0.486995617059,0.392996463048,0.779992980095));
#4167 = DIRECTION('',(0.798629551001,0.561911249135,0.215514705676));
#4168 = PCURVE('',#2017,#4169);
#4169 = DEFINITIONAL_REPRESENTATION('',(#4170),#4174);
#4170 = CIRCLE('',#4171,2.15);
#4171 = AXIS2_PLACEMENT_2D('',#4172,#4173);
#4172 = CARTESIAN_POINT('',(16.763207607575,1.095870186652));
#4173 = DIRECTION('',(0.79156988727,0.611078647612));
#4174 = ( GEOMETRIC_REPRESENTATION_CONTEXT(2) 
PARAMETRIC_REPRESENTATION_CONTEXT() REPRESENTATION_CONTEXT('2D SPACE',''
  ) );
#4175 = PCURVE('',#4176,#4181);
#4176 = CYLINDRICAL_SURFACE('',#4177,2.15);
#4177 = AXIS2_PLACEMENT_3D('',#4178,#4179,#4180);
#4178 = CARTESIAN_POINT('',(58.99246866449,-51.69503422311,
    -6.775250910149));
#4179 = DIRECTION('',(-0.486995617059,0.392996463048,0.779992980095));
#4180 = DIRECTION('',(0.500389136772,-0.60641180669,0.617960704663));
#4181 = DEFINITIONAL_REPRESENTATION('',(#4182),#4186);
#4182 = LINE('',#4183,#4184);
#4183 = CARTESIAN_POINT('',(1.377540060637,-2.));
#4184 = VECTOR('',#4185,1.);
#4185 = DIRECTION('',(1.,0.));
#4186 = ( GEOMETRIC_REPRESENTATION_CONTEXT(2) 
PARAMETRIC_REPRESENTATION_CONTEXT() REPRESENTATION_CONTEXT('2D SPACE',''
  ) );
#4187 = ORIENTED_EDGE('',*,*,#4188,.F.);
#4188 = EDGE_CURVE('',#4189,#4158,#4191,.T.);
#4189 = VERTEX_POINT('',#4190);
#4190 = CARTESIAN_POINT('',(65.454105449166,-50.14831403798,
    -6.084304651863));
#4191 = SURFACE_CURVE('',#4192,(#4196,#4203),.PCURVE_S1.);
#4192 = LINE('',#4193,#4194);
#4193 = CARTESIAN_POINT('',(65.454105449166,-50.14831403798,
    -6.084304651863));
#4194 = VECTOR('',#4195,1.);
#4195 = DIRECTION('',(-0.860013291225,-5.99855384299E-02,-0.50673353362)
  );
#4196 = PCURVE('',#2017,#4197);
#4197 = DEFINITIONAL_REPRESENTATION('',(#4198),#4202);
#4198 = LINE('',#4199,#4200);
#4199 = CARTESIAN_POINT('',(22.610173733837,3.632696376668));
#4200 = VECTOR('',#4201,1.);
#4201 = DIRECTION('',(-0.997869975164,-6.523429056882E-02));
#4202 = ( GEOMETRIC_REPRESENTATION_CONTEXT(2) 
PARAMETRIC_REPRESENTATION_CONTEXT() REPRESENTATION_CONTEXT('2D SPACE',''
  ) );
#4203 = PCURVE('',#4204,#4209);
#4204 = PLANE('',#4205);
#4205 = AXIS2_PLACEMENT_3D('',#4206,#4207,#4208);
#4206 = CARTESIAN_POINT('',(64.480114215048,-49.36232111189,
    -4.524318691673));
#4207 = DIRECTION('',(0.152356187538,0.917581339834,-0.367194875928));
#4208 = DIRECTION('',(-0.860013291225,-5.99855384299E-02,-0.50673353362)
  );
#4209 = DEFINITIONAL_REPRESENTATION('',(#4210),#4214);
#4210 = LINE('',#4211,#4212);
#4211 = CARTESIAN_POINT('',(-4.996003610813E-15,-2.));
#4212 = VECTOR('',#4213,1.);
#4213 = DIRECTION('',(1.,-5.551115123126E-17));
#4214 = ( GEOMETRIC_REPRESENTATION_CONTEXT(2) 
PARAMETRIC_REPRESENTATION_CONTEXT() REPRESENTATION_CONTEXT('2D SPACE',''
  ) );
#4215 = ORIENTED_EDGE('',*,*,#4216,.F.);
#4216 = EDGE_CURVE('',#4217,#4189,#4219,.T.);
#4217 = VERTEX_POINT('',#4218);
#4218 = CARTESIAN_POINT('',(64.798973842753,-54.09391379927,
    -4.505366685373));
#4219 = SURFACE_CURVE('',#4220,(#4225,#4232),.PCURVE_S1.);
#4220 = CIRCLE('',#4221,2.15);
#4221 = AXIS2_PLACEMENT_3D('',#4222,#4223,#4224);
#4222 = CARTESIAN_POINT('',(65.12653964596,-52.12111391862,
    -5.294835668618));
#4223 = DIRECTION('',(-0.486995617059,0.392996463048,0.779992980095));
#4224 = DIRECTION('',(-0.798629551001,-0.561911249135,-0.215514705676));
#4225 = PCURVE('',#2017,#4226);
#4226 = DEFINITIONAL_REPRESENTATION('',(#4227),#4231);
#4227 = CIRCLE('',#4228,2.15);
#4228 = AXIS2_PLACEMENT_2D('',#4229,#4230);
#4229 = CARTESIAN_POINT('',(22.75042745856,1.487275930065));
#4230 = DIRECTION('',(-0.79156988727,-0.611078647612));
#4231 = ( GEOMETRIC_REPRESENTATION_CONTEXT(2) 
PARAMETRIC_REPRESENTATION_CONTEXT() REPRESENTATION_CONTEXT('2D SPACE',''
  ) );
#4232 = PCURVE('',#4233,#4238);
#4233 = CYLINDRICAL_SURFACE('',#4234,2.15);
#4234 = AXIS2_PLACEMENT_3D('',#4235,#4236,#4237);
#4235 = CARTESIAN_POINT('',(64.152548411842,-51.33512099253,
    -3.734849708428));
#4236 = DIRECTION('',(-0.486995617059,0.392996463048,0.779992980095));
#4237 = DIRECTION('',(0.500389136772,-0.60641180669,0.617960704663));
#4238 = DEFINITIONAL_REPRESENTATION('',(#4239),#4243);
#4239 = LINE('',#4240,#4241);
#4240 = CARTESIAN_POINT('',(4.519132714227,-2.));
#4241 = VECTOR('',#4242,1.);
#4242 = DIRECTION('',(1.,0.));
#4243 = ( GEOMETRIC_REPRESENTATION_CONTEXT(2) 
PARAMETRIC_REPRESENTATION_CONTEXT() REPRESENTATION_CONTEXT('2D SPACE',''
  ) );
#4244 = ORIENTED_EDGE('',*,*,#4245,.F.);
#4245 = EDGE_CURVE('',#4160,#4217,#4246,.T.);
#4246 = SURFACE_CURVE('',#4247,(#4251,#4258),.PCURVE_S1.);
#4247 = LINE('',#4248,#4249);
#4248 = CARTESIAN_POINT('',(59.638894095402,-54.45382702985,
    -7.545767887094));
#4249 = VECTOR('',#4250,1.);
#4250 = DIRECTION('',(0.860013291225,5.99855384299E-02,0.50673353362));
#4251 = PCURVE('',#2017,#4252);
#4252 = DEFINITIONAL_REPRESENTATION('',(#4253),#4257);
#4253 = LINE('',#4254,#4255);
#4254 = CARTESIAN_POINT('',(16.903461332298,-1.04955025995));
#4255 = VECTOR('',#4256,1.);
#4256 = DIRECTION('',(0.997869975164,6.523429056882E-02));
#4257 = ( GEOMETRIC_REPRESENTATION_CONTEXT(2) 
PARAMETRIC_REPRESENTATION_CONTEXT() REPRESENTATION_CONTEXT('2D SPACE',''
  ) );
#4258 = PCURVE('',#4259,#4264);
#4259 = PLANE('',#4260);
#4260 = AXIS2_PLACEMENT_3D('',#4261,#4262,#4263);
#4261 = CARTESIAN_POINT('',(58.664902861284,-53.66783410375,
    -5.985781926904));
#4262 = DIRECTION('',(-0.152356187538,-0.917581339834,0.367194875928));
#4263 = DIRECTION('',(0.860013291225,5.99855384299E-02,0.50673353362));
#4264 = DEFINITIONAL_REPRESENTATION('',(#4265),#4269);
#4265 = LINE('',#4266,#4267);
#4266 = CARTESIAN_POINT('',(-1.221245327088E-15,-2.));
#4267 = VECTOR('',#4268,1.);
#4268 = DIRECTION('',(1.,5.551115123126E-17));
#4269 = ( GEOMETRIC_REPRESENTATION_CONTEXT(2) 
PARAMETRIC_REPRESENTATION_CONTEXT() REPRESENTATION_CONTEXT('2D SPACE',''
  ) );
#4270 = ADVANCED_FACE('',(#4271),#2097,.F.);
#4271 = FACE_BOUND('',#4272,.F.);
#4272 = EDGE_LOOP('',(#4273,#4296,#4297,#4298,#4319));
#4273 = ORIENTED_EDGE('',*,*,#4274,.F.);
#4274 = EDGE_CURVE('',#3977,#4275,#4277,.T.);
#4275 = VERTEX_POINT('',#4276);
#4276 = CARTESIAN_POINT('',(42.14880576971,-59.36347109909,
    -20.15083507179));
#4277 = SURFACE_CURVE('',#4278,(#4282,#4289),.PCURVE_S1.);
#4278 = LINE('',#4279,#4280);
#4279 = CARTESIAN_POINT('',(-65.7241253525,-51.20933095789,
    13.414009961515));
#4280 = VECTOR('',#4281,1.);
#4281 = DIRECTION('',(0.952368315153,-7.198974410917E-02,-0.296331012611
    ));
#4282 = PCURVE('',#2097,#4283);
#4283 = DEFINITIONAL_REPRESENTATION('',(#4284),#4288);
#4284 = LINE('',#4285,#4286);
#4285 = CARTESIAN_POINT('',(11.,1.33226762955E-15));
#4286 = VECTOR('',#4287,1.);
#4287 = DIRECTION('',(0.,-1.));
#4288 = ( GEOMETRIC_REPRESENTATION_CONTEXT(2) 
PARAMETRIC_REPRESENTATION_CONTEXT() REPRESENTATION_CONTEXT('2D SPACE',''
  ) );
#4289 = PCURVE('',#2043,#4290);
#4290 = DEFINITIONAL_REPRESENTATION('',(#4291),#4295);
#4291 = LINE('',#4292,#4293);
#4292 = CARTESIAN_POINT('',(0.,0.));
#4293 = VECTOR('',#4294,1.);
#4294 = DIRECTION('',(0.,-1.));
#4295 = ( GEOMETRIC_REPRESENTATION_CONTEXT(2) 
PARAMETRIC_REPRESENTATION_CONTEXT() REPRESENTATION_CONTEXT('2D SPACE',''
  ) );
#4296 = ORIENTED_EDGE('',*,*,#4020,.T.);
#4297 = ORIENTED_EDGE('',*,*,#2082,.F.);
#4298 = ORIENTED_EDGE('',*,*,#4299,.T.);
#4299 = EDGE_CURVE('',#2055,#4300,#4302,.T.);
#4300 = VERTEX_POINT('',#4301);
#4301 = CARTESIAN_POINT('',(43.268205119456,-59.44808675824,
    -16.53267873066));
#4302 = SURFACE_CURVE('',#4303,(#4307,#4313),.PCURVE_S1.);
#4303 = LINE('',#4304,#4305);
#4304 = CARTESIAN_POINT('',(16.285048251706,-57.4084236077,
    -34.40753131112));
#4305 = VECTOR('',#4306,1.);
#4306 = DIRECTION('',(0.832020750263,-6.289264347825E-02,0.551167838801)
  );
#4307 = PCURVE('',#2097,#4308);
#4308 = DEFINITIONAL_REPRESENTATION('',(#4309),#4312);
#4309 = B_SPLINE_CURVE_WITH_KNOTS('',1,(#4310,#4311),.UNSPECIFIED.,.F.,
  .F.,(2,2),(27.534324095149,32.430870094564),.PIECEWISE_BEZIER_KNOTS.);
#4310 = CARTESIAN_POINT('',(11.,-110.1656795238));
#4311 = CARTESIAN_POINT('',(7.211692987252,-113.2680806425));
#4312 = ( GEOMETRIC_REPRESENTATION_CONTEXT(2) 
PARAMETRIC_REPRESENTATION_CONTEXT() REPRESENTATION_CONTEXT('2D SPACE',''
  ) );
#4313 = PCURVE('',#2070,#4314);
#4314 = DEFINITIONAL_REPRESENTATION('',(#4315),#4318);
#4315 = B_SPLINE_CURVE_WITH_KNOTS('',1,(#4316,#4317),.UNSPECIFIED.,.F.,
  .F.,(2,2),(27.534324095149,32.430870094564),.PIECEWISE_BEZIER_KNOTS.);
#4316 = CARTESIAN_POINT('',(-6.627472707295,-5.718522380441));
#4317 = CARTESIAN_POINT('',(-1.742393108326,-6.053425405394));
#4318 = ( GEOMETRIC_REPRESENTATION_CONTEXT(2) 
PARAMETRIC_REPRESENTATION_CONTEXT() REPRESENTATION_CONTEXT('2D SPACE',''
  ) );
#4319 = ORIENTED_EDGE('',*,*,#4320,.T.);
#4320 = EDGE_CURVE('',#4300,#4275,#4321,.T.);
#4321 = SURFACE_CURVE('',#4322,(#4326,#4333),.PCURVE_S1.);
#4322 = LINE('',#4323,#4324);
#4323 = CARTESIAN_POINT('',(45.399174022803,-59.60916719699,
    -9.644896767827));
#4324 = VECTOR('',#4325,1.);
#4325 = DIRECTION('',(-0.295488023008,2.233600890038E-02,-0.955085300361
    ));
#4326 = PCURVE('',#2097,#4327);
#4327 = DEFINITIONAL_REPRESENTATION('',(#4328),#4332);
#4328 = LINE('',#4329,#4330);
#4329 = CARTESIAN_POINT('',(0.,-113.2680806425));
#4330 = VECTOR('',#4331,1.);
#4331 = DIRECTION('',(1.,0.));
#4332 = ( GEOMETRIC_REPRESENTATION_CONTEXT(2) 
PARAMETRIC_REPRESENTATION_CONTEXT() REPRESENTATION_CONTEXT('2D SPACE',''
  ) );
#4333 = PCURVE('',#4334,#4339);
#4334 = PLANE('',#4335);
#4335 = AXIS2_PLACEMENT_3D('',#4336,#4337,#4338);
#4336 = CARTESIAN_POINT('',(44.30161628583,-52.50623244421,
    -14.89786591981));
#4337 = DIRECTION('',(0.952368315153,-7.198974410917E-02,-0.296331012611
    ));
#4338 = DIRECTION('',(0.297101881375,-3.469446951954E-18,0.954845784451)
  );
#4339 = DEFINITIONAL_REPRESENTATION('',(#4340),#4344);
#4340 = LINE('',#4341,#4342);
#4341 = CARTESIAN_POINT('',(5.341861919194,7.121412165875));
#4342 = VECTOR('',#4343,1.);
#4343 = DIRECTION('',(-0.9997492204,-2.239411328646E-02));
#4344 = ( GEOMETRIC_REPRESENTATION_CONTEXT(2) 
PARAMETRIC_REPRESENTATION_CONTEXT() REPRESENTATION_CONTEXT('2D SPACE',''
  ) );
#4345 = ADVANCED_FACE('',(#4346),#2070,.T.);
#4346 = FACE_BOUND('',#4347,.T.);
#4347 = EDGE_LOOP('',(#4348,#4369,#4370,#4371));
#4348 = ORIENTED_EDGE('',*,*,#4349,.T.);
#4349 = EDGE_CURVE('',#4350,#2029,#4352,.T.);
#4350 = VERTEX_POINT('',#4351);
#4351 = CARTESIAN_POINT('',(42.624977325478,-53.06409182081,
    -20.15083507179));
#4352 = SURFACE_CURVE('',#4353,(#4357,#4363),.PCURVE_S1.);
#4353 = LINE('',#4354,#4355);
#4354 = CARTESIAN_POINT('',(29.222843024129,-76.79962820765,
    -16.55951918041));
#4355 = VECTOR('',#4356,1.);
#4356 = DIRECTION('',(-0.487466234823,-0.863315670015,0.130624361484));
#4357 = PCURVE('',#2070,#4358);
#4358 = DEFINITIONAL_REPRESENTATION('',(#4359),#4362);
#4359 = B_SPLINE_CURVE_WITH_KNOTS('',1,(#4360,#4361),.UNSPECIFIED.,.F.,
  .F.,(2,2),(-27.49346179066,-20.45543569354),.PIECEWISE_BEZIER_KNOTS.);
#4360 = CARTESIAN_POINT('',(-4.204210414944,0.889170954317));
#4361 = CARTESIAN_POINT('',(-6.627472707295,-5.718522380441));
#4362 = ( GEOMETRIC_REPRESENTATION_CONTEXT(2) 
PARAMETRIC_REPRESENTATION_CONTEXT() REPRESENTATION_CONTEXT('2D SPACE',''
  ) );
#4363 = PCURVE('',#2043,#4364);
#4364 = DEFINITIONAL_REPRESENTATION('',(#4365),#4368);
#4365 = B_SPLINE_CURVE_WITH_KNOTS('',1,(#4366,#4367),.UNSPECIFIED.,.F.,
  .F.,(2,2),(-27.49346179066,-20.45543569354),.PIECEWISE_BEZIER_KNOTS.);
#4366 = CARTESIAN_POINT('',(6.317350603076,-113.2680806425));
#4367 = CARTESIAN_POINT('',(-3.552713678801E-15,-110.1656795238));
#4368 = ( GEOMETRIC_REPRESENTATION_CONTEXT(2) 
PARAMETRIC_REPRESENTATION_CONTEXT() REPRESENTATION_CONTEXT('2D SPACE',''
  ) );
#4369 = ORIENTED_EDGE('',*,*,#2054,.T.);
#4370 = ORIENTED_EDGE('',*,*,#4299,.T.);
#4371 = ORIENTED_EDGE('',*,*,#4372,.F.);
#4372 = EDGE_CURVE('',#4350,#4300,#4373,.T.);
#4373 = SURFACE_CURVE('',#4374,(#4378,#4384),.PCURVE_S1.);
#4374 = LINE('',#4375,#4376);
#4375 = CARTESIAN_POINT('',(42.820851160591,-55.00812717414,
    -19.04904474927));
#4376 = VECTOR('',#4377,1.);
#4377 = DIRECTION('',(8.732209615403E-02,-0.866666249488,0.491186790866)
  );
#4378 = PCURVE('',#2070,#4379);
#4379 = DEFINITIONAL_REPRESENTATION('',(#4380),#4383);
#4380 = B_SPLINE_CURVE_WITH_KNOTS('',1,(#4381,#4382),.UNSPECIFIED.,.F.,
  .F.,(2,2),(-2.528947915882,5.166546480736),.PIECEWISE_BEZIER_KNOTS.);
#4381 = CARTESIAN_POINT('',(-4.299736426235,1.15856484332));
#4382 = CARTESIAN_POINT('',(-1.727850529145,-6.094437082829));
#4383 = ( GEOMETRIC_REPRESENTATION_CONTEXT(2) 
PARAMETRIC_REPRESENTATION_CONTEXT() REPRESENTATION_CONTEXT('2D SPACE',''
  ) );
#4384 = PCURVE('',#4334,#4385);
#4385 = DEFINITIONAL_REPRESENTATION('',(#4386),#4389);
#4386 = B_SPLINE_CURVE_WITH_KNOTS('',1,(#4387,#4388),.UNSPECIFIED.,.F.,
  .F.,(2,2),(-2.528947915882,5.166546480736),.PIECEWISE_BEZIER_KNOTS.);
#4387 = CARTESIAN_POINT('',(-5.655379505204,0.310947718082));
#4388 = CARTESIAN_POINT('',(-1.846485352175,6.997722676116));
#4389 = ( GEOMETRIC_REPRESENTATION_CONTEXT(2) 
PARAMETRIC_REPRESENTATION_CONTEXT() REPRESENTATION_CONTEXT('2D SPACE',''
  ) );
#4390 = ADVANCED_FACE('',(#4391),#2043,.F.);
#4391 = FACE_BOUND('',#4392,.F.);
#4392 = EDGE_LOOP('',(#4393,#4394,#4415,#4416,#4417));
#4393 = ORIENTED_EDGE('',*,*,#4274,.T.);
#4394 = ORIENTED_EDGE('',*,*,#4395,.T.);
#4395 = EDGE_CURVE('',#4275,#4350,#4396,.T.);
#4396 = SURFACE_CURVE('',#4397,(#4401,#4408),.PCURVE_S1.);
#4397 = LINE('',#4398,#4399);
#4398 = CARTESIAN_POINT('',(42.14880576971,-59.36347109909,
    -20.15083507179));
#4399 = VECTOR('',#4400,1.);
#4400 = DIRECTION('',(7.537519851053E-02,0.997155243405,-0.));
#4401 = PCURVE('',#2043,#4402);
#4402 = DEFINITIONAL_REPRESENTATION('',(#4403),#4407);
#4403 = LINE('',#4404,#4405);
#4404 = CARTESIAN_POINT('',(0.,-113.2680806425));
#4405 = VECTOR('',#4406,1.);
#4406 = DIRECTION('',(1.,0.));
#4407 = ( GEOMETRIC_REPRESENTATION_CONTEXT(2) 
PARAMETRIC_REPRESENTATION_CONTEXT() REPRESENTATION_CONTEXT('2D SPACE',''
  ) );
#4408 = PCURVE('',#4334,#4409);
#4409 = DEFINITIONAL_REPRESENTATION('',(#4410),#4414);
#4410 = LINE('',#4411,#4412);
#4411 = CARTESIAN_POINT('',(-5.655379505204,6.875076919723));
#4412 = VECTOR('',#4413,1.);
#4413 = DIRECTION('',(2.239411328646E-02,-0.9997492204));
#4414 = ( GEOMETRIC_REPRESENTATION_CONTEXT(2) 
PARAMETRIC_REPRESENTATION_CONTEXT() REPRESENTATION_CONTEXT('2D SPACE',''
  ) );
#4415 = ORIENTED_EDGE('',*,*,#4349,.T.);
#4416 = ORIENTED_EDGE('',*,*,#2028,.F.);
#4417 = ORIENTED_EDGE('',*,*,#3976,.T.);
#4418 = ADVANCED_FACE('',(#4419),#1990,.F.);
#4419 = FACE_BOUND('',#4420,.F.);
#4420 = EDGE_LOOP('',(#4421,#4422,#4423,#4424));
#4421 = ORIENTED_EDGE('',*,*,#2643,.F.);
#4422 = ORIENTED_EDGE('',*,*,#3220,.T.);
#4423 = ORIENTED_EDGE('',*,*,#3998,.T.);
#4424 = ORIENTED_EDGE('',*,*,#1974,.F.);
#4425 = ADVANCED_FACE('',(#4426),#2195,.T.);
#4426 = FACE_BOUND('',#4427,.T.);
#4427 = EDGE_LOOP('',(#4428,#4449,#4450,#4471));
#4428 = ORIENTED_EDGE('',*,*,#4429,.T.);
#4429 = EDGE_CURVE('',#2178,#3651,#4430,.T.);
#4430 = SURFACE_CURVE('',#4431,(#4435,#4442),.PCURVE_S1.);
#4431 = LINE('',#4432,#4433);
#4432 = CARTESIAN_POINT('',(18.759278037745,-53.22038852646,
    -27.28047218467));
#4433 = VECTOR('',#4434,1.);
#4434 = DIRECTION('',(0.486995617059,-0.392996463048,-0.779992980095));
#4435 = PCURVE('',#2195,#4436);
#4436 = DEFINITIONAL_REPRESENTATION('',(#4437),#4441);
#4437 = LINE('',#4438,#4439);
#4438 = CARTESIAN_POINT('',(0.,0.));
#4439 = VECTOR('',#4440,1.);
#4440 = DIRECTION('',(-2.22044604925E-16,-1.));
#4441 = ( GEOMETRIC_REPRESENTATION_CONTEXT(2) 
PARAMETRIC_REPRESENTATION_CONTEXT() REPRESENTATION_CONTEXT('2D SPACE',''
  ) );
#4442 = PCURVE('',#2277,#4443);
#4443 = DEFINITIONAL_REPRESENTATION('',(#4444),#4448);
#4444 = LINE('',#4445,#4446);
#4445 = CARTESIAN_POINT('',(40.,-2.6645352591E-15));
#4446 = VECTOR('',#4447,1.);
#4447 = DIRECTION('',(-1.387778780781E-17,-1.));
#4448 = ( GEOMETRIC_REPRESENTATION_CONTEXT(2) 
PARAMETRIC_REPRESENTATION_CONTEXT() REPRESENTATION_CONTEXT('2D SPACE',''
  ) );
#4449 = ORIENTED_EDGE('',*,*,#3650,.T.);
#4450 = ORIENTED_EDGE('',*,*,#4451,.F.);
#4451 = EDGE_CURVE('',#2180,#3653,#4452,.T.);
#4452 = SURFACE_CURVE('',#4453,(#4457,#4464),.PCURVE_S1.);
#4453 = LINE('',#4454,#4455);
#4454 = CARTESIAN_POINT('',(38.774843508631,-77.47686079406,
    -2.562043998151));
#4455 = VECTOR('',#4456,1.);
#4456 = DIRECTION('',(0.486995617059,-0.392996463048,-0.779992980095));
#4457 = PCURVE('',#2195,#4458);
#4458 = DEFINITIONAL_REPRESENTATION('',(#4459),#4463);
#4459 = LINE('',#4460,#4461);
#4460 = CARTESIAN_POINT('',(40.,0.));
#4461 = VECTOR('',#4462,1.);
#4462 = DIRECTION('',(-2.22044604925E-16,-1.));
#4463 = ( GEOMETRIC_REPRESENTATION_CONTEXT(2) 
PARAMETRIC_REPRESENTATION_CONTEXT() REPRESENTATION_CONTEXT('2D SPACE',''
  ) );
#4464 = PCURVE('',#2223,#4465);
#4465 = DEFINITIONAL_REPRESENTATION('',(#4466),#4470);
#4466 = LINE('',#4467,#4468);
#4467 = CARTESIAN_POINT('',(0.,0.));
#4468 = VECTOR('',#4469,1.);
#4469 = DIRECTION('',(1.387778780781E-17,-1.));
#4470 = ( GEOMETRIC_REPRESENTATION_CONTEXT(2) 
PARAMETRIC_REPRESENTATION_CONTEXT() REPRESENTATION_CONTEXT('2D SPACE',''
  ) );
#4471 = ORIENTED_EDGE('',*,*,#2177,.F.);
#4472 = ADVANCED_FACE('',(#4473),#2223,.T.);
#4473 = FACE_BOUND('',#4474,.T.);
#4474 = EDGE_LOOP('',(#4475,#4476,#4477,#4498));
#4475 = ORIENTED_EDGE('',*,*,#4451,.T.);
#4476 = ORIENTED_EDGE('',*,*,#3675,.T.);
#4477 = ORIENTED_EDGE('',*,*,#4478,.F.);
#4478 = EDGE_CURVE('',#2208,#3676,#4479,.T.);
#4479 = SURFACE_CURVE('',#4480,(#4484,#4491),.PCURVE_S1.);
#4480 = LINE('',#4481,#4482);
#4481 = CARTESIAN_POINT('',(67.408976448619,-49.82709404671,
    1.384705245525));
#4482 = VECTOR('',#4483,1.);
#4483 = DIRECTION('',(0.486995617059,-0.392996463048,-0.779992980095));
#4484 = PCURVE('',#2223,#4485);
#4485 = DEFINITIONAL_REPRESENTATION('',(#4486),#4490);
#4486 = LINE('',#4487,#4488);
#4487 = CARTESIAN_POINT('',(40.,4.884981308351E-15));
#4488 = VECTOR('',#4489,1.);
#4489 = DIRECTION('',(1.387778780781E-17,-1.));
#4490 = ( GEOMETRIC_REPRESENTATION_CONTEXT(2) 
PARAMETRIC_REPRESENTATION_CONTEXT() REPRESENTATION_CONTEXT('2D SPACE',''
  ) );
#4491 = PCURVE('',#2251,#4492);
#4492 = DEFINITIONAL_REPRESENTATION('',(#4493),#4497);
#4493 = LINE('',#4494,#4495);
#4494 = CARTESIAN_POINT('',(0.,0.));
#4495 = VECTOR('',#4496,1.);
#4496 = DIRECTION('',(2.22044604925E-16,-1.));
#4497 = ( GEOMETRIC_REPRESENTATION_CONTEXT(2) 
PARAMETRIC_REPRESENTATION_CONTEXT() REPRESENTATION_CONTEXT('2D SPACE',''
  ) );
#4498 = ORIENTED_EDGE('',*,*,#2207,.F.);
#4499 = ADVANCED_FACE('',(#4500),#2251,.T.);
#4500 = FACE_BOUND('',#4501,.T.);
#4501 = EDGE_LOOP('',(#4502,#4503,#4504,#4525));
#4502 = ORIENTED_EDGE('',*,*,#4478,.T.);
#4503 = ORIENTED_EDGE('',*,*,#3698,.T.);
#4504 = ORIENTED_EDGE('',*,*,#4505,.F.);
#4505 = EDGE_CURVE('',#2236,#3699,#4506,.T.);
#4506 = SURFACE_CURVE('',#4507,(#4511,#4518),.PCURVE_S1.);
#4507 = LINE('',#4508,#4509);
#4508 = CARTESIAN_POINT('',(47.393410977733,-25.57062177912,
    -23.33372294099));
#4509 = VECTOR('',#4510,1.);
#4510 = DIRECTION('',(0.486995617059,-0.392996463048,-0.779992980095));
#4511 = PCURVE('',#2251,#4512);
#4512 = DEFINITIONAL_REPRESENTATION('',(#4513),#4517);
#4513 = LINE('',#4514,#4515);
#4514 = CARTESIAN_POINT('',(40.,3.552713678801E-15));
#4515 = VECTOR('',#4516,1.);
#4516 = DIRECTION('',(2.22044604925E-16,-1.));
#4517 = ( GEOMETRIC_REPRESENTATION_CONTEXT(2) 
PARAMETRIC_REPRESENTATION_CONTEXT() REPRESENTATION_CONTEXT('2D SPACE',''
  ) );
#4518 = PCURVE('',#2277,#4519);
#4519 = DEFINITIONAL_REPRESENTATION('',(#4520),#4524);
#4520 = LINE('',#4521,#4522);
#4521 = CARTESIAN_POINT('',(-0.,0.));
#4522 = VECTOR('',#4523,1.);
#4523 = DIRECTION('',(-1.387778780781E-17,-1.));
#4524 = ( GEOMETRIC_REPRESENTATION_CONTEXT(2) 
PARAMETRIC_REPRESENTATION_CONTEXT() REPRESENTATION_CONTEXT('2D SPACE',''
  ) );
#4525 = ORIENTED_EDGE('',*,*,#2235,.F.);
#4526 = ADVANCED_FACE('',(#4527),#2277,.T.);
#4527 = FACE_BOUND('',#4528,.T.);
#4528 = EDGE_LOOP('',(#4529,#4530,#4531,#4532));
#4529 = ORIENTED_EDGE('',*,*,#4505,.T.);
#4530 = ORIENTED_EDGE('',*,*,#3721,.T.);
#4531 = ORIENTED_EDGE('',*,*,#4429,.F.);
#4532 = ORIENTED_EDGE('',*,*,#2263,.F.);
#4533 = ADVANCED_FACE('',(#4534),#2310,.F.);
#4534 = FACE_BOUND('',#4535,.F.);
#4535 = EDGE_LOOP('',(#4536,#4537,#4560,#4589));
#4536 = ORIENTED_EDGE('',*,*,#2291,.F.);
#4537 = ORIENTED_EDGE('',*,*,#4538,.T.);
#4538 = EDGE_CURVE('',#2292,#4539,#4541,.T.);
#4539 = VERTEX_POINT('',#4540);
#4540 = CARTESIAN_POINT('',(25.120507201923,-52.96924275113,
    -27.2815089624));
#4541 = SURFACE_CURVE('',#4542,(#4546,#4553),.PCURVE_S1.);
#4542 = LINE('',#4543,#4544);
#4543 = CARTESIAN_POINT('',(23.172524733687,-51.39725689894,
    -24.16153704202));
#4544 = VECTOR('',#4545,1.);
#4545 = DIRECTION('',(0.486995617059,-0.392996463048,-0.779992980095));
#4546 = PCURVE('',#2310,#4547);
#4547 = DEFINITIONAL_REPRESENTATION('',(#4548),#4552);
#4548 = LINE('',#4549,#4550);
#4549 = CARTESIAN_POINT('',(2.356194490192,-1.121325254871E-14));
#4550 = VECTOR('',#4551,1.);
#4551 = DIRECTION('',(0.,-1.));
#4552 = ( GEOMETRIC_REPRESENTATION_CONTEXT(2) 
PARAMETRIC_REPRESENTATION_CONTEXT() REPRESENTATION_CONTEXT('2D SPACE',''
  ) );
#4553 = PCURVE('',#2337,#4554);
#4554 = DEFINITIONAL_REPRESENTATION('',(#4555),#4559);
#4555 = LINE('',#4556,#4557);
#4556 = CARTESIAN_POINT('',(6.,0.));
#4557 = VECTOR('',#4558,1.);
#4558 = DIRECTION('',(-5.551115123126E-17,-1.));
#4559 = ( GEOMETRIC_REPRESENTATION_CONTEXT(2) 
PARAMETRIC_REPRESENTATION_CONTEXT() REPRESENTATION_CONTEXT('2D SPACE',''
  ) );
#4560 = ORIENTED_EDGE('',*,*,#4561,.T.);
#4561 = EDGE_CURVE('',#4539,#4562,#4564,.T.);
#4562 = VERTEX_POINT('',#4563);
#4563 = CARTESIAN_POINT('',(24.754852351832,-55.17143796674,
    -26.40024126017));
#4564 = SURFACE_CURVE('',#4565,(#4570,#4577),.PCURVE_S1.);
#4565 = CIRCLE('',#4566,1.2);
#4566 = AXIS2_PLACEMENT_3D('',#4567,#4568,#4569);
#4567 = CARTESIAN_POINT('',(24.937679776878,-54.07034035893,
    -26.84087511128));
#4568 = DIRECTION('',(-0.486995617059,0.392996463048,0.779992980095));
#4569 = DIRECTION('',(0.500389136772,-0.60641180669,0.617960704663));
#4570 = PCURVE('',#2310,#4571);
#4571 = DEFINITIONAL_REPRESENTATION('',(#4572),#4576);
#4572 = LINE('',#4573,#4574);
#4573 = CARTESIAN_POINT('',(0.,-4.));
#4574 = VECTOR('',#4575,1.);
#4575 = DIRECTION('',(1.,0.));
#4576 = ( GEOMETRIC_REPRESENTATION_CONTEXT(2) 
PARAMETRIC_REPRESENTATION_CONTEXT() REPRESENTATION_CONTEXT('2D SPACE',''
  ) );
#4577 = PCURVE('',#4578,#4583);
#4578 = PLANE('',#4579);
#4579 = AXIS2_PLACEMENT_3D('',#4580,#4581,#4582);
#4580 = CARTESIAN_POINT('',(24.937679776878,-54.07034035893,
    -26.84087511128));
#4581 = DIRECTION('',(-0.486995617059,0.392996463048,0.779992980095));
#4582 = DIRECTION('',(0.848242593748,0.,0.52960787584));
#4583 = DEFINITIONAL_REPRESENTATION('',(#4584),#4588);
#4584 = CIRCLE('',#4585,1.2);
#4585 = AXIS2_PLACEMENT_2D('',#4586,#4587);
#4586 = CARTESIAN_POINT('',(-6.027126131499E-15,-8.012605724462E-15));
#4587 = DIRECTION('',(0.751728235408,-0.659473016954));
#4588 = ( GEOMETRIC_REPRESENTATION_CONTEXT(2) 
PARAMETRIC_REPRESENTATION_CONTEXT() REPRESENTATION_CONTEXT('2D SPACE',''
  ) );
#4589 = ORIENTED_EDGE('',*,*,#4590,.F.);
#4590 = EDGE_CURVE('',#2294,#4562,#4591,.T.);
#4591 = SURFACE_CURVE('',#4592,(#4596,#4603),.PCURVE_S1.);
#4592 = LINE('',#4593,#4594);
#4593 = CARTESIAN_POINT('',(22.806869883596,-53.59945211454,
    -23.28026933979));
#4594 = VECTOR('',#4595,1.);
#4595 = DIRECTION('',(0.486995617059,-0.392996463048,-0.779992980095));
#4596 = PCURVE('',#2310,#4597);
#4597 = DEFINITIONAL_REPRESENTATION('',(#4598),#4602);
#4598 = LINE('',#4599,#4600);
#4599 = CARTESIAN_POINT('',(5.497787143782,-1.060262988517E-14));
#4600 = VECTOR('',#4601,1.);
#4601 = DIRECTION('',(0.,-1.));
#4602 = ( GEOMETRIC_REPRESENTATION_CONTEXT(2) 
PARAMETRIC_REPRESENTATION_CONTEXT() REPRESENTATION_CONTEXT('2D SPACE',''
  ) );
#4603 = PCURVE('',#2394,#4604);
#4604 = DEFINITIONAL_REPRESENTATION('',(#4605),#4609);
#4605 = LINE('',#4606,#4607);
#4606 = CARTESIAN_POINT('',(0.,0.));
#4607 = VECTOR('',#4608,1.);
#4608 = DIRECTION('',(5.551115123126E-17,-1.));
#4609 = ( GEOMETRIC_REPRESENTATION_CONTEXT(2) 
PARAMETRIC_REPRESENTATION_CONTEXT() REPRESENTATION_CONTEXT('2D SPACE',''
  ) );
#4610 = ADVANCED_FACE('',(#4611),#2337,.F.);
#4611 = FACE_BOUND('',#4612,.F.);
#4612 = EDGE_LOOP('',(#4613,#4614,#4636,#4657));
#4613 = ORIENTED_EDGE('',*,*,#2322,.F.);
#4614 = ORIENTED_EDGE('',*,*,#4615,.T.);
#4615 = EDGE_CURVE('',#2323,#4616,#4618,.T.);
#4616 = VERTEX_POINT('',#4617);
#4617 = CARTESIAN_POINT('',(30.280586949275,-52.60932952055,
    -24.24110776067));
#4618 = SURFACE_CURVE('',#4619,(#4623,#4630),.PCURVE_S1.);
#4619 = LINE('',#4620,#4621);
#4620 = CARTESIAN_POINT('',(28.332604481038,-51.03734366836,
    -21.1211358403));
#4621 = VECTOR('',#4622,1.);
#4622 = DIRECTION('',(0.486995617059,-0.392996463048,-0.779992980095));
#4623 = PCURVE('',#2337,#4624);
#4624 = DEFINITIONAL_REPRESENTATION('',(#4625),#4629);
#4625 = LINE('',#4626,#4627);
#4626 = CARTESIAN_POINT('',(-0.,0.));
#4627 = VECTOR('',#4628,1.);
#4628 = DIRECTION('',(-5.551115123126E-17,-1.));
#4629 = ( GEOMETRIC_REPRESENTATION_CONTEXT(2) 
PARAMETRIC_REPRESENTATION_CONTEXT() REPRESENTATION_CONTEXT('2D SPACE',''
  ) );
#4630 = PCURVE('',#2369,#4631);
#4631 = DEFINITIONAL_REPRESENTATION('',(#4632),#4635);
#4632 = B_SPLINE_CURVE_WITH_KNOTS('',1,(#4633,#4634),.UNSPECIFIED.,.F.,
  .F.,(2,2),(1.,6.),.PIECEWISE_BEZIER_KNOTS.);
#4633 = CARTESIAN_POINT('',(8.639379797372,-1.));
#4634 = CARTESIAN_POINT('',(8.639379797372,-6.));
#4635 = ( GEOMETRIC_REPRESENTATION_CONTEXT(2) 
PARAMETRIC_REPRESENTATION_CONTEXT() REPRESENTATION_CONTEXT('2D SPACE',''
  ) );
#4636 = ORIENTED_EDGE('',*,*,#4637,.F.);
#4637 = EDGE_CURVE('',#4539,#4616,#4638,.T.);
#4638 = SURFACE_CURVE('',#4639,(#4643,#4650),.PCURVE_S1.);
#4639 = LINE('',#4640,#4641);
#4640 = CARTESIAN_POINT('',(25.120507201923,-52.96924275113,
    -27.2815089624));
#4641 = VECTOR('',#4642,1.);
#4642 = DIRECTION('',(0.860013291225,5.99855384299E-02,0.50673353362));
#4643 = PCURVE('',#2337,#4644);
#4644 = DEFINITIONAL_REPRESENTATION('',(#4645),#4649);
#4645 = LINE('',#4646,#4647);
#4646 = CARTESIAN_POINT('',(6.,-4.));
#4647 = VECTOR('',#4648,1.);
#4648 = DIRECTION('',(-1.,4.996003610813E-16));
#4649 = ( GEOMETRIC_REPRESENTATION_CONTEXT(2) 
PARAMETRIC_REPRESENTATION_CONTEXT() REPRESENTATION_CONTEXT('2D SPACE',''
  ) );
#4650 = PCURVE('',#4578,#4651);
#4651 = DEFINITIONAL_REPRESENTATION('',(#4652),#4656);
#4652 = LINE('',#4653,#4654);
#4653 = CARTESIAN_POINT('',(-7.828114868259E-02,1.197443970197));
#4654 = VECTOR('',#4655,1.);
#4655 = DIRECTION('',(0.997869975164,6.523429056882E-02));
#4656 = ( GEOMETRIC_REPRESENTATION_CONTEXT(2) 
PARAMETRIC_REPRESENTATION_CONTEXT() REPRESENTATION_CONTEXT('2D SPACE',''
  ) );
#4657 = ORIENTED_EDGE('',*,*,#4538,.F.);
#4658 = ADVANCED_FACE('',(#4659),#2369,.F.);
#4659 = FACE_BOUND('',#4660,.F.);
#4660 = EDGE_LOOP('',(#4661,#4683,#4705,#4706));
#4661 = ORIENTED_EDGE('',*,*,#4662,.T.);
#4662 = EDGE_CURVE('',#2349,#4663,#4665,.T.);
#4663 = VERTEX_POINT('',#4664);
#4664 = CARTESIAN_POINT('',(29.914932099184,-54.81152473616,
    -23.35984005845));
#4665 = SURFACE_CURVE('',#4666,(#4670,#4676),.PCURVE_S1.);
#4666 = LINE('',#4667,#4668);
#4667 = CARTESIAN_POINT('',(27.966949630947,-53.23953888396,
    -20.23986813807));
#4668 = VECTOR('',#4669,1.);
#4669 = DIRECTION('',(0.486995617059,-0.392996463048,-0.779992980095));
#4670 = PCURVE('',#2369,#4671);
#4671 = DEFINITIONAL_REPRESENTATION('',(#4672),#4675);
#4672 = B_SPLINE_CURVE_WITH_KNOTS('',1,(#4673,#4674),.UNSPECIFIED.,.F.,
  .F.,(2,2),(1.,6.),.PIECEWISE_BEZIER_KNOTS.);
#4673 = CARTESIAN_POINT('',(5.497787143782,-1.));
#4674 = CARTESIAN_POINT('',(5.497787143782,-6.));
#4675 = ( GEOMETRIC_REPRESENTATION_CONTEXT(2) 
PARAMETRIC_REPRESENTATION_CONTEXT() REPRESENTATION_CONTEXT('2D SPACE',''
  ) );
#4676 = PCURVE('',#2394,#4677);
#4677 = DEFINITIONAL_REPRESENTATION('',(#4678),#4682);
#4678 = LINE('',#4679,#4680);
#4679 = CARTESIAN_POINT('',(6.,0.));
#4680 = VECTOR('',#4681,1.);
#4681 = DIRECTION('',(5.551115123126E-17,-1.));
#4682 = ( GEOMETRIC_REPRESENTATION_CONTEXT(2) 
PARAMETRIC_REPRESENTATION_CONTEXT() REPRESENTATION_CONTEXT('2D SPACE',''
  ) );
#4683 = ORIENTED_EDGE('',*,*,#4684,.T.);
#4684 = EDGE_CURVE('',#4663,#4616,#4685,.T.);
#4685 = SURFACE_CURVE('',#4686,(#4691,#4698),.PCURVE_S1.);
#4686 = CIRCLE('',#4687,1.2);
#4687 = AXIS2_PLACEMENT_3D('',#4688,#4689,#4690);
#4688 = CARTESIAN_POINT('',(30.097759524229,-53.71042712836,
    -23.80047390956));
#4689 = DIRECTION('',(-0.486995617059,0.392996463048,0.779992980095));
#4690 = DIRECTION('',(0.500389136772,-0.60641180669,0.617960704663));
#4691 = PCURVE('',#2369,#4692);
#4692 = DEFINITIONAL_REPRESENTATION('',(#4693),#4697);
#4693 = LINE('',#4694,#4695);
#4694 = CARTESIAN_POINT('',(7.850462293419E-17,-4.));
#4695 = VECTOR('',#4696,1.);
#4696 = DIRECTION('',(1.,0.));
#4697 = ( GEOMETRIC_REPRESENTATION_CONTEXT(2) 
PARAMETRIC_REPRESENTATION_CONTEXT() REPRESENTATION_CONTEXT('2D SPACE',''
  ) );
#4698 = PCURVE('',#4578,#4699);
#4699 = DEFINITIONAL_REPRESENTATION('',(#4700),#4704);
#4700 = CIRCLE('',#4701,1.2);
#4701 = AXIS2_PLACEMENT_2D('',#4702,#4703);
#4702 = CARTESIAN_POINT('',(5.987219850985,0.391405743413));
#4703 = DIRECTION('',(0.751728235408,-0.659473016954));
#4704 = ( GEOMETRIC_REPRESENTATION_CONTEXT(2) 
PARAMETRIC_REPRESENTATION_CONTEXT() REPRESENTATION_CONTEXT('2D SPACE',''
  ) );
#4705 = ORIENTED_EDGE('',*,*,#4615,.F.);
#4706 = ORIENTED_EDGE('',*,*,#2348,.T.);
#4707 = ADVANCED_FACE('',(#4708),#2394,.F.);
#4708 = FACE_BOUND('',#4709,.F.);
#4709 = EDGE_LOOP('',(#4710,#4711,#4712,#4733));
#4710 = ORIENTED_EDGE('',*,*,#2381,.F.);
#4711 = ORIENTED_EDGE('',*,*,#4590,.T.);
#4712 = ORIENTED_EDGE('',*,*,#4713,.F.);
#4713 = EDGE_CURVE('',#4663,#4562,#4714,.T.);
#4714 = SURFACE_CURVE('',#4715,(#4719,#4726),.PCURVE_S1.);
#4715 = LINE('',#4716,#4717);
#4716 = CARTESIAN_POINT('',(29.914932099184,-54.81152473616,
    -23.35984005845));
#4717 = VECTOR('',#4718,1.);
#4718 = DIRECTION('',(-0.860013291225,-5.99855384299E-02,-0.50673353362)
  );
#4719 = PCURVE('',#2394,#4720);
#4720 = DEFINITIONAL_REPRESENTATION('',(#4721),#4725);
#4721 = LINE('',#4722,#4723);
#4722 = CARTESIAN_POINT('',(6.,-4.));
#4723 = VECTOR('',#4724,1.);
#4724 = DIRECTION('',(-1.,9.992007221626E-16));
#4725 = ( GEOMETRIC_REPRESENTATION_CONTEXT(2) 
PARAMETRIC_REPRESENTATION_CONTEXT() REPRESENTATION_CONTEXT('2D SPACE',''
  ) );
#4726 = PCURVE('',#4578,#4727);
#4727 = DEFINITIONAL_REPRESENTATION('',(#4728),#4732);
#4728 = LINE('',#4729,#4730);
#4729 = CARTESIAN_POINT('',(6.065500999667,-0.806038226784));
#4730 = VECTOR('',#4731,1.);
#4731 = DIRECTION('',(-0.997869975164,-6.523429056882E-02));
#4732 = ( GEOMETRIC_REPRESENTATION_CONTEXT(2) 
PARAMETRIC_REPRESENTATION_CONTEXT() REPRESENTATION_CONTEXT('2D SPACE',''
  ) );
#4733 = ORIENTED_EDGE('',*,*,#4662,.F.);
#4734 = ADVANCED_FACE('',(#4735),#2430,.F.);
#4735 = FACE_BOUND('',#4736,.F.);
#4736 = EDGE_LOOP('',(#4737,#4759,#4760,#4782));
#4737 = ORIENTED_EDGE('',*,*,#4738,.F.);
#4738 = EDGE_CURVE('',#2408,#4739,#4741,.T.);
#4739 = VERTEX_POINT('',#4740);
#4740 = CARTESIAN_POINT('',(42.103562867031,-73.55067570435,
    -6.308109911734));
#4741 = SURFACE_CURVE('',#4742,(#4746,#4752),.PCURVE_S1.);
#4742 = LINE('',#4743,#4744);
#4743 = CARTESIAN_POINT('',(40.155580398794,-71.97868985215,
    -3.188137991355));
#4744 = VECTOR('',#4745,1.);
#4745 = DIRECTION('',(0.486995617059,-0.392996463048,-0.779992980095));
#4746 = PCURVE('',#2430,#4747);
#4747 = DEFINITIONAL_REPRESENTATION('',(#4748),#4751);
#4748 = B_SPLINE_CURVE_WITH_KNOTS('',1,(#4749,#4750),.UNSPECIFIED.,.F.,
  .F.,(2,2),(1.,6.),.PIECEWISE_BEZIER_KNOTS.);
#4749 = CARTESIAN_POINT('',(7.068583470577,-1.));
#4750 = CARTESIAN_POINT('',(7.068583470577,-6.));
#4751 = ( GEOMETRIC_REPRESENTATION_CONTEXT(2) 
PARAMETRIC_REPRESENTATION_CONTEXT() REPRESENTATION_CONTEXT('2D SPACE',''
  ) );
#4752 = PCURVE('',#2510,#4753);
#4753 = DEFINITIONAL_REPRESENTATION('',(#4754),#4758);
#4754 = LINE('',#4755,#4756);
#4755 = CARTESIAN_POINT('',(0.,0.));
#4756 = VECTOR('',#4757,1.);
#4757 = DIRECTION('',(1.110223024625E-16,-1.));
#4758 = ( GEOMETRIC_REPRESENTATION_CONTEXT(2) 
PARAMETRIC_REPRESENTATION_CONTEXT() REPRESENTATION_CONTEXT('2D SPACE',''
  ) );
#4759 = ORIENTED_EDGE('',*,*,#2407,.T.);
#4760 = ORIENTED_EDGE('',*,*,#4761,.T.);
#4761 = EDGE_CURVE('',#2410,#4762,#4764,.T.);
#4762 = VERTEX_POINT('',#4763);
#4763 = CARTESIAN_POINT('',(40.03953096809,-73.69464099658,
    -7.524270392423));
#4764 = SURFACE_CURVE('',#4765,(#4769,#4775),.PCURVE_S1.);
#4765 = LINE('',#4766,#4767);
#4766 = CARTESIAN_POINT('',(38.091548499853,-72.12265514439,
    -4.404298472044));
#4767 = VECTOR('',#4768,1.);
#4768 = DIRECTION('',(0.486995617059,-0.392996463048,-0.779992980095));
#4769 = PCURVE('',#2430,#4770);
#4770 = DEFINITIONAL_REPRESENTATION('',(#4771),#4774);
#4771 = B_SPLINE_CURVE_WITH_KNOTS('',1,(#4772,#4773),.UNSPECIFIED.,.F.,
  .F.,(2,2),(1.,6.),.PIECEWISE_BEZIER_KNOTS.);
#4772 = CARTESIAN_POINT('',(3.926990816987,-1.));
#4773 = CARTESIAN_POINT('',(3.926990816987,-6.));
#4774 = ( GEOMETRIC_REPRESENTATION_CONTEXT(2) 
PARAMETRIC_REPRESENTATION_CONTEXT() REPRESENTATION_CONTEXT('2D SPACE',''
  ) );
#4775 = PCURVE('',#2457,#4776);
#4776 = DEFINITIONAL_REPRESENTATION('',(#4777),#4781);
#4777 = LINE('',#4778,#4779);
#4778 = CARTESIAN_POINT('',(6.,-2.442490654175E-15));
#4779 = VECTOR('',#4780,1.);
#4780 = DIRECTION('',(-1.110223024625E-16,-1.));
#4781 = ( GEOMETRIC_REPRESENTATION_CONTEXT(2) 
PARAMETRIC_REPRESENTATION_CONTEXT() REPRESENTATION_CONTEXT('2D SPACE',''
  ) );
#4782 = ORIENTED_EDGE('',*,*,#4783,.T.);
#4783 = EDGE_CURVE('',#4762,#4739,#4784,.T.);
#4784 = SURFACE_CURVE('',#4785,(#4790,#4797),.PCURVE_S1.);
#4785 = CIRCLE('',#4786,1.2);
#4786 = AXIS2_PLACEMENT_3D('',#4787,#4788,#4789);
#4787 = CARTESIAN_POINT('',(41.07154691756,-73.62265835046,
    -6.916190152078));
#4788 = DIRECTION('',(-0.486995617059,0.392996463048,0.779992980095));
#4789 = DIRECTION('',(0.500389136772,-0.60641180669,0.617960704663));
#4790 = PCURVE('',#2430,#4791);
#4791 = DEFINITIONAL_REPRESENTATION('',(#4792),#4796);
#4792 = LINE('',#4793,#4794);
#4793 = CARTESIAN_POINT('',(7.850462293419E-17,-4.));
#4794 = VECTOR('',#4795,1.);
#4795 = DIRECTION('',(1.,0.));
#4796 = ( GEOMETRIC_REPRESENTATION_CONTEXT(2) 
PARAMETRIC_REPRESENTATION_CONTEXT() REPRESENTATION_CONTEXT('2D SPACE',''
  ) );
#4797 = PCURVE('',#4798,#4803);
#4798 = PLANE('',#4799);
#4799 = AXIS2_PLACEMENT_3D('',#4800,#4801,#4802);
#4800 = CARTESIAN_POINT('',(41.07154691756,-73.62265835046,
    -6.916190152078));
#4801 = DIRECTION('',(-0.486995617059,0.392996463048,0.779992980095));
#4802 = DIRECTION('',(0.848242593748,0.,0.52960787584));
#4803 = DEFINITIONAL_REPRESENTATION('',(#4804),#4808);
#4804 = CIRCLE('',#4805,1.2);
#4805 = AXIS2_PLACEMENT_2D('',#4806,#4807);
#4806 = CARTESIAN_POINT('',(8.379057562621E-15,-1.518358494883E-18));
#4807 = DIRECTION('',(0.751728235408,-0.659473016954));
#4808 = ( GEOMETRIC_REPRESENTATION_CONTEXT(2) 
PARAMETRIC_REPRESENTATION_CONTEXT() REPRESENTATION_CONTEXT('2D SPACE',''
  ) );
#4809 = ADVANCED_FACE('',(#4810),#2457,.F.);
#4810 = FACE_BOUND('',#4811,.F.);
#4811 = EDGE_LOOP('',(#4812,#4813,#4836,#4857));
#4812 = ORIENTED_EDGE('',*,*,#2442,.F.);
#4813 = ORIENTED_EDGE('',*,*,#4814,.T.);
#4814 = EDGE_CURVE('',#2443,#4815,#4817,.T.);
#4815 = VERTEX_POINT('',#4816);
#4816 = CARTESIAN_POINT('',(40.953668093317,-68.18915295757,
    -9.72743964799));
#4817 = SURFACE_CURVE('',#4818,(#4822,#4829),.PCURVE_S1.);
#4818 = LINE('',#4819,#4820);
#4819 = CARTESIAN_POINT('',(39.005685625081,-66.61716710538,
    -6.607467727611));
#4820 = VECTOR('',#4821,1.);
#4821 = DIRECTION('',(0.486995617059,-0.392996463048,-0.779992980095));
#4822 = PCURVE('',#2457,#4823);
#4823 = DEFINITIONAL_REPRESENTATION('',(#4824),#4828);
#4824 = LINE('',#4825,#4826);
#4825 = CARTESIAN_POINT('',(0.,0.));
#4826 = VECTOR('',#4827,1.);
#4827 = DIRECTION('',(-1.110223024625E-16,-1.));
#4828 = ( GEOMETRIC_REPRESENTATION_CONTEXT(2) 
PARAMETRIC_REPRESENTATION_CONTEXT() REPRESENTATION_CONTEXT('2D SPACE',''
  ) );
#4829 = PCURVE('',#2485,#4830);
#4830 = DEFINITIONAL_REPRESENTATION('',(#4831),#4835);
#4831 = LINE('',#4832,#4833);
#4832 = CARTESIAN_POINT('',(3.926990816987,-7.04991620637E-15));
#4833 = VECTOR('',#4834,1.);
#4834 = DIRECTION('',(0.,-1.));
#4835 = ( GEOMETRIC_REPRESENTATION_CONTEXT(2) 
PARAMETRIC_REPRESENTATION_CONTEXT() REPRESENTATION_CONTEXT('2D SPACE',''
  ) );
#4836 = ORIENTED_EDGE('',*,*,#4837,.F.);
#4837 = EDGE_CURVE('',#4762,#4815,#4838,.T.);
#4838 = SURFACE_CURVE('',#4839,(#4843,#4850),.PCURVE_S1.);
#4839 = LINE('',#4840,#4841);
#4840 = CARTESIAN_POINT('',(40.03953096809,-73.69464099658,
    -7.524270392423));
#4841 = VECTOR('',#4842,1.);
#4842 = DIRECTION('',(0.152356187538,0.917581339834,-0.367194875928));
#4843 = PCURVE('',#2457,#4844);
#4844 = DEFINITIONAL_REPRESENTATION('',(#4845),#4849);
#4845 = LINE('',#4846,#4847);
#4846 = CARTESIAN_POINT('',(6.,-4.));
#4847 = VECTOR('',#4848,1.);
#4848 = DIRECTION('',(-1.,-1.165734175856E-15));
#4849 = ( GEOMETRIC_REPRESENTATION_CONTEXT(2) 
PARAMETRIC_REPRESENTATION_CONTEXT() REPRESENTATION_CONTEXT('2D SPACE',''
  ) );
#4850 = PCURVE('',#4798,#4851);
#4851 = DEFINITIONAL_REPRESENTATION('',(#4852),#4856);
#4852 = LINE('',#4853,#4854);
#4853 = CARTESIAN_POINT('',(-1.197443970197,-7.828114868259E-02));
#4854 = VECTOR('',#4855,1.);
#4855 = DIRECTION('',(-6.523429056882E-02,0.997869975164));
#4856 = ( GEOMETRIC_REPRESENTATION_CONTEXT(2) 
PARAMETRIC_REPRESENTATION_CONTEXT() REPRESENTATION_CONTEXT('2D SPACE',''
  ) );
#4857 = ORIENTED_EDGE('',*,*,#4761,.F.);
#4858 = ADVANCED_FACE('',(#4859),#2485,.F.);
#4859 = FACE_BOUND('',#4860,.F.);
#4860 = EDGE_LOOP('',(#4861,#4862,#4885,#4907));
#4861 = ORIENTED_EDGE('',*,*,#2468,.F.);
#4862 = ORIENTED_EDGE('',*,*,#4863,.T.);
#4863 = EDGE_CURVE('',#2469,#4864,#4866,.T.);
#4864 = VERTEX_POINT('',#4865);
#4865 = CARTESIAN_POINT('',(43.017699992258,-68.04518766534,
    -8.511279167301));
#4866 = SURFACE_CURVE('',#4867,(#4871,#4878),.PCURVE_S1.);
#4867 = LINE('',#4868,#4869);
#4868 = CARTESIAN_POINT('',(41.069717524021,-66.47320181315,
    -5.391307246922));
#4869 = VECTOR('',#4870,1.);
#4870 = DIRECTION('',(0.486995617059,-0.392996463048,-0.779992980095));
#4871 = PCURVE('',#2485,#4872);
#4872 = DEFINITIONAL_REPRESENTATION('',(#4873),#4877);
#4873 = LINE('',#4874,#4875);
#4874 = CARTESIAN_POINT('',(0.785398163397,-5.440092820663E-15));
#4875 = VECTOR('',#4876,1.);
#4876 = DIRECTION('',(0.,-1.));
#4877 = ( GEOMETRIC_REPRESENTATION_CONTEXT(2) 
PARAMETRIC_REPRESENTATION_CONTEXT() REPRESENTATION_CONTEXT('2D SPACE',''
  ) );
#4878 = PCURVE('',#2510,#4879);
#4879 = DEFINITIONAL_REPRESENTATION('',(#4880),#4884);
#4880 = LINE('',#4881,#4882);
#4881 = CARTESIAN_POINT('',(6.,2.442490654175E-15));
#4882 = VECTOR('',#4883,1.);
#4883 = DIRECTION('',(1.110223024625E-16,-1.));
#4884 = ( GEOMETRIC_REPRESENTATION_CONTEXT(2) 
PARAMETRIC_REPRESENTATION_CONTEXT() REPRESENTATION_CONTEXT('2D SPACE',''
  ) );
#4885 = ORIENTED_EDGE('',*,*,#4886,.T.);
#4886 = EDGE_CURVE('',#4864,#4815,#4887,.T.);
#4887 = SURFACE_CURVE('',#4888,(#4893,#4900),.PCURVE_S1.);
#4888 = CIRCLE('',#4889,1.2);
#4889 = AXIS2_PLACEMENT_3D('',#4890,#4891,#4892);
#4890 = CARTESIAN_POINT('',(41.985684042788,-68.11717031146,
    -9.119359407646));
#4891 = DIRECTION('',(-0.486995617059,0.392996463048,0.779992980095));
#4892 = DIRECTION('',(0.500389136772,-0.60641180669,0.617960704663));
#4893 = PCURVE('',#2485,#4894);
#4894 = DEFINITIONAL_REPRESENTATION('',(#4895),#4899);
#4895 = LINE('',#4896,#4897);
#4896 = CARTESIAN_POINT('',(0.,-4.));
#4897 = VECTOR('',#4898,1.);
#4898 = DIRECTION('',(1.,0.));
#4899 = ( GEOMETRIC_REPRESENTATION_CONTEXT(2) 
PARAMETRIC_REPRESENTATION_CONTEXT() REPRESENTATION_CONTEXT('2D SPACE',''
  ) );
#4900 = PCURVE('',#4798,#4901);
#4901 = DEFINITIONAL_REPRESENTATION('',(#4902),#4906);
#4902 = CIRCLE('',#4903,1.2);
#4903 = AXIS2_PLACEMENT_2D('',#4904,#4905);
#4904 = CARTESIAN_POINT('',(-0.391405743413,5.987219850985));
#4905 = DIRECTION('',(0.751728235408,-0.659473016954));
#4906 = ( GEOMETRIC_REPRESENTATION_CONTEXT(2) 
PARAMETRIC_REPRESENTATION_CONTEXT() REPRESENTATION_CONTEXT('2D SPACE',''
  ) );
#4907 = ORIENTED_EDGE('',*,*,#4814,.F.);
#4908 = ADVANCED_FACE('',(#4909),#2510,.F.);
#4909 = FACE_BOUND('',#4910,.F.);
#4910 = EDGE_LOOP('',(#4911,#4912,#4913,#4934));
#4911 = ORIENTED_EDGE('',*,*,#2497,.F.);
#4912 = ORIENTED_EDGE('',*,*,#4738,.T.);
#4913 = ORIENTED_EDGE('',*,*,#4914,.F.);
#4914 = EDGE_CURVE('',#4864,#4739,#4915,.T.);
#4915 = SURFACE_CURVE('',#4916,(#4920,#4927),.PCURVE_S1.);
#4916 = LINE('',#4917,#4918);
#4917 = CARTESIAN_POINT('',(43.017699992258,-68.04518766534,
    -8.511279167301));
#4918 = VECTOR('',#4919,1.);
#4919 = DIRECTION('',(-0.152356187538,-0.917581339834,0.367194875928));
#4920 = PCURVE('',#2510,#4921);
#4921 = DEFINITIONAL_REPRESENTATION('',(#4922),#4926);
#4922 = LINE('',#4923,#4924);
#4923 = CARTESIAN_POINT('',(6.,-4.));
#4924 = VECTOR('',#4925,1.);
#4925 = DIRECTION('',(-1.,1.33226762955E-15));
#4926 = ( GEOMETRIC_REPRESENTATION_CONTEXT(2) 
PARAMETRIC_REPRESENTATION_CONTEXT() REPRESENTATION_CONTEXT('2D SPACE',''
  ) );
#4927 = PCURVE('',#4798,#4928);
#4928 = DEFINITIONAL_REPRESENTATION('',(#4929),#4933);
#4929 = LINE('',#4930,#4931);
#4930 = CARTESIAN_POINT('',(0.806038226784,6.065500999667));
#4931 = VECTOR('',#4932,1.);
#4932 = DIRECTION('',(6.523429056882E-02,-0.997869975164));
#4933 = ( GEOMETRIC_REPRESENTATION_CONTEXT(2) 
PARAMETRIC_REPRESENTATION_CONTEXT() REPRESENTATION_CONTEXT('2D SPACE',''
  ) );
#4934 = ORIENTED_EDGE('',*,*,#4863,.F.);
#4935 = ADVANCED_FACE('',(#4936),#2546,.F.);
#4936 = FACE_BOUND('',#4937,.F.);
#4937 = EDGE_LOOP('',(#4938,#4960,#4961,#4983));
#4938 = ORIENTED_EDGE('',*,*,#4939,.F.);
#4939 = EDGE_CURVE('',#2524,#4940,#4942,.T.);
#4940 = VERTEX_POINT('',#4941);
#4941 = CARTESIAN_POINT('',(48.136560095402,-37.21630839389,
    -20.84828517172));
#4942 = SURFACE_CURVE('',#4943,(#4947,#4953),.PCURVE_S1.);
#4943 = LINE('',#4944,#4945);
#4944 = CARTESIAN_POINT('',(46.188577627165,-35.6443225417,
    -17.72831325134));
#4945 = VECTOR('',#4946,1.);
#4946 = DIRECTION('',(0.486995617059,-0.392996463048,-0.779992980095));
#4947 = PCURVE('',#2546,#4948);
#4948 = DEFINITIONAL_REPRESENTATION('',(#4949),#4952);
#4949 = B_SPLINE_CURVE_WITH_KNOTS('',1,(#4950,#4951),.UNSPECIFIED.,.F.,
  .F.,(2,2),(1.,6.),.PIECEWISE_BEZIER_KNOTS.);
#4950 = CARTESIAN_POINT('',(7.068583470577,-1.));
#4951 = CARTESIAN_POINT('',(7.068583470577,-6.));
#4952 = ( GEOMETRIC_REPRESENTATION_CONTEXT(2) 
PARAMETRIC_REPRESENTATION_CONTEXT() REPRESENTATION_CONTEXT('2D SPACE',''
  ) );
#4953 = PCURVE('',#2626,#4954);
#4954 = DEFINITIONAL_REPRESENTATION('',(#4955),#4959);
#4955 = LINE('',#4956,#4957);
#4956 = CARTESIAN_POINT('',(0.,0.));
#4957 = VECTOR('',#4958,1.);
#4958 = DIRECTION('',(1.110223024625E-16,-1.));
#4959 = ( GEOMETRIC_REPRESENTATION_CONTEXT(2) 
PARAMETRIC_REPRESENTATION_CONTEXT() REPRESENTATION_CONTEXT('2D SPACE',''
  ) );
#4960 = ORIENTED_EDGE('',*,*,#2523,.T.);
#4961 = ORIENTED_EDGE('',*,*,#4962,.T.);
#4962 = EDGE_CURVE('',#2526,#4963,#4965,.T.);
#4963 = VERTEX_POINT('',#4964);
#4964 = CARTESIAN_POINT('',(46.072528196461,-37.36027368612,
    -22.06444565241));
#4965 = SURFACE_CURVE('',#4966,(#4970,#4976),.PCURVE_S1.);
#4966 = LINE('',#4967,#4968);
#4967 = CARTESIAN_POINT('',(44.124545728225,-35.78828783393,
    -18.94447373203));
#4968 = VECTOR('',#4969,1.);
#4969 = DIRECTION('',(0.486995617059,-0.392996463048,-0.779992980095));
#4970 = PCURVE('',#2546,#4971);
#4971 = DEFINITIONAL_REPRESENTATION('',(#4972),#4975);
#4972 = B_SPLINE_CURVE_WITH_KNOTS('',1,(#4973,#4974),.UNSPECIFIED.,.F.,
  .F.,(2,2),(1.,6.),.PIECEWISE_BEZIER_KNOTS.);
#4973 = CARTESIAN_POINT('',(3.926990816987,-1.));
#4974 = CARTESIAN_POINT('',(3.926990816987,-6.));
#4975 = ( GEOMETRIC_REPRESENTATION_CONTEXT(2) 
PARAMETRIC_REPRESENTATION_CONTEXT() REPRESENTATION_CONTEXT('2D SPACE',''
  ) );
#4976 = PCURVE('',#2573,#4977);
#4977 = DEFINITIONAL_REPRESENTATION('',(#4978),#4982);
#4978 = LINE('',#4979,#4980);
#4979 = CARTESIAN_POINT('',(6.,-3.10862446895E-15));
#4980 = VECTOR('',#4981,1.);
#4981 = DIRECTION('',(-1.110223024625E-16,-1.));
#4982 = ( GEOMETRIC_REPRESENTATION_CONTEXT(2) 
PARAMETRIC_REPRESENTATION_CONTEXT() REPRESENTATION_CONTEXT('2D SPACE',''
  ) );
#4983 = ORIENTED_EDGE('',*,*,#4984,.T.);
#4984 = EDGE_CURVE('',#4963,#4940,#4985,.T.);
#4985 = SURFACE_CURVE('',#4986,(#4991,#4998),.PCURVE_S1.);
#4986 = CIRCLE('',#4987,1.2);
#4987 = AXIS2_PLACEMENT_3D('',#4988,#4989,#4990);
#4988 = CARTESIAN_POINT('',(47.104544145932,-37.28829104,-21.45636541206
    ));
#4989 = DIRECTION('',(-0.486995617059,0.392996463048,0.779992980095));
#4990 = DIRECTION('',(0.500389136772,-0.60641180669,0.617960704663));
#4991 = PCURVE('',#2546,#4992);
#4992 = DEFINITIONAL_REPRESENTATION('',(#4993),#4997);
#4993 = LINE('',#4994,#4995);
#4994 = CARTESIAN_POINT('',(7.850462293419E-17,-4.));
#4995 = VECTOR('',#4996,1.);
#4996 = DIRECTION('',(1.,0.));
#4997 = ( GEOMETRIC_REPRESENTATION_CONTEXT(2) 
PARAMETRIC_REPRESENTATION_CONTEXT() REPRESENTATION_CONTEXT('2D SPACE',''
  ) );
#4998 = PCURVE('',#4999,#5004);
#4999 = PLANE('',#5000);
#5000 = AXIS2_PLACEMENT_3D('',#5001,#5002,#5003);
#5001 = CARTESIAN_POINT('',(47.104544145932,-37.28829104,-21.45636541206
    ));
#5002 = DIRECTION('',(-0.486995617059,0.392996463048,0.779992980095));
#5003 = DIRECTION('',(0.848242593748,0.,0.52960787584));
#5004 = DEFINITIONAL_REPRESENTATION('',(#5005),#5009);
#5005 = CIRCLE('',#5006,1.2);
#5006 = AXIS2_PLACEMENT_2D('',#5007,#5008);
#5007 = CARTESIAN_POINT('',(4.145580986601E-15,9.196925350472E-15));
#5008 = DIRECTION('',(0.751728235408,-0.659473016954));
#5009 = ( GEOMETRIC_REPRESENTATION_CONTEXT(2) 
PARAMETRIC_REPRESENTATION_CONTEXT() REPRESENTATION_CONTEXT('2D SPACE',''
  ) );
#5010 = ADVANCED_FACE('',(#5011),#2573,.F.);
#5011 = FACE_BOUND('',#5012,.F.);
#5012 = EDGE_LOOP('',(#5013,#5014,#5037,#5058));
#5013 = ORIENTED_EDGE('',*,*,#2558,.F.);
#5014 = ORIENTED_EDGE('',*,*,#5015,.T.);
#5015 = EDGE_CURVE('',#2559,#5016,#5018,.T.);
#5016 = VERTEX_POINT('',#5017);
#5017 = CARTESIAN_POINT('',(46.986665321689,-31.85478564712,
    -24.26761490798));
#5018 = SURFACE_CURVE('',#5019,(#5023,#5030),.PCURVE_S1.);
#5019 = LINE('',#5020,#5021);
#5020 = CARTESIAN_POINT('',(45.038682853452,-30.28279979493,
    -21.1476429876));
#5021 = VECTOR('',#5022,1.);
#5022 = DIRECTION('',(0.486995617059,-0.392996463048,-0.779992980095));
#5023 = PCURVE('',#2573,#5024);
#5024 = DEFINITIONAL_REPRESENTATION('',(#5025),#5029);
#5025 = LINE('',#5026,#5027);
#5026 = CARTESIAN_POINT('',(0.,0.));
#5027 = VECTOR('',#5028,1.);
#5028 = DIRECTION('',(-1.110223024625E-16,-1.));
#5029 = ( GEOMETRIC_REPRESENTATION_CONTEXT(2) 
PARAMETRIC_REPRESENTATION_CONTEXT() REPRESENTATION_CONTEXT('2D SPACE',''
  ) );
#5030 = PCURVE('',#2601,#5031);
#5031 = DEFINITIONAL_REPRESENTATION('',(#5032),#5036);
#5032 = LINE('',#5033,#5034);
#5033 = CARTESIAN_POINT('',(3.926990816987,2.775557561563E-15));
#5034 = VECTOR('',#5035,1.);
#5035 = DIRECTION('',(0.,-1.));
#5036 = ( GEOMETRIC_REPRESENTATION_CONTEXT(2) 
PARAMETRIC_REPRESENTATION_CONTEXT() REPRESENTATION_CONTEXT('2D SPACE',''
  ) );
#5037 = ORIENTED_EDGE('',*,*,#5038,.F.);
#5038 = EDGE_CURVE('',#4963,#5016,#5039,.T.);
#5039 = SURFACE_CURVE('',#5040,(#5044,#5051),.PCURVE_S1.);
#5040 = LINE('',#5041,#5042);
#5041 = CARTESIAN_POINT('',(46.072528196461,-37.36027368612,
    -22.06444565241));
#5042 = VECTOR('',#5043,1.);
#5043 = DIRECTION('',(0.152356187538,0.917581339834,-0.367194875928));
#5044 = PCURVE('',#2573,#5045);
#5045 = DEFINITIONAL_REPRESENTATION('',(#5046),#5050);
#5046 = LINE('',#5047,#5048);
#5047 = CARTESIAN_POINT('',(6.,-4.));
#5048 = VECTOR('',#5049,1.);
#5049 = DIRECTION('',(-1.,3.386180225107E-15));
#5050 = ( GEOMETRIC_REPRESENTATION_CONTEXT(2) 
PARAMETRIC_REPRESENTATION_CONTEXT() REPRESENTATION_CONTEXT('2D SPACE',''
  ) );
#5051 = PCURVE('',#4999,#5052);
#5052 = DEFINITIONAL_REPRESENTATION('',(#5053),#5057);
#5053 = LINE('',#5054,#5055);
#5054 = CARTESIAN_POINT('',(-1.197443970197,-7.828114868258E-02));
#5055 = VECTOR('',#5056,1.);
#5056 = DIRECTION('',(-6.523429056882E-02,0.997869975164));
#5057 = ( GEOMETRIC_REPRESENTATION_CONTEXT(2) 
PARAMETRIC_REPRESENTATION_CONTEXT() REPRESENTATION_CONTEXT('2D SPACE',''
  ) );
#5058 = ORIENTED_EDGE('',*,*,#4962,.F.);
#5059 = ADVANCED_FACE('',(#5060),#2601,.F.);
#5060 = FACE_BOUND('',#5061,.F.);
#5061 = EDGE_LOOP('',(#5062,#5063,#5086,#5108));
#5062 = ORIENTED_EDGE('',*,*,#2584,.F.);
#5063 = ORIENTED_EDGE('',*,*,#5064,.T.);
#5064 = EDGE_CURVE('',#2585,#5065,#5067,.T.);
#5065 = VERTEX_POINT('',#5066);
#5066 = CARTESIAN_POINT('',(49.050697220629,-31.71082035489,
    -23.05145442729));
#5067 = SURFACE_CURVE('',#5068,(#5072,#5079),.PCURVE_S1.);
#5068 = LINE('',#5069,#5070);
#5069 = CARTESIAN_POINT('',(47.102714752393,-30.13883450269,
    -19.93148250691));
#5070 = VECTOR('',#5071,1.);
#5071 = DIRECTION('',(0.486995617059,-0.392996463048,-0.779992980095));
#5072 = PCURVE('',#2601,#5073);
#5073 = DEFINITIONAL_REPRESENTATION('',(#5074),#5078);
#5074 = LINE('',#5075,#5076);
#5075 = CARTESIAN_POINT('',(0.785398163397,4.218847493576E-15));
#5076 = VECTOR('',#5077,1.);
#5077 = DIRECTION('',(0.,-1.));
#5078 = ( GEOMETRIC_REPRESENTATION_CONTEXT(2) 
PARAMETRIC_REPRESENTATION_CONTEXT() REPRESENTATION_CONTEXT('2D SPACE',''
  ) );
#5079 = PCURVE('',#2626,#5080);
#5080 = DEFINITIONAL_REPRESENTATION('',(#5081),#5085);
#5081 = LINE('',#5082,#5083);
#5082 = CARTESIAN_POINT('',(6.,3.10862446895E-15));
#5083 = VECTOR('',#5084,1.);
#5084 = DIRECTION('',(1.110223024625E-16,-1.));
#5085 = ( GEOMETRIC_REPRESENTATION_CONTEXT(2) 
PARAMETRIC_REPRESENTATION_CONTEXT() REPRESENTATION_CONTEXT('2D SPACE',''
  ) );
#5086 = ORIENTED_EDGE('',*,*,#5087,.T.);
#5087 = EDGE_CURVE('',#5065,#5016,#5088,.T.);
#5088 = SURFACE_CURVE('',#5089,(#5094,#5101),.PCURVE_S1.);
#5089 = CIRCLE('',#5090,1.2);
#5090 = AXIS2_PLACEMENT_3D('',#5091,#5092,#5093);
#5091 = CARTESIAN_POINT('',(48.018681271159,-31.782803001,
    -23.65953466763));
#5092 = DIRECTION('',(-0.486995617059,0.392996463048,0.779992980095));
#5093 = DIRECTION('',(0.500389136772,-0.60641180669,0.617960704663));
#5094 = PCURVE('',#2601,#5095);
#5095 = DEFINITIONAL_REPRESENTATION('',(#5096),#5100);
#5096 = LINE('',#5097,#5098);
#5097 = CARTESIAN_POINT('',(7.850462293419E-17,-4.));
#5098 = VECTOR('',#5099,1.);
#5099 = DIRECTION('',(1.,0.));
#5100 = ( GEOMETRIC_REPRESENTATION_CONTEXT(2) 
PARAMETRIC_REPRESENTATION_CONTEXT() REPRESENTATION_CONTEXT('2D SPACE',''
  ) );
#5101 = PCURVE('',#4999,#5102);
#5102 = DEFINITIONAL_REPRESENTATION('',(#5103),#5107);
#5103 = CIRCLE('',#5104,1.2);
#5104 = AXIS2_PLACEMENT_2D('',#5105,#5106);
#5105 = CARTESIAN_POINT('',(-0.391405743413,5.987219850985));
#5106 = DIRECTION('',(0.751728235408,-0.659473016954));
#5107 = ( GEOMETRIC_REPRESENTATION_CONTEXT(2) 
PARAMETRIC_REPRESENTATION_CONTEXT() REPRESENTATION_CONTEXT('2D SPACE',''
  ) );
#5108 = ORIENTED_EDGE('',*,*,#5015,.F.);
#5109 = ADVANCED_FACE('',(#5110),#2626,.F.);
#5110 = FACE_BOUND('',#5111,.F.);
#5111 = EDGE_LOOP('',(#5112,#5113,#5114,#5135));
#5112 = ORIENTED_EDGE('',*,*,#2613,.F.);
#5113 = ORIENTED_EDGE('',*,*,#4939,.T.);
#5114 = ORIENTED_EDGE('',*,*,#5115,.F.);
#5115 = EDGE_CURVE('',#5065,#4940,#5116,.T.);
#5116 = SURFACE_CURVE('',#5117,(#5121,#5128),.PCURVE_S1.);
#5117 = LINE('',#5118,#5119);
#5118 = CARTESIAN_POINT('',(49.050697220629,-31.71082035489,
    -23.05145442729));
#5119 = VECTOR('',#5120,1.);
#5120 = DIRECTION('',(-0.152356187538,-0.917581339834,0.367194875928));
#5121 = PCURVE('',#2626,#5122);
#5122 = DEFINITIONAL_REPRESENTATION('',(#5123),#5127);
#5123 = LINE('',#5124,#5125);
#5124 = CARTESIAN_POINT('',(6.,-4.));
#5125 = VECTOR('',#5126,1.);
#5126 = DIRECTION('',(-1.,-3.386180225107E-15));
#5127 = ( GEOMETRIC_REPRESENTATION_CONTEXT(2) 
PARAMETRIC_REPRESENTATION_CONTEXT() REPRESENTATION_CONTEXT('2D SPACE',''
  ) );
#5128 = PCURVE('',#4999,#5129);
#5129 = DEFINITIONAL_REPRESENTATION('',(#5130),#5134);
#5130 = LINE('',#5131,#5132);
#5131 = CARTESIAN_POINT('',(0.806038226784,6.065500999667));
#5132 = VECTOR('',#5133,1.);
#5133 = DIRECTION('',(6.523429056882E-02,-0.997869975164));
#5134 = ( GEOMETRIC_REPRESENTATION_CONTEXT(2) 
PARAMETRIC_REPRESENTATION_CONTEXT() REPRESENTATION_CONTEXT('2D SPACE',''
  ) );
#5135 = ORIENTED_EDGE('',*,*,#5064,.F.);
#5136 = ADVANCED_FACE('',(#5137),#2767,.F.);
#5137 = FACE_BOUND('',#5138,.F.);
#5138 = EDGE_LOOP('',(#5139,#5140,#5163,#5192));
#5139 = ORIENTED_EDGE('',*,*,#2748,.F.);
#5140 = ORIENTED_EDGE('',*,*,#5141,.T.);
#5141 = EDGE_CURVE('',#2749,#5142,#5144,.T.);
#5142 = VERTEX_POINT('',#5143);
#5143 = CARTESIAN_POINT('',(59.175296089536,-50.59393661531,
    -7.215884761263));
#5144 = SURFACE_CURVE('',#5145,(#5149,#5156),.PCURVE_S1.);
#5145 = LINE('',#5146,#5147);
#5146 = CARTESIAN_POINT('',(57.227313621299,-49.02195076312,
    -4.095912840884));
#5147 = VECTOR('',#5148,1.);
#5148 = DIRECTION('',(0.486995617059,-0.392996463048,-0.779992980095));
#5149 = PCURVE('',#2767,#5150);
#5150 = DEFINITIONAL_REPRESENTATION('',(#5151),#5155);
#5151 = LINE('',#5152,#5153);
#5152 = CARTESIAN_POINT('',(2.356194490192,4.052314039882E-15));
#5153 = VECTOR('',#5154,1.);
#5154 = DIRECTION('',(0.,-1.));
#5155 = ( GEOMETRIC_REPRESENTATION_CONTEXT(2) 
PARAMETRIC_REPRESENTATION_CONTEXT() REPRESENTATION_CONTEXT('2D SPACE',''
  ) );
#5156 = PCURVE('',#2794,#5157);
#5157 = DEFINITIONAL_REPRESENTATION('',(#5158),#5162);
#5158 = LINE('',#5159,#5160);
#5159 = CARTESIAN_POINT('',(6.,-4.440892098501E-16));
#5160 = VECTOR('',#5161,1.);
#5161 = DIRECTION('',(-5.551115123126E-17,-1.));
#5162 = ( GEOMETRIC_REPRESENTATION_CONTEXT(2) 
PARAMETRIC_REPRESENTATION_CONTEXT() REPRESENTATION_CONTEXT('2D SPACE',''
  ) );
#5163 = ORIENTED_EDGE('',*,*,#5164,.T.);
#5164 = EDGE_CURVE('',#5142,#5165,#5167,.T.);
#5165 = VERTEX_POINT('',#5166);
#5166 = CARTESIAN_POINT('',(58.809641239445,-52.79613183091,
    -6.334617059036));
#5167 = SURFACE_CURVE('',#5168,(#5173,#5180),.PCURVE_S1.);
#5168 = CIRCLE('',#5169,1.2);
#5169 = AXIS2_PLACEMENT_3D('',#5170,#5171,#5172);
#5170 = CARTESIAN_POINT('',(58.99246866449,-51.69503422311,
    -6.775250910149));
#5171 = DIRECTION('',(-0.486995617059,0.392996463048,0.779992980095));
#5172 = DIRECTION('',(0.500389136772,-0.60641180669,0.617960704663));
#5173 = PCURVE('',#2767,#5174);
#5174 = DEFINITIONAL_REPRESENTATION('',(#5175),#5179);
#5175 = LINE('',#5176,#5177);
#5176 = CARTESIAN_POINT('',(7.850462293419E-17,-4.));
#5177 = VECTOR('',#5178,1.);
#5178 = DIRECTION('',(1.,0.));
#5179 = ( GEOMETRIC_REPRESENTATION_CONTEXT(2) 
PARAMETRIC_REPRESENTATION_CONTEXT() REPRESENTATION_CONTEXT('2D SPACE',''
  ) );
#5180 = PCURVE('',#5181,#5186);
#5181 = PLANE('',#5182);
#5182 = AXIS2_PLACEMENT_3D('',#5183,#5184,#5185);
#5183 = CARTESIAN_POINT('',(58.99246866449,-51.69503422311,
    -6.775250910149));
#5184 = DIRECTION('',(-0.486995617059,0.392996463048,0.779992980095));
#5185 = DIRECTION('',(0.848242593748,0.,0.52960787584));
#5186 = DEFINITIONAL_REPRESENTATION('',(#5187),#5191);
#5187 = CIRCLE('',#5188,1.2);
#5188 = AXIS2_PLACEMENT_2D('',#5189,#5190);
#5189 = CARTESIAN_POINT('',(9.319830135069E-15,-5.936781715003E-16));
#5190 = DIRECTION('',(0.751728235408,-0.659473016954));
#5191 = ( GEOMETRIC_REPRESENTATION_CONTEXT(2) 
PARAMETRIC_REPRESENTATION_CONTEXT() REPRESENTATION_CONTEXT('2D SPACE',''
  ) );
#5192 = ORIENTED_EDGE('',*,*,#5193,.F.);
#5193 = EDGE_CURVE('',#2751,#5165,#5194,.T.);
#5194 = SURFACE_CURVE('',#5195,(#5199,#5206),.PCURVE_S1.);
#5195 = LINE('',#5196,#5197);
#5196 = CARTESIAN_POINT('',(56.861658771208,-51.22414597872,
    -3.214645138657));
#5197 = VECTOR('',#5198,1.);
#5198 = DIRECTION('',(0.486995617059,-0.392996463048,-0.779992980095));
#5199 = PCURVE('',#2767,#5200);
#5200 = DEFINITIONAL_REPRESENTATION('',(#5201),#5205);
#5201 = LINE('',#5202,#5203);
#5202 = CARTESIAN_POINT('',(5.497787143782,2.275957200482E-15));
#5203 = VECTOR('',#5204,1.);
#5204 = DIRECTION('',(0.,-1.));
#5205 = ( GEOMETRIC_REPRESENTATION_CONTEXT(2) 
PARAMETRIC_REPRESENTATION_CONTEXT() REPRESENTATION_CONTEXT('2D SPACE',''
  ) );
#5206 = PCURVE('',#2851,#5207);
#5207 = DEFINITIONAL_REPRESENTATION('',(#5208),#5212);
#5208 = LINE('',#5209,#5210);
#5209 = CARTESIAN_POINT('',(0.,0.));
#5210 = VECTOR('',#5211,1.);
#5211 = DIRECTION('',(5.551115123126E-17,-1.));
#5212 = ( GEOMETRIC_REPRESENTATION_CONTEXT(2) 
PARAMETRIC_REPRESENTATION_CONTEXT() REPRESENTATION_CONTEXT('2D SPACE',''
  ) );
#5213 = ADVANCED_FACE('',(#5214),#2794,.F.);
#5214 = FACE_BOUND('',#5215,.F.);
#5215 = EDGE_LOOP('',(#5216,#5217,#5239,#5260));
#5216 = ORIENTED_EDGE('',*,*,#2779,.F.);
#5217 = ORIENTED_EDGE('',*,*,#5218,.T.);
#5218 = EDGE_CURVE('',#2780,#5219,#5221,.T.);
#5219 = VERTEX_POINT('',#5220);
#5220 = CARTESIAN_POINT('',(64.335375836887,-50.23402338473,
    -4.175483559542));
#5221 = SURFACE_CURVE('',#5222,(#5226,#5233),.PCURVE_S1.);
#5222 = LINE('',#5223,#5224);
#5223 = CARTESIAN_POINT('',(62.38739336865,-48.66203753254,
    -1.055511639163));
#5224 = VECTOR('',#5225,1.);
#5225 = DIRECTION('',(0.486995617059,-0.392996463048,-0.779992980095));
#5226 = PCURVE('',#2794,#5227);
#5227 = DEFINITIONAL_REPRESENTATION('',(#5228),#5232);
#5228 = LINE('',#5229,#5230);
#5229 = CARTESIAN_POINT('',(-0.,0.));
#5230 = VECTOR('',#5231,1.);
#5231 = DIRECTION('',(-5.551115123126E-17,-1.));
#5232 = ( GEOMETRIC_REPRESENTATION_CONTEXT(2) 
PARAMETRIC_REPRESENTATION_CONTEXT() REPRESENTATION_CONTEXT('2D SPACE',''
  ) );
#5233 = PCURVE('',#2826,#5234);
#5234 = DEFINITIONAL_REPRESENTATION('',(#5235),#5238);
#5235 = B_SPLINE_CURVE_WITH_KNOTS('',1,(#5236,#5237),.UNSPECIFIED.,.F.,
  .F.,(2,2),(1.,6.),.PIECEWISE_BEZIER_KNOTS.);
#5236 = CARTESIAN_POINT('',(8.639379797372,-1.));
#5237 = CARTESIAN_POINT('',(8.639379797372,-6.));
#5238 = ( GEOMETRIC_REPRESENTATION_CONTEXT(2) 
PARAMETRIC_REPRESENTATION_CONTEXT() REPRESENTATION_CONTEXT('2D SPACE',''
  ) );
#5239 = ORIENTED_EDGE('',*,*,#5240,.F.);
#5240 = EDGE_CURVE('',#5142,#5219,#5241,.T.);
#5241 = SURFACE_CURVE('',#5242,(#5246,#5253),.PCURVE_S1.);
#5242 = LINE('',#5243,#5244);
#5243 = CARTESIAN_POINT('',(59.175296089536,-50.59393661531,
    -7.215884761263));
#5244 = VECTOR('',#5245,1.);
#5245 = DIRECTION('',(0.860013291225,5.99855384299E-02,0.50673353362));
#5246 = PCURVE('',#2794,#5247);
#5247 = DEFINITIONAL_REPRESENTATION('',(#5248),#5252);
#5248 = LINE('',#5249,#5250);
#5249 = CARTESIAN_POINT('',(6.,-4.));
#5250 = VECTOR('',#5251,1.);
#5251 = DIRECTION('',(-1.,-3.441691376338E-15));
#5252 = ( GEOMETRIC_REPRESENTATION_CONTEXT(2) 
PARAMETRIC_REPRESENTATION_CONTEXT() REPRESENTATION_CONTEXT('2D SPACE',''
  ) );
#5253 = PCURVE('',#5181,#5254);
#5254 = DEFINITIONAL_REPRESENTATION('',(#5255),#5259);
#5255 = LINE('',#5256,#5257);
#5256 = CARTESIAN_POINT('',(-7.828114868258E-02,1.197443970197));
#5257 = VECTOR('',#5258,1.);
#5258 = DIRECTION('',(0.997869975164,6.523429056882E-02));
#5259 = ( GEOMETRIC_REPRESENTATION_CONTEXT(2) 
PARAMETRIC_REPRESENTATION_CONTEXT() REPRESENTATION_CONTEXT('2D SPACE',''
  ) );
#5260 = ORIENTED_EDGE('',*,*,#5141,.F.);
#5261 = ADVANCED_FACE('',(#5262),#2826,.F.);
#5262 = FACE_BOUND('',#5263,.F.);
#5263 = EDGE_LOOP('',(#5264,#5286,#5308,#5309));
#5264 = ORIENTED_EDGE('',*,*,#5265,.T.);
#5265 = EDGE_CURVE('',#2806,#5266,#5268,.T.);
#5266 = VERTEX_POINT('',#5267);
#5267 = CARTESIAN_POINT('',(63.969720986796,-52.43621860033,
    -3.294215857315));
#5268 = SURFACE_CURVE('',#5269,(#5273,#5279),.PCURVE_S1.);
#5269 = LINE('',#5270,#5271);
#5270 = CARTESIAN_POINT('',(62.021738518559,-50.86423274814,
    -0.174243936936));
#5271 = VECTOR('',#5272,1.);
#5272 = DIRECTION('',(0.486995617059,-0.392996463048,-0.779992980095));
#5273 = PCURVE('',#2826,#5274);
#5274 = DEFINITIONAL_REPRESENTATION('',(#5275),#5278);
#5275 = B_SPLINE_CURVE_WITH_KNOTS('',1,(#5276,#5277),.UNSPECIFIED.,.F.,
  .F.,(2,2),(1.,6.),.PIECEWISE_BEZIER_KNOTS.);
#5276 = CARTESIAN_POINT('',(5.497787143782,-1.));
#5277 = CARTESIAN_POINT('',(5.497787143782,-6.));
#5278 = ( GEOMETRIC_REPRESENTATION_CONTEXT(2) 
PARAMETRIC_REPRESENTATION_CONTEXT() REPRESENTATION_CONTEXT('2D SPACE',''
  ) );
#5279 = PCURVE('',#2851,#5280);
#5280 = DEFINITIONAL_REPRESENTATION('',(#5281),#5285);
#5281 = LINE('',#5282,#5283);
#5282 = CARTESIAN_POINT('',(6.,0.));
#5283 = VECTOR('',#5284,1.);
#5284 = DIRECTION('',(5.551115123126E-17,-1.));
#5285 = ( GEOMETRIC_REPRESENTATION_CONTEXT(2) 
PARAMETRIC_REPRESENTATION_CONTEXT() REPRESENTATION_CONTEXT('2D SPACE',''
  ) );
#5286 = ORIENTED_EDGE('',*,*,#5287,.T.);
#5287 = EDGE_CURVE('',#5266,#5219,#5288,.T.);
#5288 = SURFACE_CURVE('',#5289,(#5294,#5301),.PCURVE_S1.);
#5289 = CIRCLE('',#5290,1.2);
#5290 = AXIS2_PLACEMENT_3D('',#5291,#5292,#5293);
#5291 = CARTESIAN_POINT('',(64.152548411842,-51.33512099253,
    -3.734849708428));
#5292 = DIRECTION('',(-0.486995617059,0.392996463048,0.779992980095));
#5293 = DIRECTION('',(0.500389136772,-0.60641180669,0.617960704663));
#5294 = PCURVE('',#2826,#5295);
#5295 = DEFINITIONAL_REPRESENTATION('',(#5296),#5300);
#5296 = LINE('',#5297,#5298);
#5297 = CARTESIAN_POINT('',(-8.881784197001E-16,-4.));
#5298 = VECTOR('',#5299,1.);
#5299 = DIRECTION('',(1.,0.));
#5300 = ( GEOMETRIC_REPRESENTATION_CONTEXT(2) 
PARAMETRIC_REPRESENTATION_CONTEXT() REPRESENTATION_CONTEXT('2D SPACE',''
  ) );
#5301 = PCURVE('',#5181,#5302);
#5302 = DEFINITIONAL_REPRESENTATION('',(#5303),#5307);
#5303 = CIRCLE('',#5304,1.2);
#5304 = AXIS2_PLACEMENT_2D('',#5305,#5306);
#5305 = CARTESIAN_POINT('',(5.987219850985,0.391405743413));
#5306 = DIRECTION('',(0.751728235408,-0.659473016954));
#5307 = ( GEOMETRIC_REPRESENTATION_CONTEXT(2) 
PARAMETRIC_REPRESENTATION_CONTEXT() REPRESENTATION_CONTEXT('2D SPACE',''
  ) );
#5308 = ORIENTED_EDGE('',*,*,#5218,.F.);
#5309 = ORIENTED_EDGE('',*,*,#2805,.T.);
#5310 = ADVANCED_FACE('',(#5311),#2851,.F.);
#5311 = FACE_BOUND('',#5312,.F.);
#5312 = EDGE_LOOP('',(#5313,#5314,#5315,#5336));
#5313 = ORIENTED_EDGE('',*,*,#2838,.F.);
#5314 = ORIENTED_EDGE('',*,*,#5193,.T.);
#5315 = ORIENTED_EDGE('',*,*,#5316,.F.);
#5316 = EDGE_CURVE('',#5266,#5165,#5317,.T.);
#5317 = SURFACE_CURVE('',#5318,(#5322,#5329),.PCURVE_S1.);
#5318 = LINE('',#5319,#5320);
#5319 = CARTESIAN_POINT('',(63.969720986796,-52.43621860033,
    -3.294215857315));
#5320 = VECTOR('',#5321,1.);
#5321 = DIRECTION('',(-0.860013291225,-5.99855384299E-02,-0.50673353362)
  );
#5322 = PCURVE('',#2851,#5323);
#5323 = DEFINITIONAL_REPRESENTATION('',(#5324),#5328);
#5324 = LINE('',#5325,#5326);
#5325 = CARTESIAN_POINT('',(6.,-4.));
#5326 = VECTOR('',#5327,1.);
#5327 = DIRECTION('',(-1.,1.887379141863E-15));
#5328 = ( GEOMETRIC_REPRESENTATION_CONTEXT(2) 
PARAMETRIC_REPRESENTATION_CONTEXT() REPRESENTATION_CONTEXT('2D SPACE',''
  ) );
#5329 = PCURVE('',#5181,#5330);
#5330 = DEFINITIONAL_REPRESENTATION('',(#5331),#5335);
#5331 = LINE('',#5332,#5333);
#5332 = CARTESIAN_POINT('',(6.065500999667,-0.806038226784));
#5333 = VECTOR('',#5334,1.);
#5334 = DIRECTION('',(-0.997869975164,-6.523429056882E-02));
#5335 = ( GEOMETRIC_REPRESENTATION_CONTEXT(2) 
PARAMETRIC_REPRESENTATION_CONTEXT() REPRESENTATION_CONTEXT('2D SPACE',''
  ) );
#5336 = ORIENTED_EDGE('',*,*,#5265,.F.);
#5337 = ADVANCED_FACE('',(#5338),#3132,.F.);
#5338 = FACE_BOUND('',#5339,.F.);
#5339 = EDGE_LOOP('',(#5340,#5362));
#5340 = ORIENTED_EDGE('',*,*,#5341,.F.);
#5341 = EDGE_CURVE('',#3114,#3116,#5342,.T.);
#5342 = SURFACE_CURVE('',#5343,(#5348,#5355),.PCURVE_S1.);
#5343 = CIRCLE('',#5344,1.2);
#5344 = AXIS2_PLACEMENT_3D('',#5345,#5346,#5347);
#5345 = CARTESIAN_POINT('',(57.044486196253,-50.12304837092,
    -3.65527898977));
#5346 = DIRECTION('',(-0.486995617059,0.392996463048,0.779992980095));
#5347 = DIRECTION('',(0.500389136772,-0.60641180669,0.617960704663));
#5348 = PCURVE('',#3132,#5349);
#5349 = DEFINITIONAL_REPRESENTATION('',(#5350),#5354);
#5350 = LINE('',#5351,#5352);
#5351 = CARTESIAN_POINT('',(0.,0.));
#5352 = VECTOR('',#5353,1.);
#5353 = DIRECTION('',(1.,0.));
#5354 = ( GEOMETRIC_REPRESENTATION_CONTEXT(2) 
PARAMETRIC_REPRESENTATION_CONTEXT() REPRESENTATION_CONTEXT('2D SPACE',''
  ) );
#5355 = PCURVE('',#3161,#5356);
#5356 = DEFINITIONAL_REPRESENTATION('',(#5357),#5361);
#5357 = CIRCLE('',#5358,1.2);
#5358 = AXIS2_PLACEMENT_2D('',#5359,#5360);
#5359 = CARTESIAN_POINT('',(0.,0.));
#5360 = DIRECTION('',(0.751728235408,-0.659473016954));
#5361 = ( GEOMETRIC_REPRESENTATION_CONTEXT(2) 
PARAMETRIC_REPRESENTATION_CONTEXT() REPRESENTATION_CONTEXT('2D SPACE',''
  ) );
#5362 = ORIENTED_EDGE('',*,*,#3113,.T.);
#5363 = ADVANCED_FACE('',(#5364),#3161,.F.);
#5364 = FACE_BOUND('',#5365,.F.);
#5365 = EDGE_LOOP('',(#5366,#5367));
#5366 = ORIENTED_EDGE('',*,*,#3148,.T.);
#5367 = ORIENTED_EDGE('',*,*,#5341,.T.);
#5368 = ADVANCED_FACE('',(#5369),#3309,.F.);
#5369 = FACE_BOUND('',#5370,.F.);
#5370 = EDGE_LOOP('',(#5371,#5394,#5422,#5450,#5478,#5501,#5522,#5548,
    #5567));
#5371 = ORIENTED_EDGE('',*,*,#5372,.F.);
#5372 = EDGE_CURVE('',#5373,#3295,#5375,.T.);
#5373 = VERTEX_POINT('',#5374);
#5374 = CARTESIAN_POINT('',(52.,-29.,26.));
#5375 = SURFACE_CURVE('',#5376,(#5380,#5387),.PCURVE_S1.);
#5376 = LINE('',#5377,#5378);
#5377 = CARTESIAN_POINT('',(52.,-29.,26.));
#5378 = VECTOR('',#5379,1.);
#5379 = DIRECTION('',(1.,0.,0.));
#5380 = PCURVE('',#3309,#5381);
#5381 = DEFINITIONAL_REPRESENTATION('',(#5382),#5386);
#5382 = LINE('',#5383,#5384);
#5383 = CARTESIAN_POINT('',(0.,0.));
#5384 = VECTOR('',#5385,1.);
#5385 = DIRECTION('',(0.,1.));
#5386 = ( GEOMETRIC_REPRESENTATION_CONTEXT(2) 
PARAMETRIC_REPRESENTATION_CONTEXT() REPRESENTATION_CONTEXT('2D SPACE',''
  ) );
#5387 = PCURVE('',#3434,#5388);
#5388 = DEFINITIONAL_REPRESENTATION('',(#5389),#5393);
#5389 = LINE('',#5390,#5391);
#5390 = CARTESIAN_POINT('',(0.,0.));
#5391 = VECTOR('',#5392,1.);
#5392 = DIRECTION('',(1.,0.));
#5393 = ( GEOMETRIC_REPRESENTATION_CONTEXT(2) 
PARAMETRIC_REPRESENTATION_CONTEXT() REPRESENTATION_CONTEXT('2D SPACE',''
  ) );
#5394 = ORIENTED_EDGE('',*,*,#5395,.T.);
#5395 = EDGE_CURVE('',#5373,#5396,#5398,.T.);
#5396 = VERTEX_POINT('',#5397);
#5397 = CARTESIAN_POINT('',(52.,-29.,38.));
#5398 = SURFACE_CURVE('',#5399,(#5403,#5410),.PCURVE_S1.);
#5399 = LINE('',#5400,#5401);
#5400 = CARTESIAN_POINT('',(52.,-29.,26.));
#5401 = VECTOR('',#5402,1.);
#5402 = DIRECTION('',(0.,0.,1.));
#5403 = PCURVE('',#3309,#5404);
#5404 = DEFINITIONAL_REPRESENTATION('',(#5405),#5409);
#5405 = LINE('',#5406,#5407);
#5406 = CARTESIAN_POINT('',(0.,0.));
#5407 = VECTOR('',#5408,1.);
#5408 = DIRECTION('',(1.,0.));
#5409 = ( GEOMETRIC_REPRESENTATION_CONTEXT(2) 
PARAMETRIC_REPRESENTATION_CONTEXT() REPRESENTATION_CONTEXT('2D SPACE',''
  ) );
#5410 = PCURVE('',#5411,#5416);
#5411 = PLANE('',#5412);
#5412 = AXIS2_PLACEMENT_3D('',#5413,#5414,#5415);
#5413 = CARTESIAN_POINT('',(52.,-29.,26.));
#5414 = DIRECTION('',(1.,0.,0.));
#5415 = DIRECTION('',(0.,0.,1.));
#5416 = DEFINITIONAL_REPRESENTATION('',(#5417),#5421);
#5417 = LINE('',#5418,#5419);
#5418 = CARTESIAN_POINT('',(0.,0.));
#5419 = VECTOR('',#5420,1.);
#5420 = DIRECTION('',(1.,0.));
#5421 = ( GEOMETRIC_REPRESENTATION_CONTEXT(2) 
PARAMETRIC_REPRESENTATION_CONTEXT() REPRESENTATION_CONTEXT('2D SPACE',''
  ) );
#5422 = ORIENTED_EDGE('',*,*,#5423,.T.);
#5423 = EDGE_CURVE('',#5396,#5424,#5426,.T.);
#5424 = VERTEX_POINT('',#5425);
#5425 = CARTESIAN_POINT('',(70.,-29.,38.));
#5426 = SURFACE_CURVE('',#5427,(#5431,#5438),.PCURVE_S1.);
#5427 = LINE('',#5428,#5429);
#5428 = CARTESIAN_POINT('',(52.,-29.,38.));
#5429 = VECTOR('',#5430,1.);
#5430 = DIRECTION('',(1.,0.,0.));
#5431 = PCURVE('',#3309,#5432);
#5432 = DEFINITIONAL_REPRESENTATION('',(#5433),#5437);
#5433 = LINE('',#5434,#5435);
#5434 = CARTESIAN_POINT('',(12.,0.));
#5435 = VECTOR('',#5436,1.);
#5436 = DIRECTION('',(0.,1.));
#5437 = ( GEOMETRIC_REPRESENTATION_CONTEXT(2) 
PARAMETRIC_REPRESENTATION_CONTEXT() REPRESENTATION_CONTEXT('2D SPACE',''
  ) );
#5438 = PCURVE('',#5439,#5444);
#5439 = PLANE('',#5440);
#5440 = AXIS2_PLACEMENT_3D('',#5441,#5442,#5443);
#5441 = CARTESIAN_POINT('',(52.,-29.,38.));
#5442 = DIRECTION('',(0.,0.,1.));
#5443 = DIRECTION('',(1.,0.,0.));
#5444 = DEFINITIONAL_REPRESENTATION('',(#5445),#5449);
#5445 = LINE('',#5446,#5447);
#5446 = CARTESIAN_POINT('',(0.,0.));
#5447 = VECTOR('',#5448,1.);
#5448 = DIRECTION('',(1.,0.));
#5449 = ( GEOMETRIC_REPRESENTATION_CONTEXT(2) 
PARAMETRIC_REPRESENTATION_CONTEXT() REPRESENTATION_CONTEXT('2D SPACE',''
  ) );
#5450 = ORIENTED_EDGE('',*,*,#5451,.F.);
#5451 = EDGE_CURVE('',#5452,#5424,#5454,.T.);
#5452 = VERTEX_POINT('',#5453);
#5453 = CARTESIAN_POINT('',(70.,-29.,26.));
#5454 = SURFACE_CURVE('',#5455,(#5459,#5466),.PCURVE_S1.);
#5455 = LINE('',#5456,#5457);
#5456 = CARTESIAN_POINT('',(70.,-29.,26.));
#5457 = VECTOR('',#5458,1.);
#5458 = DIRECTION('',(0.,0.,1.));
#5459 = PCURVE('',#3309,#5460);
#5460 = DEFINITIONAL_REPRESENTATION('',(#5461),#5465);
#5461 = LINE('',#5462,#5463);
#5462 = CARTESIAN_POINT('',(0.,18.));
#5463 = VECTOR('',#5464,1.);
#5464 = DIRECTION('',(1.,0.));
#5465 = ( GEOMETRIC_REPRESENTATION_CONTEXT(2) 
PARAMETRIC_REPRESENTATION_CONTEXT() REPRESENTATION_CONTEXT('2D SPACE',''
  ) );
#5466 = PCURVE('',#5467,#5472);
#5467 = PLANE('',#5468);
#5468 = AXIS2_PLACEMENT_3D('',#5469,#5470,#5471);
#5469 = CARTESIAN_POINT('',(70.,-29.,26.));
#5470 = DIRECTION('',(1.,0.,0.));
#5471 = DIRECTION('',(0.,0.,1.));
#5472 = DEFINITIONAL_REPRESENTATION('',(#5473),#5477);
#5473 = LINE('',#5474,#5475);
#5474 = CARTESIAN_POINT('',(0.,0.));
#5475 = VECTOR('',#5476,1.);
#5476 = DIRECTION('',(1.,0.));
#5477 = ( GEOMETRIC_REPRESENTATION_CONTEXT(2) 
PARAMETRIC_REPRESENTATION_CONTEXT() REPRESENTATION_CONTEXT('2D SPACE',''
  ) );
#5478 = ORIENTED_EDGE('',*,*,#5479,.F.);
#5479 = EDGE_CURVE('',#5480,#5452,#5482,.T.);
#5480 = VERTEX_POINT('',#5481);
#5481 = CARTESIAN_POINT('',(67.71198120706,-29.,26.));
#5482 = SURFACE_CURVE('',#5483,(#5487,#5494),.PCURVE_S1.);
#5483 = LINE('',#5484,#5485);
#5484 = CARTESIAN_POINT('',(52.,-29.,26.));
#5485 = VECTOR('',#5486,1.);
#5486 = DIRECTION('',(1.,0.,0.));
#5487 = PCURVE('',#3309,#5488);
#5488 = DEFINITIONAL_REPRESENTATION('',(#5489),#5493);
#5489 = LINE('',#5490,#5491);
#5490 = CARTESIAN_POINT('',(0.,0.));
#5491 = VECTOR('',#5492,1.);
#5492 = DIRECTION('',(0.,1.));
#5493 = ( GEOMETRIC_REPRESENTATION_CONTEXT(2) 
PARAMETRIC_REPRESENTATION_CONTEXT() REPRESENTATION_CONTEXT('2D SPACE',''
  ) );
#5494 = PCURVE('',#3636,#5495);
#5495 = DEFINITIONAL_REPRESENTATION('',(#5496),#5500);
#5496 = LINE('',#5497,#5498);
#5497 = CARTESIAN_POINT('',(0.,0.));
#5498 = VECTOR('',#5499,1.);
#5499 = DIRECTION('',(1.,0.));
#5500 = ( GEOMETRIC_REPRESENTATION_CONTEXT(2) 
PARAMETRIC_REPRESENTATION_CONTEXT() REPRESENTATION_CONTEXT('2D SPACE',''
  ) );
#5501 = ORIENTED_EDGE('',*,*,#5502,.T.);
#5502 = EDGE_CURVE('',#5480,#5503,#5505,.T.);
#5503 = VERTEX_POINT('',#5504);
#5504 = CARTESIAN_POINT('',(67.71198120706,-29.,31.733007047353));
#5505 = SURFACE_CURVE('',#5506,(#5510,#5516),.PCURVE_S1.);
#5506 = LINE('',#5507,#5508);
#5507 = CARTESIAN_POINT('',(67.71198120706,-29.,26.89770533532));
#5508 = VECTOR('',#5509,1.);
#5509 = DIRECTION('',(-2.925694557147E-17,0.,1.));
#5510 = PCURVE('',#3309,#5511);
#5511 = DEFINITIONAL_REPRESENTATION('',(#5512),#5515);
#5512 = B_SPLINE_CURVE_WITH_KNOTS('',1,(#5513,#5514),.UNSPECIFIED.,.F.,
  .F.,(2,2),(-0.89770533532,4.835301712033),.PIECEWISE_BEZIER_KNOTS.);
#5513 = CARTESIAN_POINT('',(0.,15.71198120706));
#5514 = CARTESIAN_POINT('',(5.733007047353,15.71198120706));
#5515 = ( GEOMETRIC_REPRESENTATION_CONTEXT(2) 
PARAMETRIC_REPRESENTATION_CONTEXT() REPRESENTATION_CONTEXT('2D SPACE',''
  ) );
#5516 = PCURVE('',#3513,#5517);
#5517 = DEFINITIONAL_REPRESENTATION('',(#5518),#5521);
#5518 = B_SPLINE_CURVE_WITH_KNOTS('',1,(#5519,#5520),.UNSPECIFIED.,.F.,
  .F.,(2,2),(-0.89770533532,4.835301712033),.PIECEWISE_BEZIER_KNOTS.);
#5519 = CARTESIAN_POINT('',(0.768031588048,-3.695830985341));
#5520 = CARTESIAN_POINT('',(5.150747998311,4.440892098501E-16));
#5521 = ( GEOMETRIC_REPRESENTATION_CONTEXT(2) 
PARAMETRIC_REPRESENTATION_CONTEXT() REPRESENTATION_CONTEXT('2D SPACE',''
  ) );
#5522 = ORIENTED_EDGE('',*,*,#5523,.T.);
#5523 = EDGE_CURVE('',#5503,#5524,#5526,.T.);
#5524 = VERTEX_POINT('',#5525);
#5525 = CARTESIAN_POINT('',(55.787761788372,-29.,36.20458932936));
#5526 = SURFACE_CURVE('',#5527,(#5531,#5537),.PCURVE_S1.);
#5527 = LINE('',#5528,#5529);
#5528 = CARTESIAN_POINT('',(58.780821917808,-29.,35.082191780822));
#5529 = VECTOR('',#5530,1.);
#5530 = DIRECTION('',(-0.936329177569,0.,0.351123441588));
#5531 = PCURVE('',#3309,#5532);
#5532 = DEFINITIONAL_REPRESENTATION('',(#5533),#5536);
#5533 = B_SPLINE_CURVE_WITH_KNOTS('',1,(#5534,#5535),.UNSPECIFIED.,.F.,
  .F.,(2,2),(-10.65991024184,5.919743780403),.PIECEWISE_BEZIER_KNOTS.);
#5534 = CARTESIAN_POINT('',(5.339247409681,16.762006907516));
#5535 = CARTESIAN_POINT('',(11.160752590319,1.237993092484));
#5536 = ( GEOMETRIC_REPRESENTATION_CONTEXT(2) 
PARAMETRIC_REPRESENTATION_CONTEXT() REPRESENTATION_CONTEXT('2D SPACE',''
  ) );
#5537 = PCURVE('',#5538,#5543);
#5538 = PLANE('',#5539);
#5539 = AXIS2_PLACEMENT_3D('',#5540,#5541,#5542);
#5540 = CARTESIAN_POINT('',(61.,-27.,32.));
#5541 = DIRECTION('',(-0.241746889208,-0.725240667623,-0.64465837122));
#5542 = DIRECTION('',(0.,0.66436383883,-0.747409318684));
#5543 = DEFINITIONAL_REPRESENTATION('',(#5544),#5547);
#5544 = B_SPLINE_CURVE_WITH_KNOTS('',1,(#5545,#5546),.UNSPECIFIED.,.F.,
  .F.,(2,2),(-10.65991024184,5.919743780403),.PIECEWISE_BEZIER_KNOTS.);
#5545 = CARTESIAN_POINT('',(-0.834875034311,7.999270522681));
#5546 = CARTESIAN_POINT('',(-5.185922255085,-7.999270522681));
#5547 = ( GEOMETRIC_REPRESENTATION_CONTEXT(2) 
PARAMETRIC_REPRESENTATION_CONTEXT() REPRESENTATION_CONTEXT('2D SPACE',''
  ) );
#5548 = ORIENTED_EDGE('',*,*,#5549,.T.);
#5549 = EDGE_CURVE('',#5524,#3293,#5550,.T.);
#5550 = SURFACE_CURVE('',#5551,(#5555,#5561),.PCURVE_S1.);
#5551 = LINE('',#5552,#5553);
#5552 = CARTESIAN_POINT('',(57.758991394469,-29.,36.730250557653));
#5553 = VECTOR('',#5554,1.);
#5554 = DIRECTION('',(-0.966234939601,0.,-0.25766265056));
#5555 = PCURVE('',#3309,#5556);
#5556 = DEFINITIONAL_REPRESENTATION('',(#5557),#5560);
#5557 = B_SPLINE_CURVE_WITH_KNOTS('',1,(#5558,#5559),.UNSPECIFIED.,.F.,
  .F.,(2,2),(2.040114184766,4.972192308472),.PIECEWISE_BEZIER_KNOTS.);
#5558 = CARTESIAN_POINT('',(10.20458932936,3.787761788372));
#5559 = CARTESIAN_POINT('',(9.449102308356,0.954685459607));
#5560 = ( GEOMETRIC_REPRESENTATION_CONTEXT(2) 
PARAMETRIC_REPRESENTATION_CONTEXT() REPRESENTATION_CONTEXT('2D SPACE',''
  ) );
#5561 = PCURVE('',#3336,#5562);
#5562 = DEFINITIONAL_REPRESENTATION('',(#5563),#5566);
#5563 = B_SPLINE_CURVE_WITH_KNOTS('',1,(#5564,#5565),.UNSPECIFIED.,.F.,
  .F.,(2,2),(2.040114184766,4.972192308472),.PIECEWISE_BEZIER_KNOTS.);
#5564 = CARTESIAN_POINT('',(11.312307804798,0.));
#5565 = CARTESIAN_POINT('',(14.,-1.171918421805));
#5566 = ( GEOMETRIC_REPRESENTATION_CONTEXT(2) 
PARAMETRIC_REPRESENTATION_CONTEXT() REPRESENTATION_CONTEXT('2D SPACE',''
  ) );
#5567 = ORIENTED_EDGE('',*,*,#3292,.T.);
#5568 = ADVANCED_FACE('',(#5569),#3434,.F.);
#5569 = FACE_BOUND('',#5570,.F.);
#5570 = EDGE_LOOP('',(#5571,#5594,#5615,#5616));
#5571 = ORIENTED_EDGE('',*,*,#5572,.F.);
#5572 = EDGE_CURVE('',#5573,#3395,#5575,.T.);
#5573 = VERTEX_POINT('',#5574);
#5574 = CARTESIAN_POINT('',(52.,-25.,26.));
#5575 = SURFACE_CURVE('',#5576,(#5580,#5587),.PCURVE_S1.);
#5576 = LINE('',#5577,#5578);
#5577 = CARTESIAN_POINT('',(52.,-25.,26.));
#5578 = VECTOR('',#5579,1.);
#5579 = DIRECTION('',(1.,0.,0.));
#5580 = PCURVE('',#3434,#5581);
#5581 = DEFINITIONAL_REPRESENTATION('',(#5582),#5586);
#5582 = LINE('',#5583,#5584);
#5583 = CARTESIAN_POINT('',(0.,4.));
#5584 = VECTOR('',#5585,1.);
#5585 = DIRECTION('',(1.,0.));
#5586 = ( GEOMETRIC_REPRESENTATION_CONTEXT(2) 
PARAMETRIC_REPRESENTATION_CONTEXT() REPRESENTATION_CONTEXT('2D SPACE',''
  ) );
#5587 = PCURVE('',#3409,#5588);
#5588 = DEFINITIONAL_REPRESENTATION('',(#5589),#5593);
#5589 = LINE('',#5590,#5591);
#5590 = CARTESIAN_POINT('',(226.,252.));
#5591 = VECTOR('',#5592,1.);
#5592 = DIRECTION('',(0.,1.));
#5593 = ( GEOMETRIC_REPRESENTATION_CONTEXT(2) 
PARAMETRIC_REPRESENTATION_CONTEXT() REPRESENTATION_CONTEXT('2D SPACE',''
  ) );
#5594 = ORIENTED_EDGE('',*,*,#5595,.F.);
#5595 = EDGE_CURVE('',#5373,#5573,#5596,.T.);
#5596 = SURFACE_CURVE('',#5597,(#5601,#5608),.PCURVE_S1.);
#5597 = LINE('',#5598,#5599);
#5598 = CARTESIAN_POINT('',(52.,-29.,26.));
#5599 = VECTOR('',#5600,1.);
#5600 = DIRECTION('',(0.,1.,0.));
#5601 = PCURVE('',#3434,#5602);
#5602 = DEFINITIONAL_REPRESENTATION('',(#5603),#5607);
#5603 = LINE('',#5604,#5605);
#5604 = CARTESIAN_POINT('',(0.,0.));
#5605 = VECTOR('',#5606,1.);
#5606 = DIRECTION('',(0.,1.));
#5607 = ( GEOMETRIC_REPRESENTATION_CONTEXT(2) 
PARAMETRIC_REPRESENTATION_CONTEXT() REPRESENTATION_CONTEXT('2D SPACE',''
  ) );
#5608 = PCURVE('',#5411,#5609);
#5609 = DEFINITIONAL_REPRESENTATION('',(#5610),#5614);
#5610 = LINE('',#5611,#5612);
#5611 = CARTESIAN_POINT('',(0.,0.));
#5612 = VECTOR('',#5613,1.);
#5613 = DIRECTION('',(0.,-1.));
#5614 = ( GEOMETRIC_REPRESENTATION_CONTEXT(2) 
PARAMETRIC_REPRESENTATION_CONTEXT() REPRESENTATION_CONTEXT('2D SPACE',''
  ) );
#5615 = ORIENTED_EDGE('',*,*,#5372,.T.);
#5616 = ORIENTED_EDGE('',*,*,#3421,.T.);
#5617 = ADVANCED_FACE('',(#5618),#3409,.T.);
#5618 = FACE_BOUND('',#5619,.T.);
#5619 = EDGE_LOOP('',(#5620,#5621,#5622,#5645,#5668,#5691,#5712));
#5620 = ORIENTED_EDGE('',*,*,#3394,.T.);
#5621 = ORIENTED_EDGE('',*,*,#5572,.F.);
#5622 = ORIENTED_EDGE('',*,*,#5623,.T.);
#5623 = EDGE_CURVE('',#5573,#5624,#5626,.T.);
#5624 = VERTEX_POINT('',#5625);
#5625 = CARTESIAN_POINT('',(52.,-25.,38.));
#5626 = SURFACE_CURVE('',#5627,(#5631,#5638),.PCURVE_S1.);
#5627 = LINE('',#5628,#5629);
#5628 = CARTESIAN_POINT('',(52.,-25.,26.));
#5629 = VECTOR('',#5630,1.);
#5630 = DIRECTION('',(0.,0.,1.));
#5631 = PCURVE('',#3409,#5632);
#5632 = DEFINITIONAL_REPRESENTATION('',(#5633),#5637);
#5633 = LINE('',#5634,#5635);
#5634 = CARTESIAN_POINT('',(226.,252.));
#5635 = VECTOR('',#5636,1.);
#5636 = DIRECTION('',(1.,0.));
#5637 = ( GEOMETRIC_REPRESENTATION_CONTEXT(2) 
PARAMETRIC_REPRESENTATION_CONTEXT() REPRESENTATION_CONTEXT('2D SPACE',''
  ) );
#5638 = PCURVE('',#5411,#5639);
#5639 = DEFINITIONAL_REPRESENTATION('',(#5640),#5644);
#5640 = LINE('',#5641,#5642);
#5641 = CARTESIAN_POINT('',(0.,-4.));
#5642 = VECTOR('',#5643,1.);
#5643 = DIRECTION('',(1.,0.));
#5644 = ( GEOMETRIC_REPRESENTATION_CONTEXT(2) 
PARAMETRIC_REPRESENTATION_CONTEXT() REPRESENTATION_CONTEXT('2D SPACE',''
  ) );
#5645 = ORIENTED_EDGE('',*,*,#5646,.T.);
#5646 = EDGE_CURVE('',#5624,#5647,#5649,.T.);
#5647 = VERTEX_POINT('',#5648);
#5648 = CARTESIAN_POINT('',(70.,-25.,38.));
#5649 = SURFACE_CURVE('',#5650,(#5654,#5661),.PCURVE_S1.);
#5650 = LINE('',#5651,#5652);
#5651 = CARTESIAN_POINT('',(52.,-25.,38.));
#5652 = VECTOR('',#5653,1.);
#5653 = DIRECTION('',(1.,0.,0.));
#5654 = PCURVE('',#3409,#5655);
#5655 = DEFINITIONAL_REPRESENTATION('',(#5656),#5660);
#5656 = LINE('',#5657,#5658);
#5657 = CARTESIAN_POINT('',(238.,252.));
#5658 = VECTOR('',#5659,1.);
#5659 = DIRECTION('',(0.,1.));
#5660 = ( GEOMETRIC_REPRESENTATION_CONTEXT(2) 
PARAMETRIC_REPRESENTATION_CONTEXT() REPRESENTATION_CONTEXT('2D SPACE',''
  ) );
#5661 = PCURVE('',#5439,#5662);
#5662 = DEFINITIONAL_REPRESENTATION('',(#5663),#5667);
#5663 = LINE('',#5664,#5665);
#5664 = CARTESIAN_POINT('',(0.,4.));
#5665 = VECTOR('',#5666,1.);
#5666 = DIRECTION('',(1.,0.));
#5667 = ( GEOMETRIC_REPRESENTATION_CONTEXT(2) 
PARAMETRIC_REPRESENTATION_CONTEXT() REPRESENTATION_CONTEXT('2D SPACE',''
  ) );
#5668 = ORIENTED_EDGE('',*,*,#5669,.F.);
#5669 = EDGE_CURVE('',#5670,#5647,#5672,.T.);
#5670 = VERTEX_POINT('',#5671);
#5671 = CARTESIAN_POINT('',(70.,-25.,26.));
#5672 = SURFACE_CURVE('',#5673,(#5677,#5684),.PCURVE_S1.);
#5673 = LINE('',#5674,#5675);
#5674 = CARTESIAN_POINT('',(70.,-25.,26.));
#5675 = VECTOR('',#5676,1.);
#5676 = DIRECTION('',(0.,0.,1.));
#5677 = PCURVE('',#3409,#5678);
#5678 = DEFINITIONAL_REPRESENTATION('',(#5679),#5683);
#5679 = LINE('',#5680,#5681);
#5680 = CARTESIAN_POINT('',(226.,270.));
#5681 = VECTOR('',#5682,1.);
#5682 = DIRECTION('',(1.,0.));
#5683 = ( GEOMETRIC_REPRESENTATION_CONTEXT(2) 
PARAMETRIC_REPRESENTATION_CONTEXT() REPRESENTATION_CONTEXT('2D SPACE',''
  ) );
#5684 = PCURVE('',#5467,#5685);
#5685 = DEFINITIONAL_REPRESENTATION('',(#5686),#5690);
#5686 = LINE('',#5687,#5688);
#5687 = CARTESIAN_POINT('',(0.,-4.));
#5688 = VECTOR('',#5689,1.);
#5689 = DIRECTION('',(1.,0.));
#5690 = ( GEOMETRIC_REPRESENTATION_CONTEXT(2) 
PARAMETRIC_REPRESENTATION_CONTEXT() REPRESENTATION_CONTEXT('2D SPACE',''
  ) );
#5691 = ORIENTED_EDGE('',*,*,#5692,.F.);
#5692 = EDGE_CURVE('',#3574,#5670,#5693,.T.);
#5693 = SURFACE_CURVE('',#5694,(#5698,#5705),.PCURVE_S1.);
#5694 = LINE('',#5695,#5696);
#5695 = CARTESIAN_POINT('',(52.,-25.,26.));
#5696 = VECTOR('',#5697,1.);
#5697 = DIRECTION('',(1.,0.,0.));
#5698 = PCURVE('',#3409,#5699);
#5699 = DEFINITIONAL_REPRESENTATION('',(#5700),#5704);
#5700 = LINE('',#5701,#5702);
#5701 = CARTESIAN_POINT('',(226.,252.));
#5702 = VECTOR('',#5703,1.);
#5703 = DIRECTION('',(0.,1.));
#5704 = ( GEOMETRIC_REPRESENTATION_CONTEXT(2) 
PARAMETRIC_REPRESENTATION_CONTEXT() REPRESENTATION_CONTEXT('2D SPACE',''
  ) );
#5705 = PCURVE('',#3636,#5706);
#5706 = DEFINITIONAL_REPRESENTATION('',(#5707),#5711);
#5707 = LINE('',#5708,#5709);
#5708 = CARTESIAN_POINT('',(0.,4.));
#5709 = VECTOR('',#5710,1.);
#5710 = DIRECTION('',(1.,0.));
#5711 = ( GEOMETRIC_REPRESENTATION_CONTEXT(2) 
PARAMETRIC_REPRESENTATION_CONTEXT() REPRESENTATION_CONTEXT('2D SPACE',''
  ) );
#5712 = ORIENTED_EDGE('',*,*,#3573,.T.);
#5713 = ADVANCED_FACE('',(#5714),#3336,.F.);
#5714 = FACE_BOUND('',#5715,.F.);
#5715 = EDGE_LOOP('',(#5716,#5739,#5762,#5788,#5814,#5840,#5866,#5887,
    #5888,#5889));
#5716 = ORIENTED_EDGE('',*,*,#5717,.F.);
#5717 = EDGE_CURVE('',#5718,#5524,#5720,.T.);
#5718 = VERTEX_POINT('',#5719);
#5719 = CARTESIAN_POINT('',(66.519559265191,-32.5772658256,
    36.20458932936));
#5720 = SURFACE_CURVE('',#5721,(#5725,#5732),.PCURVE_S1.);
#5721 = LINE('',#5722,#5723);
#5722 = CARTESIAN_POINT('',(66.519559265191,-32.5772658256,
    36.20458932936));
#5723 = VECTOR('',#5724,1.);
#5724 = DIRECTION('',(-0.948683298051,0.316227766017,0.));
#5725 = PCURVE('',#3336,#5726);
#5726 = DEFINITIONAL_REPRESENTATION('',(#5727),#5731);
#5727 = LINE('',#5728,#5729);
#5728 = CARTESIAN_POINT('',(0.,0.));
#5729 = VECTOR('',#5730,1.);
#5730 = DIRECTION('',(1.,0.));
#5731 = ( GEOMETRIC_REPRESENTATION_CONTEXT(2) 
PARAMETRIC_REPRESENTATION_CONTEXT() REPRESENTATION_CONTEXT('2D SPACE',''
  ) );
#5732 = PCURVE('',#5538,#5733);
#5733 = DEFINITIONAL_REPRESENTATION('',(#5734),#5738);
#5734 = LINE('',#5735,#5736);
#5735 = CARTESIAN_POINT('',(-6.847882980076,5.68827730435));
#5736 = VECTOR('',#5737,1.);
#5737 = DIRECTION('',(0.210090292576,-0.977681987645));
#5738 = ( GEOMETRIC_REPRESENTATION_CONTEXT(2) 
PARAMETRIC_REPRESENTATION_CONTEXT() REPRESENTATION_CONTEXT('2D SPACE',''
  ) );
#5739 = ORIENTED_EDGE('',*,*,#5740,.T.);
#5740 = EDGE_CURVE('',#5718,#5741,#5743,.T.);
#5741 = VERTEX_POINT('',#5742);
#5742 = CARTESIAN_POINT('',(61.858823739,-46.55947240417,23.775961259518
    ));
#5743 = SURFACE_CURVE('',#5744,(#5748,#5755),.PCURVE_S1.);
#5744 = LINE('',#5745,#5746);
#5745 = CARTESIAN_POINT('',(66.519559265191,-32.5772658256,
    36.20458932936));
#5746 = VECTOR('',#5747,1.);
#5747 = DIRECTION('',(-0.241746889208,-0.725240667623,-0.64465837122));
#5748 = PCURVE('',#3336,#5749);
#5749 = DEFINITIONAL_REPRESENTATION('',(#5750),#5754);
#5750 = LINE('',#5751,#5752);
#5751 = CARTESIAN_POINT('',(0.,0.));
#5752 = VECTOR('',#5753,1.);
#5753 = DIRECTION('',(-4.564843978428E-17,-1.));
#5754 = ( GEOMETRIC_REPRESENTATION_CONTEXT(2) 
PARAMETRIC_REPRESENTATION_CONTEXT() REPRESENTATION_CONTEXT('2D SPACE',''
  ) );
#5755 = PCURVE('',#3513,#5756);
#5756 = DEFINITIONAL_REPRESENTATION('',(#5757),#5761);
#5757 = LINE('',#5758,#5759);
#5758 = CARTESIAN_POINT('',(11.,-1.7763568394E-15));
#5759 = VECTOR('',#5760,1.);
#5760 = DIRECTION('',(0.,-1.));
#5761 = ( GEOMETRIC_REPRESENTATION_CONTEXT(2) 
PARAMETRIC_REPRESENTATION_CONTEXT() REPRESENTATION_CONTEXT('2D SPACE',''
  ) );
#5762 = ORIENTED_EDGE('',*,*,#5763,.T.);
#5763 = EDGE_CURVE('',#5741,#5764,#5766,.T.);
#5764 = VERTEX_POINT('',#5765);
#5765 = CARTESIAN_POINT('',(50.284467659293,-39.75741686947,
    26.131110732691));
#5766 = SURFACE_CURVE('',#5767,(#5771,#5777),.PCURVE_S1.);
#5767 = LINE('',#5768,#5769);
#5768 = CARTESIAN_POINT('',(57.431865124944,-43.95782284931,
    24.676758606329));
#5769 = VECTOR('',#5770,1.);
#5770 = DIRECTION('',(-0.849174382079,0.499045585411,0.172789966441));
#5771 = PCURVE('',#3336,#5772);
#5772 = DEFINITIONAL_REPRESENTATION('',(#5773),#5776);
#5773 = B_SPLINE_CURVE_WITH_KNOTS('',1,(#5774,#5775),.UNSPECIFIED.,.F.,
  .F.,(2,2),(-5.213250314048,9.171084223171),.PIECEWISE_BEZIER_KNOTS.);
#5774 = CARTESIAN_POINT('',(-1.7763568394E-15,-19.27940227676));
#5775 = CARTESIAN_POINT('',(13.858006328364,-15.42392037671));
#5776 = ( GEOMETRIC_REPRESENTATION_CONTEXT(2) 
PARAMETRIC_REPRESENTATION_CONTEXT() REPRESENTATION_CONTEXT('2D SPACE',''
  ) );
#5777 = PCURVE('',#5778,#5783);
#5778 = PLANE('',#5779);
#5779 = AXIS2_PLACEMENT_3D('',#5780,#5781,#5782);
#5780 = CARTESIAN_POINT('',(57.87006912397,-42.98629339243,
    24.289010129218));
#5781 = DIRECTION('',(-0.31889656933,-0.223745178618,-0.921001125469));
#5782 = DIRECTION('',(-0.94495800568,1.387778780781E-17,0.327191637273)
  );
#5783 = DEFINITIONAL_REPRESENTATION('',(#5784),#5787);
#5784 = B_SPLINE_CURVE_WITH_KNOTS('',1,(#5785,#5786),.UNSPECIFIED.,.F.,
  .F.,(2,2),(-5.213250314048,9.171084223171),.PIECEWISE_BEZIER_KNOTS.);
#5785 = CARTESIAN_POINT('',(-3.937070905844,-3.666123764133));
#5786 = CARTESIAN_POINT('',(8.418634639713,3.699038864766));
#5787 = ( GEOMETRIC_REPRESENTATION_CONTEXT(2) 
PARAMETRIC_REPRESENTATION_CONTEXT() REPRESENTATION_CONTEXT('2D SPACE',''
  ) );
#5788 = ORIENTED_EDGE('',*,*,#5789,.T.);
#5789 = EDGE_CURVE('',#5764,#5790,#5792,.T.);
#5790 = VERTEX_POINT('',#5791);
#5791 = CARTESIAN_POINT('',(49.32335894459,-40.43175288223,
    25.335346265233));
#5792 = SURFACE_CURVE('',#5793,(#5797,#5803),.PCURVE_S1.);
#5793 = LINE('',#5794,#5795);
#5794 = CARTESIAN_POINT('',(56.94125477259,-35.086861696,31.642698101684
    ));
#5795 = VECTOR('',#5796,1.);
#5796 = DIRECTION('',(-0.677627301966,-0.475438923766,-0.56105175287));
#5797 = PCURVE('',#3336,#5798);
#5798 = DEFINITIONAL_REPRESENTATION('',(#5799),#5802);
#5799 = B_SPLINE_CURVE_WITH_KNOTS('',1,(#5800,#5801),.UNSPECIFIED.,.F.,
  .F.,(2,2),(9.823670170881,11.242014313621),.PIECEWISE_BEZIER_KNOTS.);
#5800 = CARTESIAN_POINT('',(13.131397124568,-15.62607273306));
#5801 = CARTESIAN_POINT('',(13.829941138961,-16.86046990059));
#5802 = ( GEOMETRIC_REPRESENTATION_CONTEXT(2) 
PARAMETRIC_REPRESENTATION_CONTEXT() REPRESENTATION_CONTEXT('2D SPACE',''
  ) );
#5803 = PCURVE('',#5804,#5809);
#5804 = PLANE('',#5805);
#5805 = AXIS2_PLACEMENT_3D('',#5806,#5807,#5808);
#5806 = CARTESIAN_POINT('',(49.702933135674,-40.16543488652,
    26.431589658263));
#5807 = DIRECTION('',(0.574353701096,-0.818607247731,0.));
#5808 = DIRECTION('',(0.753938196477,0.528980405127,-0.389559914372));
#5809 = DEFINITIONAL_REPRESENTATION('',(#5810),#5813);
#5810 = B_SPLINE_CURVE_WITH_KNOTS('',1,(#5811,#5812),.UNSPECIFIED.,.F.,
  .F.,(2,2),(9.823670170881,11.242014313621),.PIECEWISE_BEZIER_KNOTS.);
#5811 = CARTESIAN_POINT('',(0.771329170397,-1.7763568394E-15));
#5812 = CARTESIAN_POINT('',(-2.6645352591E-15,-1.190273673631));
#5813 = ( GEOMETRIC_REPRESENTATION_CONTEXT(2) 
PARAMETRIC_REPRESENTATION_CONTEXT() REPRESENTATION_CONTEXT('2D SPACE',''
  ) );
#5814 = ORIENTED_EDGE('',*,*,#5815,.T.);
#5815 = EDGE_CURVE('',#5790,#5816,#5818,.T.);
#5816 = VERTEX_POINT('',#5817);
#5817 = CARTESIAN_POINT('',(53.954732723294,-54.28449283839,
    15.488187307958));
#5818 = SURFACE_CURVE('',#5819,(#5823,#5829),.PCURVE_S1.);
#5819 = LINE('',#5820,#5821);
#5820 = CARTESIAN_POINT('',(49.674677104597,-41.4825683303,
    24.588378749444));
#5821 = VECTOR('',#5822,1.);
#5822 = DIRECTION('',(0.262910996373,-0.786383876232,-0.558997501952));
#5823 = PCURVE('',#3336,#5824);
#5824 = DEFINITIONAL_REPRESENTATION('',(#5825),#5828);
#5825 = B_SPLINE_CURVE_WITH_KNOTS('',1,(#5826,#5827),.UNSPECIFIED.,.F.,
  .F.,(2,2),(-1.336262708116,16.279484988219),.PIECEWISE_BEZIER_KNOTS.);
#5826 = CARTESIAN_POINT('',(13.829941138961,-16.86046990059));
#5827 = CARTESIAN_POINT('',(5.055613178525,-32.13547352559));
#5828 = ( GEOMETRIC_REPRESENTATION_CONTEXT(2) 
PARAMETRIC_REPRESENTATION_CONTEXT() REPRESENTATION_CONTEXT('2D SPACE',''
  ) );
#5829 = PCURVE('',#5830,#5835);
#5830 = PLANE('',#5831);
#5831 = AXIS2_PLACEMENT_3D('',#5832,#5833,#5834);
#5832 = CARTESIAN_POINT('',(57.743884951023,-51.62593635474,
    26.431589658263));
#5833 = DIRECTION('',(0.753938196477,0.528980405127,-0.389559914372));
#5834 = DIRECTION('',(-0.574353701096,0.818607247731,0.));
#5835 = DEFINITIONAL_REPRESENTATION('',(#5836),#5839);
#5836 = B_SPLINE_CURVE_WITH_KNOTS('',1,(#5837,#5838),.UNSPECIFIED.,.F.,
  .F.,(2,2),(-1.336262708116,16.279484988219),.PIECEWISE_BEZIER_KNOTS.);
#5837 = CARTESIAN_POINT('',(14.,-1.190273673631));
#5838 = CARTESIAN_POINT('',(-1.7763568394E-15,-11.88207272248));
#5839 = ( GEOMETRIC_REPRESENTATION_CONTEXT(2) 
PARAMETRIC_REPRESENTATION_CONTEXT() REPRESENTATION_CONTEXT('2D SPACE',''
  ) );
#5840 = ORIENTED_EDGE('',*,*,#5841,.T.);
#5841 = EDGE_CURVE('',#5816,#5842,#5844,.T.);
#5842 = VERTEX_POINT('',#5843);
#5843 = CARTESIAN_POINT('',(60.910620661548,-49.40408163653,
    21.247419719647));
#5844 = SURFACE_CURVE('',#5845,(#5849,#5855),.PCURVE_S1.);
#5845 = LINE('',#5846,#5847);
#5846 = CARTESIAN_POINT('',(69.679478779945,-43.25164879569,
    28.507728157227));
#5847 = VECTOR('',#5848,1.);
#5848 = DIRECTION('',(0.677627301966,0.475438923766,0.56105175287));
#5849 = PCURVE('',#3336,#5850);
#5850 = DEFINITIONAL_REPRESENTATION('',(#5851),#5854);
#5851 = B_SPLINE_CURVE_WITH_KNOTS('',1,(#5852,#5853),.UNSPECIFIED.,.F.,
  .F.,(2,2),(-23.20559695725,-12.94053249176),.PIECEWISE_BEZIER_KNOTS.);
#5852 = CARTESIAN_POINT('',(5.055613178525,-32.13547352559));
#5853 = CARTESIAN_POINT('',(-3.552713678801E-15,-23.20169919053));
#5854 = ( GEOMETRIC_REPRESENTATION_CONTEXT(2) 
PARAMETRIC_REPRESENTATION_CONTEXT() REPRESENTATION_CONTEXT('2D SPACE',''
  ) );
#5855 = PCURVE('',#5856,#5861);
#5856 = PLANE('',#5857);
#5857 = AXIS2_PLACEMENT_3D('',#5858,#5859,#5860);
#5858 = CARTESIAN_POINT('',(66.037205112266,-45.80715189835,
    22.146430600174));
#5859 = DIRECTION('',(-0.574353701096,0.818607247731,0.));
#5860 = DIRECTION('',(-0.753938196477,-0.528980405127,0.389559914372));
#5861 = DEFINITIONAL_REPRESENTATION('',(#5862),#5865);
#5862 = B_SPLINE_CURVE_WITH_KNOTS('',1,(#5863,#5864),.UNSPECIFIED.,.F.,
  .F.,(2,2),(-23.20559695725,-12.94053249176),.PIECEWISE_BEZIER_KNOTS.);
#5863 = CARTESIAN_POINT('',(11.,-11.88207272248));
#5864 = CARTESIAN_POINT('',(5.417614583338,-3.267635913235));
#5865 = ( GEOMETRIC_REPRESENTATION_CONTEXT(2) 
PARAMETRIC_REPRESENTATION_CONTEXT() REPRESENTATION_CONTEXT('2D SPACE',''
  ) );
#5866 = ORIENTED_EDGE('',*,*,#5867,.T.);
#5867 = EDGE_CURVE('',#5842,#3498,#5868,.T.);
#5868 = SURFACE_CURVE('',#5869,(#5873,#5880),.PCURVE_S1.);
#5869 = LINE('',#5870,#5871);
#5870 = CARTESIAN_POINT('',(66.519559265191,-32.5772658256,
    36.20458932936));
#5871 = VECTOR('',#5872,1.);
#5872 = DIRECTION('',(-0.241746889208,-0.725240667623,-0.64465837122));
#5873 = PCURVE('',#3336,#5874);
#5874 = DEFINITIONAL_REPRESENTATION('',(#5875),#5879);
#5875 = LINE('',#5876,#5877);
#5876 = CARTESIAN_POINT('',(0.,0.));
#5877 = VECTOR('',#5878,1.);
#5878 = DIRECTION('',(-4.564843978428E-17,-1.));
#5879 = ( GEOMETRIC_REPRESENTATION_CONTEXT(2) 
PARAMETRIC_REPRESENTATION_CONTEXT() REPRESENTATION_CONTEXT('2D SPACE',''
  ) );
#5880 = PCURVE('',#3513,#5881);
#5881 = DEFINITIONAL_REPRESENTATION('',(#5882),#5886);
#5882 = LINE('',#5883,#5884);
#5883 = CARTESIAN_POINT('',(11.,-1.7763568394E-15));
#5884 = VECTOR('',#5885,1.);
#5885 = DIRECTION('',(0.,-1.));
#5886 = ( GEOMETRIC_REPRESENTATION_CONTEXT(2) 
PARAMETRIC_REPRESENTATION_CONTEXT() REPRESENTATION_CONTEXT('2D SPACE',''
  ) );
#5887 = ORIENTED_EDGE('',*,*,#3525,.T.);
#5888 = ORIENTED_EDGE('',*,*,#3320,.F.);
#5889 = ORIENTED_EDGE('',*,*,#5549,.F.);
#5890 = ADVANCED_FACE('',(#5891),#3513,.F.);
#5891 = FACE_BOUND('',#5892,.F.);
#5892 = EDGE_LOOP('',(#5893,#5912,#5913,#5914,#5915,#5936,#5962,#5981,
    #5982,#6003));
#5893 = ORIENTED_EDGE('',*,*,#5894,.F.);
#5894 = EDGE_CURVE('',#3601,#5480,#5895,.T.);
#5895 = SURFACE_CURVE('',#5896,(#5900,#5906),.PCURVE_S1.);
#5896 = LINE('',#5897,#5898);
#5897 = CARTESIAN_POINT('',(67.451394996935,-29.78175863037,26.));
#5898 = VECTOR('',#5899,1.);
#5899 = DIRECTION('',(-0.316227766017,-0.948683298051,0.));
#5900 = PCURVE('',#3513,#5901);
#5901 = DEFINITIONAL_REPRESENTATION('',(#5902),#5905);
#5902 = B_SPLINE_CURVE_WITH_KNOTS('',1,(#5903,#5904),.UNSPECIFIED.,.F.,
  .F.,(2,2),(-2.01542362051,-0.824045950825),.PIECEWISE_BEZIER_KNOTS.);
#5903 = CARTESIAN_POINT('',(4.440892098501E-16,-2.785057560396));
#5904 = CARTESIAN_POINT('',(0.768031588048,-3.695830985341));
#5905 = ( GEOMETRIC_REPRESENTATION_CONTEXT(2) 
PARAMETRIC_REPRESENTATION_CONTEXT() REPRESENTATION_CONTEXT('2D SPACE',''
  ) );
#5906 = PCURVE('',#3636,#5907);
#5907 = DEFINITIONAL_REPRESENTATION('',(#5908),#5911);
#5908 = B_SPLINE_CURVE_WITH_KNOTS('',1,(#5909,#5910),.UNSPECIFIED.,.F.,
  .F.,(2,2),(-2.01542362051,-0.824045950825),.PIECEWISE_BEZIER_KNOTS.);
#5909 = CARTESIAN_POINT('',(16.088727906027,1.130240096901));
#5910 = CARTESIAN_POINT('',(15.71198120706,5.551115123126E-16));
#5911 = ( GEOMETRIC_REPRESENTATION_CONTEXT(2) 
PARAMETRIC_REPRESENTATION_CONTEXT() REPRESENTATION_CONTEXT('2D SPACE',''
  ) );
#5912 = ORIENTED_EDGE('',*,*,#3600,.T.);
#5913 = ORIENTED_EDGE('',*,*,#3495,.T.);
#5914 = ORIENTED_EDGE('',*,*,#5867,.F.);
#5915 = ORIENTED_EDGE('',*,*,#5916,.T.);
#5916 = EDGE_CURVE('',#5842,#5917,#5919,.T.);
#5917 = VERTEX_POINT('',#5918);
#5918 = CARTESIAN_POINT('',(60.910620661548,-49.40408163653,
    7.340407258997));
#5919 = SURFACE_CURVE('',#5920,(#5924,#5930),.PCURVE_S1.);
#5920 = LINE('',#5921,#5922);
#5921 = CARTESIAN_POINT('',(60.910620661548,-49.40408163653,
    24.970920635407));
#5922 = VECTOR('',#5923,1.);
#5923 = DIRECTION('',(3.818818149777E-17,2.67937077789E-17,-1.));
#5924 = PCURVE('',#3513,#5925);
#5925 = DEFINITIONAL_REPRESENTATION('',(#5926),#5929);
#5926 = B_SPLINE_CURVE_WITH_KNOTS('',1,(#5927,#5928),.UNSPECIFIED.,.F.,
  .F.,(2,2),(3.723500915759,17.63051337641),.PIECEWISE_BEZIER_KNOTS.);
#5927 = CARTESIAN_POINT('',(11.,-23.20169919053));
#5928 = CARTESIAN_POINT('',(0.368495237212,-32.16697119195));
#5929 = ( GEOMETRIC_REPRESENTATION_CONTEXT(2) 
PARAMETRIC_REPRESENTATION_CONTEXT() REPRESENTATION_CONTEXT('2D SPACE',''
  ) );
#5930 = PCURVE('',#5856,#5931);
#5931 = DEFINITIONAL_REPRESENTATION('',(#5932),#5935);
#5932 = B_SPLINE_CURVE_WITH_KNOTS('',1,(#5933,#5934),.UNSPECIFIED.,.F.,
  .F.,(2,2),(3.723500915759,17.63051337641),.PIECEWISE_BEZIER_KNOTS.);
#5933 = CARTESIAN_POINT('',(5.417614583338,-3.267635913235));
#5934 = CARTESIAN_POINT('',(-2.6645352591E-15,-16.0760100414));
#5935 = ( GEOMETRIC_REPRESENTATION_CONTEXT(2) 
PARAMETRIC_REPRESENTATION_CONTEXT() REPRESENTATION_CONTEXT('2D SPACE',''
  ) );
#5936 = ORIENTED_EDGE('',*,*,#5937,.T.);
#5937 = EDGE_CURVE('',#5917,#5938,#5940,.T.);
#5938 = VERTEX_POINT('',#5939);
#5939 = CARTESIAN_POINT('',(63.374580639905,-42.01220170146,
    22.146430600174));
#5940 = SURFACE_CURVE('',#5941,(#5945,#5951),.PCURVE_S1.);
#5941 = LINE('',#5942,#5943);
#5942 = CARTESIAN_POINT('',(64.517943471731,-38.58211320598,
    29.016938613349));
#5943 = VECTOR('',#5944,1.);
#5944 = DIRECTION('',(0.147268362797,0.441805088392,0.884940841633));
#5945 = PCURVE('',#3513,#5946);
#5946 = DEFINITIONAL_REPRESENTATION('',(#5947),#5950);
#5947 = B_SPLINE_CURVE_WITH_KNOTS('',1,(#5948,#5949),.UNSPECIFIED.,.F.,
  .F.,(2,2),(-24.49489314377,-7.763804866888),.PIECEWISE_BEZIER_KNOTS.);
#5948 = CARTESIAN_POINT('',(0.368495237212,-32.16697119195));
#5949 = CARTESIAN_POINT('',(6.664266424361,-16.66559770158));
#5950 = ( GEOMETRIC_REPRESENTATION_CONTEXT(2) 
PARAMETRIC_REPRESENTATION_CONTEXT() REPRESENTATION_CONTEXT('2D SPACE',''
  ) );
#5951 = PCURVE('',#5952,#5957);
#5952 = PLANE('',#5953);
#5953 = AXIS2_PLACEMENT_3D('',#5954,#5955,#5956);
#5954 = CARTESIAN_POINT('',(57.996253296918,-34.34665043012,
    22.146430600174));
#5955 = DIRECTION('',(-0.753938196477,-0.528980405127,0.389559914372));
#5956 = DIRECTION('',(0.574353701096,-0.818607247731,0.));
#5957 = DEFINITIONAL_REPRESENTATION('',(#5958),#5961);
#5958 = B_SPLINE_CURVE_WITH_KNOTS('',1,(#5959,#5960),.UNSPECIFIED.,.F.,
  .F.,(2,2),(-24.49489314377,-7.763804866888),.PIECEWISE_BEZIER_KNOTS.);
#5959 = CARTESIAN_POINT('',(14.,-16.0760100414));
#5960 = CARTESIAN_POINT('',(9.36413804372,-8.881784197001E-16));
#5961 = ( GEOMETRIC_REPRESENTATION_CONTEXT(2) 
PARAMETRIC_REPRESENTATION_CONTEXT() REPRESENTATION_CONTEXT('2D SPACE',''
  ) );
#5962 = ORIENTED_EDGE('',*,*,#5963,.T.);
#5963 = EDGE_CURVE('',#5938,#5741,#5964,.T.);
#5964 = SURFACE_CURVE('',#5965,(#5969,#5975),.PCURVE_S1.);
#5965 = LINE('',#5966,#5967);
#5966 = CARTESIAN_POINT('',(65.036103102222,-37.02763431451,
    20.360193115841));
#5967 = VECTOR('',#5968,1.);
#5968 = DIRECTION('',(-0.299399111102,-0.898197333305,0.321872214884));
#5969 = PCURVE('',#3513,#5970);
#5970 = DEFINITIONAL_REPRESENTATION('',(#5971),#5974);
#5971 = B_SPLINE_CURVE_WITH_KNOTS('',1,(#5972,#5973),.UNSPECIFIED.,.F.,
  .F.,(2,2),(-0.931288533374,10.612187028643),.PIECEWISE_BEZIER_KNOTS.);
#5972 = CARTESIAN_POINT('',(1.114010885523,-13.31961643503));
#5973 = CARTESIAN_POINT('',(11.,-19.27940227676));
#5974 = ( GEOMETRIC_REPRESENTATION_CONTEXT(2) 
PARAMETRIC_REPRESENTATION_CONTEXT() REPRESENTATION_CONTEXT('2D SPACE',''
  ) );
#5975 = PCURVE('',#5778,#5976);
#5976 = DEFINITIONAL_REPRESENTATION('',(#5977),#5980);
#5977 = B_SPLINE_CURVE_WITH_KNOTS('',1,(#5978,#5979),.UNSPECIFIED.,.F.,
  .F.,(2,2),(-0.931288533374,10.612187028643),.PIECEWISE_BEZIER_KNOTS.);
#5978 = CARTESIAN_POINT('',(-8.418634639713,6.971893652197));
#5979 = CARTESIAN_POINT('',(-3.937070905844,-3.666123764133));
#5980 = ( GEOMETRIC_REPRESENTATION_CONTEXT(2) 
PARAMETRIC_REPRESENTATION_CONTEXT() REPRESENTATION_CONTEXT('2D SPACE',''
  ) );
#5981 = ORIENTED_EDGE('',*,*,#5740,.F.);
#5982 = ORIENTED_EDGE('',*,*,#5983,.F.);
#5983 = EDGE_CURVE('',#5503,#5718,#5984,.T.);
#5984 = SURFACE_CURVE('',#5985,(#5989,#5996),.PCURVE_S1.);
#5985 = LINE('',#5986,#5987);
#5986 = CARTESIAN_POINT('',(68.762006907516,-25.84992289863,
    27.79541067064));
#5987 = VECTOR('',#5988,1.);
#5988 = DIRECTION('',(-0.203858876575,-0.611576629725,0.764470787156));
#5989 = PCURVE('',#3513,#5990);
#5990 = DEFINITIONAL_REPRESENTATION('',(#5991),#5995);
#5991 = LINE('',#5992,#5993);
#5992 = CARTESIAN_POINT('',(0.,0.));
#5993 = VECTOR('',#5994,1.);
#5994 = DIRECTION('',(1.,0.));
#5995 = ( GEOMETRIC_REPRESENTATION_CONTEXT(2) 
PARAMETRIC_REPRESENTATION_CONTEXT() REPRESENTATION_CONTEXT('2D SPACE',''
  ) );
#5996 = PCURVE('',#5538,#5997);
#5997 = DEFINITIONAL_REPRESENTATION('',(#5998),#6002);
#5998 = LINE('',#5999,#6000);
#5999 = CARTESIAN_POINT('',(3.906618884019,7.999270522681));
#6000 = VECTOR('',#6001,1.);
#6001 = DIRECTION('',(-0.977681987645,-0.210090292576));
#6002 = ( GEOMETRIC_REPRESENTATION_CONTEXT(2) 
PARAMETRIC_REPRESENTATION_CONTEXT() REPRESENTATION_CONTEXT('2D SPACE',''
  ) );
#6003 = ORIENTED_EDGE('',*,*,#5502,.F.);
#6004 = ADVANCED_FACE('',(#6005),#3636,.F.);
#6005 = FACE_BOUND('',#6006,.F.);
#6006 = EDGE_LOOP('',(#6007,#6008,#6009,#6010,#6011));
#6007 = ORIENTED_EDGE('',*,*,#5692,.F.);
#6008 = ORIENTED_EDGE('',*,*,#3623,.T.);
#6009 = ORIENTED_EDGE('',*,*,#5894,.T.);
#6010 = ORIENTED_EDGE('',*,*,#5479,.T.);
#6011 = ORIENTED_EDGE('',*,*,#6012,.T.);
#6012 = EDGE_CURVE('',#5452,#5670,#6013,.T.);
#6013 = SURFACE_CURVE('',#6014,(#6018,#6025),.PCURVE_S1.);
#6014 = LINE('',#6015,#6016);
#6015 = CARTESIAN_POINT('',(70.,-29.,26.));
#6016 = VECTOR('',#6017,1.);
#6017 = DIRECTION('',(0.,1.,0.));
#6018 = PCURVE('',#3636,#6019);
#6019 = DEFINITIONAL_REPRESENTATION('',(#6020),#6024);
#6020 = LINE('',#6021,#6022);
#6021 = CARTESIAN_POINT('',(18.,0.));
#6022 = VECTOR('',#6023,1.);
#6023 = DIRECTION('',(0.,1.));
#6024 = ( GEOMETRIC_REPRESENTATION_CONTEXT(2) 
PARAMETRIC_REPRESENTATION_CONTEXT() REPRESENTATION_CONTEXT('2D SPACE',''
  ) );
#6025 = PCURVE('',#5467,#6026);
#6026 = DEFINITIONAL_REPRESENTATION('',(#6027),#6031);
#6027 = LINE('',#6028,#6029);
#6028 = CARTESIAN_POINT('',(0.,0.));
#6029 = VECTOR('',#6030,1.);
#6030 = DIRECTION('',(0.,-1.));
#6031 = ( GEOMETRIC_REPRESENTATION_CONTEXT(2) 
PARAMETRIC_REPRESENTATION_CONTEXT() REPRESENTATION_CONTEXT('2D SPACE',''
  ) );
#6032 = ADVANCED_FACE('',(#6033),#3763,.F.);
#6033 = FACE_BOUND('',#6034,.F.);
#6034 = EDGE_LOOP('',(#6035,#6058,#6059,#6082));
#6035 = ORIENTED_EDGE('',*,*,#6036,.T.);
#6036 = EDGE_CURVE('',#6037,#3745,#6039,.T.);
#6037 = VERTEX_POINT('',#6038);
#6038 = CARTESIAN_POINT('',(25.265245580084,-52.09754047829,
    -27.63034409453));
#6039 = SURFACE_CURVE('',#6040,(#6044,#6051),.PCURVE_S1.);
#6040 = LINE('',#6041,#6042);
#6041 = CARTESIAN_POINT('',(25.265245580084,-52.09754047829,
    -27.63034409453));
#6042 = VECTOR('',#6043,1.);
#6043 = DIRECTION('',(0.486995617059,-0.392996463048,-0.779992980095));
#6044 = PCURVE('',#3763,#6045);
#6045 = DEFINITIONAL_REPRESENTATION('',(#6046),#6050);
#6046 = LINE('',#6047,#6048);
#6047 = CARTESIAN_POINT('',(2.356194490192,1.221245327088E-14));
#6048 = VECTOR('',#6049,1.);
#6049 = DIRECTION('',(0.,-1.));
#6050 = ( GEOMETRIC_REPRESENTATION_CONTEXT(2) 
PARAMETRIC_REPRESENTATION_CONTEXT() REPRESENTATION_CONTEXT('2D SPACE',''
  ) );
#6051 = PCURVE('',#3791,#6052);
#6052 = DEFINITIONAL_REPRESENTATION('',(#6053),#6057);
#6053 = LINE('',#6054,#6055);
#6054 = CARTESIAN_POINT('',(6.,2.6645352591E-15));
#6055 = VECTOR('',#6056,1.);
#6056 = DIRECTION('',(0.,-1.));
#6057 = ( GEOMETRIC_REPRESENTATION_CONTEXT(2) 
PARAMETRIC_REPRESENTATION_CONTEXT() REPRESENTATION_CONTEXT('2D SPACE',''
  ) );
#6058 = ORIENTED_EDGE('',*,*,#3744,.T.);
#6059 = ORIENTED_EDGE('',*,*,#6060,.F.);
#6060 = EDGE_CURVE('',#6061,#3747,#6063,.T.);
#6061 = VERTEX_POINT('',#6062);
#6062 = CARTESIAN_POINT('',(24.610113973671,-56.04314023958,
    -26.05140612804));
#6063 = SURFACE_CURVE('',#6064,(#6068,#6075),.PCURVE_S1.);
#6064 = LINE('',#6065,#6066);
#6065 = CARTESIAN_POINT('',(24.610113973671,-56.04314023958,
    -26.05140612804));
#6066 = VECTOR('',#6067,1.);
#6067 = DIRECTION('',(0.486995617059,-0.392996463048,-0.779992980095));
#6068 = PCURVE('',#3763,#6069);
#6069 = DEFINITIONAL_REPRESENTATION('',(#6070),#6074);
#6070 = LINE('',#6071,#6072);
#6071 = CARTESIAN_POINT('',(5.497787143782,9.658940314239E-15));
#6072 = VECTOR('',#6073,1.);
#6073 = DIRECTION('',(0.,-1.));
#6074 = ( GEOMETRIC_REPRESENTATION_CONTEXT(2) 
PARAMETRIC_REPRESENTATION_CONTEXT() REPRESENTATION_CONTEXT('2D SPACE',''
  ) );
#6075 = PCURVE('',#3846,#6076);
#6076 = DEFINITIONAL_REPRESENTATION('',(#6077),#6081);
#6077 = LINE('',#6078,#6079);
#6078 = CARTESIAN_POINT('',(0.,0.));
#6079 = VECTOR('',#6080,1.);
#6080 = DIRECTION('',(0.,-1.));
#6081 = ( GEOMETRIC_REPRESENTATION_CONTEXT(2) 
PARAMETRIC_REPRESENTATION_CONTEXT() REPRESENTATION_CONTEXT('2D SPACE',''
  ) );
#6082 = ORIENTED_EDGE('',*,*,#6083,.F.);
#6083 = EDGE_CURVE('',#6037,#6061,#6084,.T.);
#6084 = SURFACE_CURVE('',#6085,(#6090,#6097),.PCURVE_S1.);
#6085 = CIRCLE('',#6086,2.15);
#6086 = AXIS2_PLACEMENT_3D('',#6087,#6088,#6089);
#6087 = CARTESIAN_POINT('',(24.937679776878,-54.07034035893,
    -26.84087511128));
#6088 = DIRECTION('',(-0.486995617059,0.392996463048,0.779992980095));
#6089 = DIRECTION('',(0.798629551001,0.561911249135,0.215514705676));
#6090 = PCURVE('',#3763,#6091);
#6091 = DEFINITIONAL_REPRESENTATION('',(#6092),#6096);
#6092 = LINE('',#6093,#6094);
#6093 = CARTESIAN_POINT('',(1.377540060637,0.));
#6094 = VECTOR('',#6095,1.);
#6095 = DIRECTION('',(1.,0.));
#6096 = ( GEOMETRIC_REPRESENTATION_CONTEXT(2) 
PARAMETRIC_REPRESENTATION_CONTEXT() REPRESENTATION_CONTEXT('2D SPACE',''
  ) );
#6097 = PCURVE('',#4578,#6098);
#6098 = DEFINITIONAL_REPRESENTATION('',(#6099),#6103);
#6099 = CIRCLE('',#6100,2.15);
#6100 = AXIS2_PLACEMENT_2D('',#6101,#6102);
#6101 = CARTESIAN_POINT('',(0.,0.));
#6102 = DIRECTION('',(0.79156988727,0.611078647612));
#6103 = ( GEOMETRIC_REPRESENTATION_CONTEXT(2) 
PARAMETRIC_REPRESENTATION_CONTEXT() REPRESENTATION_CONTEXT('2D SPACE',''
  ) );
#6104 = ADVANCED_FACE('',(#6105),#3791,.F.);
#6105 = FACE_BOUND('',#6106,.F.);
#6106 = EDGE_LOOP('',(#6107,#6130,#6131,#6132));
#6107 = ORIENTED_EDGE('',*,*,#6108,.T.);
#6108 = EDGE_CURVE('',#6109,#3776,#6111,.T.);
#6109 = VERTEX_POINT('',#6110);
#6110 = CARTESIAN_POINT('',(30.425325327436,-51.73762724771,
    -24.58994289281));
#6111 = SURFACE_CURVE('',#6112,(#6116,#6123),.PCURVE_S1.);
#6112 = LINE('',#6113,#6114);
#6113 = CARTESIAN_POINT('',(30.425325327436,-51.73762724771,
    -24.58994289281));
#6114 = VECTOR('',#6115,1.);
#6115 = DIRECTION('',(0.486995617059,-0.392996463048,-0.779992980095));
#6116 = PCURVE('',#3791,#6117);
#6117 = DEFINITIONAL_REPRESENTATION('',(#6118),#6122);
#6118 = LINE('',#6119,#6120);
#6119 = CARTESIAN_POINT('',(-0.,0.));
#6120 = VECTOR('',#6121,1.);
#6121 = DIRECTION('',(0.,-1.));
#6122 = ( GEOMETRIC_REPRESENTATION_CONTEXT(2) 
PARAMETRIC_REPRESENTATION_CONTEXT() REPRESENTATION_CONTEXT('2D SPACE',''
  ) );
#6123 = PCURVE('',#3820,#6124);
#6124 = DEFINITIONAL_REPRESENTATION('',(#6125),#6129);
#6125 = LINE('',#6126,#6127);
#6126 = CARTESIAN_POINT('',(8.639379797372,1.498801083244E-14));
#6127 = VECTOR('',#6128,1.);
#6128 = DIRECTION('',(0.,-1.));
#6129 = ( GEOMETRIC_REPRESENTATION_CONTEXT(2) 
PARAMETRIC_REPRESENTATION_CONTEXT() REPRESENTATION_CONTEXT('2D SPACE',''
  ) );
#6130 = ORIENTED_EDGE('',*,*,#3775,.T.);
#6131 = ORIENTED_EDGE('',*,*,#6036,.F.);
#6132 = ORIENTED_EDGE('',*,*,#6133,.F.);
#6133 = EDGE_CURVE('',#6109,#6037,#6134,.T.);
#6134 = SURFACE_CURVE('',#6135,(#6139,#6146),.PCURVE_S1.);
#6135 = LINE('',#6136,#6137);
#6136 = CARTESIAN_POINT('',(30.425325327436,-51.73762724771,
    -24.58994289281));
#6137 = VECTOR('',#6138,1.);
#6138 = DIRECTION('',(-0.860013291225,-5.99855384299E-02,-0.50673353362)
  );
#6139 = PCURVE('',#3791,#6140);
#6140 = DEFINITIONAL_REPRESENTATION('',(#6141),#6145);
#6141 = LINE('',#6142,#6143);
#6142 = CARTESIAN_POINT('',(-0.,0.));
#6143 = VECTOR('',#6144,1.);
#6144 = DIRECTION('',(1.,-5.551115123126E-17));
#6145 = ( GEOMETRIC_REPRESENTATION_CONTEXT(2) 
PARAMETRIC_REPRESENTATION_CONTEXT() REPRESENTATION_CONTEXT('2D SPACE',''
  ) );
#6146 = PCURVE('',#4578,#6147);
#6147 = DEFINITIONAL_REPRESENTATION('',(#6148),#6152);
#6148 = LINE('',#6149,#6150);
#6149 = CARTESIAN_POINT('',(5.846966126262,2.536826190016));
#6150 = VECTOR('',#6151,1.);
#6151 = DIRECTION('',(-0.997869975164,-6.523429056882E-02));
#6152 = ( GEOMETRIC_REPRESENTATION_CONTEXT(2) 
PARAMETRIC_REPRESENTATION_CONTEXT() REPRESENTATION_CONTEXT('2D SPACE',''
  ) );
#6153 = ADVANCED_FACE('',(#6154),#3846,.F.);
#6154 = FACE_BOUND('',#6155,.F.);
#6155 = EDGE_LOOP('',(#6156,#6157,#6158,#6181));
#6156 = ORIENTED_EDGE('',*,*,#6060,.T.);
#6157 = ORIENTED_EDGE('',*,*,#3832,.T.);
#6158 = ORIENTED_EDGE('',*,*,#6159,.F.);
#6159 = EDGE_CURVE('',#6160,#3804,#6162,.T.);
#6160 = VERTEX_POINT('',#6161);
#6161 = CARTESIAN_POINT('',(29.770193721023,-55.683227009,
    -23.01100492632));
#6162 = SURFACE_CURVE('',#6163,(#6167,#6174),.PCURVE_S1.);
#6163 = LINE('',#6164,#6165);
#6164 = CARTESIAN_POINT('',(29.770193721023,-55.683227009,
    -23.01100492632));
#6165 = VECTOR('',#6166,1.);
#6166 = DIRECTION('',(0.486995617059,-0.392996463048,-0.779992980095));
#6167 = PCURVE('',#3846,#6168);
#6168 = DEFINITIONAL_REPRESENTATION('',(#6169),#6173);
#6169 = LINE('',#6170,#6171);
#6170 = CARTESIAN_POINT('',(6.,-2.6645352591E-15));
#6171 = VECTOR('',#6172,1.);
#6172 = DIRECTION('',(0.,-1.));
#6173 = ( GEOMETRIC_REPRESENTATION_CONTEXT(2) 
PARAMETRIC_REPRESENTATION_CONTEXT() REPRESENTATION_CONTEXT('2D SPACE',''
  ) );
#6174 = PCURVE('',#3820,#6175);
#6175 = DEFINITIONAL_REPRESENTATION('',(#6176),#6180);
#6176 = LINE('',#6177,#6178);
#6177 = CARTESIAN_POINT('',(5.497787143782,1.254552017826E-14));
#6178 = VECTOR('',#6179,1.);
#6179 = DIRECTION('',(0.,-1.));
#6180 = ( GEOMETRIC_REPRESENTATION_CONTEXT(2) 
PARAMETRIC_REPRESENTATION_CONTEXT() REPRESENTATION_CONTEXT('2D SPACE',''
  ) );
#6181 = ORIENTED_EDGE('',*,*,#6182,.F.);
#6182 = EDGE_CURVE('',#6061,#6160,#6183,.T.);
#6183 = SURFACE_CURVE('',#6184,(#6188,#6195),.PCURVE_S1.);
#6184 = LINE('',#6185,#6186);
#6185 = CARTESIAN_POINT('',(24.610113973671,-56.04314023958,
    -26.05140612804));
#6186 = VECTOR('',#6187,1.);
#6187 = DIRECTION('',(0.860013291225,5.99855384299E-02,0.50673353362));
#6188 = PCURVE('',#3846,#6189);
#6189 = DEFINITIONAL_REPRESENTATION('',(#6190),#6194);
#6190 = LINE('',#6191,#6192);
#6191 = CARTESIAN_POINT('',(0.,0.));
#6192 = VECTOR('',#6193,1.);
#6193 = DIRECTION('',(1.,5.551115123126E-17));
#6194 = ( GEOMETRIC_REPRESENTATION_CONTEXT(2) 
PARAMETRIC_REPRESENTATION_CONTEXT() REPRESENTATION_CONTEXT('2D SPACE',''
  ) );
#6195 = PCURVE('',#4578,#6196);
#6196 = DEFINITIONAL_REPRESENTATION('',(#6197),#6201);
#6197 = LINE('',#6198,#6199);
#6198 = CARTESIAN_POINT('',(0.140253724723,-2.145420446603));
#6199 = VECTOR('',#6200,1.);
#6200 = DIRECTION('',(0.997869975164,6.523429056882E-02));
#6201 = ( GEOMETRIC_REPRESENTATION_CONTEXT(2) 
PARAMETRIC_REPRESENTATION_CONTEXT() REPRESENTATION_CONTEXT('2D SPACE',''
  ) );
#6202 = ADVANCED_FACE('',(#6203),#3820,.F.);
#6203 = FACE_BOUND('',#6204,.F.);
#6204 = EDGE_LOOP('',(#6205,#6206,#6207,#6208));
#6205 = ORIENTED_EDGE('',*,*,#6159,.T.);
#6206 = ORIENTED_EDGE('',*,*,#3803,.T.);
#6207 = ORIENTED_EDGE('',*,*,#6108,.F.);
#6208 = ORIENTED_EDGE('',*,*,#6209,.F.);
#6209 = EDGE_CURVE('',#6160,#6109,#6210,.T.);
#6210 = SURFACE_CURVE('',#6211,(#6216,#6223),.PCURVE_S1.);
#6211 = CIRCLE('',#6212,2.15);
#6212 = AXIS2_PLACEMENT_3D('',#6213,#6214,#6215);
#6213 = CARTESIAN_POINT('',(30.097759524229,-53.71042712836,
    -23.80047390956));
#6214 = DIRECTION('',(-0.486995617059,0.392996463048,0.779992980095));
#6215 = DIRECTION('',(-0.798629551001,-0.561911249135,-0.215514705676));
#6216 = PCURVE('',#3820,#6217);
#6217 = DEFINITIONAL_REPRESENTATION('',(#6218),#6222);
#6218 = LINE('',#6219,#6220);
#6219 = CARTESIAN_POINT('',(4.519132714227,0.));
#6220 = VECTOR('',#6221,1.);
#6221 = DIRECTION('',(1.,0.));
#6222 = ( GEOMETRIC_REPRESENTATION_CONTEXT(2) 
PARAMETRIC_REPRESENTATION_CONTEXT() REPRESENTATION_CONTEXT('2D SPACE',''
  ) );
#6223 = PCURVE('',#4578,#6224);
#6224 = DEFINITIONAL_REPRESENTATION('',(#6225),#6229);
#6225 = CIRCLE('',#6226,2.15);
#6226 = AXIS2_PLACEMENT_2D('',#6227,#6228);
#6227 = CARTESIAN_POINT('',(5.987219850985,0.391405743413));
#6228 = DIRECTION('',(-0.79156988727,-0.611078647612));
#6229 = ( GEOMETRIC_REPRESENTATION_CONTEXT(2) 
PARAMETRIC_REPRESENTATION_CONTEXT() REPRESENTATION_CONTEXT('2D SPACE',''
  ) );
#6230 = ADVANCED_FACE('',(#6231),#3878,.F.);
#6231 = FACE_BOUND('',#6232,.F.);
#6232 = EDGE_LOOP('',(#6233,#6256,#6257,#6280));
#6233 = ORIENTED_EDGE('',*,*,#6234,.T.);
#6234 = EDGE_CURVE('',#6235,#3861,#6237,.T.);
#6235 = VERTEX_POINT('',#6236);
#6236 = CARTESIAN_POINT('',(42.920575493695,-73.49368944284,
    -5.826713054795));
#6237 = SURFACE_CURVE('',#6238,(#6242,#6249),.PCURVE_S1.);
#6238 = LINE('',#6239,#6240);
#6239 = CARTESIAN_POINT('',(42.920575493695,-73.49368944284,
    -5.826713054795));
#6240 = VECTOR('',#6241,1.);
#6241 = DIRECTION('',(0.486995617059,-0.392996463048,-0.779992980095));
#6242 = PCURVE('',#3878,#6243);
#6243 = DEFINITIONAL_REPRESENTATION('',(#6244),#6248);
#6244 = LINE('',#6245,#6246);
#6245 = CARTESIAN_POINT('',(0.,0.));
#6246 = VECTOR('',#6247,1.);
#6247 = DIRECTION('',(1.110223024625E-16,-1.));
#6248 = ( GEOMETRIC_REPRESENTATION_CONTEXT(2) 
PARAMETRIC_REPRESENTATION_CONTEXT() REPRESENTATION_CONTEXT('2D SPACE',''
  ) );
#6249 = PCURVE('',#3907,#6250);
#6250 = DEFINITIONAL_REPRESENTATION('',(#6251),#6255);
#6251 = LINE('',#6252,#6253);
#6252 = CARTESIAN_POINT('',(7.068583470577,-1.743050148661E-14));
#6253 = VECTOR('',#6254,1.);
#6254 = DIRECTION('',(0.,-1.));
#6255 = ( GEOMETRIC_REPRESENTATION_CONTEXT(2) 
PARAMETRIC_REPRESENTATION_CONTEXT() REPRESENTATION_CONTEXT('2D SPACE',''
  ) );
#6256 = ORIENTED_EDGE('',*,*,#3860,.T.);
#6257 = ORIENTED_EDGE('',*,*,#6258,.F.);
#6258 = EDGE_CURVE('',#6259,#3863,#6261,.T.);
#6259 = VERTEX_POINT('',#6260);
#6260 = CARTESIAN_POINT('',(43.834712618922,-67.98820140383,
    -8.029882310362));
#6261 = SURFACE_CURVE('',#6262,(#6266,#6273),.PCURVE_S1.);
#6262 = LINE('',#6263,#6264);
#6263 = CARTESIAN_POINT('',(43.834712618922,-67.98820140383,
    -8.029882310362));
#6264 = VECTOR('',#6265,1.);
#6265 = DIRECTION('',(0.486995617059,-0.392996463048,-0.779992980095));
#6266 = PCURVE('',#3878,#6267);
#6267 = DEFINITIONAL_REPRESENTATION('',(#6268),#6272);
#6268 = LINE('',#6269,#6270);
#6269 = CARTESIAN_POINT('',(6.,2.442490654175E-15));
#6270 = VECTOR('',#6271,1.);
#6271 = DIRECTION('',(1.110223024625E-16,-1.));
#6272 = ( GEOMETRIC_REPRESENTATION_CONTEXT(2) 
PARAMETRIC_REPRESENTATION_CONTEXT() REPRESENTATION_CONTEXT('2D SPACE',''
  ) );
#6273 = PCURVE('',#3962,#6274);
#6274 = DEFINITIONAL_REPRESENTATION('',(#6275),#6279);
#6275 = LINE('',#6276,#6277);
#6276 = CARTESIAN_POINT('',(7.068583470577,-1.554312234475E-15));
#6277 = VECTOR('',#6278,1.);
#6278 = DIRECTION('',(0.,-1.));
#6279 = ( GEOMETRIC_REPRESENTATION_CONTEXT(2) 
PARAMETRIC_REPRESENTATION_CONTEXT() REPRESENTATION_CONTEXT('2D SPACE',''
  ) );
#6280 = ORIENTED_EDGE('',*,*,#6281,.F.);
#6281 = EDGE_CURVE('',#6235,#6259,#6282,.T.);
#6282 = SURFACE_CURVE('',#6283,(#6287,#6294),.PCURVE_S1.);
#6283 = LINE('',#6284,#6285);
#6284 = CARTESIAN_POINT('',(42.920575493695,-73.49368944284,
    -5.826713054795));
#6285 = VECTOR('',#6286,1.);
#6286 = DIRECTION('',(0.152356187538,0.917581339834,-0.367194875928));
#6287 = PCURVE('',#3878,#6288);
#6288 = DEFINITIONAL_REPRESENTATION('',(#6289),#6293);
#6289 = LINE('',#6290,#6291);
#6290 = CARTESIAN_POINT('',(0.,0.));
#6291 = VECTOR('',#6292,1.);
#6292 = DIRECTION('',(1.,1.110223024625E-16));
#6293 = ( GEOMETRIC_REPRESENTATION_CONTEXT(2) 
PARAMETRIC_REPRESENTATION_CONTEXT() REPRESENTATION_CONTEXT('2D SPACE',''
  ) );
#6294 = PCURVE('',#4798,#6295);
#6295 = DEFINITIONAL_REPRESENTATION('',(#6296),#6300);
#6296 = LINE('',#6297,#6298);
#6297 = CARTESIAN_POINT('',(2.145420446603,0.140253724723));
#6298 = VECTOR('',#6299,1.);
#6299 = DIRECTION('',(-6.523429056882E-02,0.997869975164));
#6300 = ( GEOMETRIC_REPRESENTATION_CONTEXT(2) 
PARAMETRIC_REPRESENTATION_CONTEXT() REPRESENTATION_CONTEXT('2D SPACE',''
  ) );
#6301 = ADVANCED_FACE('',(#6302),#3907,.F.);
#6302 = FACE_BOUND('',#6303,.F.);
#6303 = EDGE_LOOP('',(#6304,#6327,#6328,#6329));
#6304 = ORIENTED_EDGE('',*,*,#6305,.T.);
#6305 = EDGE_CURVE('',#6306,#3891,#6308,.T.);
#6306 = VERTEX_POINT('',#6307);
#6307 = CARTESIAN_POINT('',(39.222518341426,-73.75162725809,
    -8.005667249362));
#6308 = SURFACE_CURVE('',#6309,(#6313,#6320),.PCURVE_S1.);
#6309 = LINE('',#6310,#6311);
#6310 = CARTESIAN_POINT('',(39.222518341426,-73.75162725809,
    -8.005667249362));
#6311 = VECTOR('',#6312,1.);
#6312 = DIRECTION('',(0.486995617059,-0.392996463048,-0.779992980095));
#6313 = PCURVE('',#3907,#6314);
#6314 = DEFINITIONAL_REPRESENTATION('',(#6315),#6319);
#6315 = LINE('',#6316,#6317);
#6316 = CARTESIAN_POINT('',(3.926990816987,-1.654232306691E-14));
#6317 = VECTOR('',#6318,1.);
#6318 = DIRECTION('',(0.,-1.));
#6319 = ( GEOMETRIC_REPRESENTATION_CONTEXT(2) 
PARAMETRIC_REPRESENTATION_CONTEXT() REPRESENTATION_CONTEXT('2D SPACE',''
  ) );
#6320 = PCURVE('',#3935,#6321);
#6321 = DEFINITIONAL_REPRESENTATION('',(#6322),#6326);
#6322 = LINE('',#6323,#6324);
#6323 = CARTESIAN_POINT('',(6.,-1.7763568394E-15));
#6324 = VECTOR('',#6325,1.);
#6325 = DIRECTION('',(-1.110223024625E-16,-1.));
#6326 = ( GEOMETRIC_REPRESENTATION_CONTEXT(2) 
PARAMETRIC_REPRESENTATION_CONTEXT() REPRESENTATION_CONTEXT('2D SPACE',''
  ) );
#6327 = ORIENTED_EDGE('',*,*,#3890,.T.);
#6328 = ORIENTED_EDGE('',*,*,#6234,.F.);
#6329 = ORIENTED_EDGE('',*,*,#6330,.F.);
#6330 = EDGE_CURVE('',#6306,#6235,#6331,.T.);
#6331 = SURFACE_CURVE('',#6332,(#6337,#6344),.PCURVE_S1.);
#6332 = CIRCLE('',#6333,2.15);
#6333 = AXIS2_PLACEMENT_3D('',#6334,#6335,#6336);
#6334 = CARTESIAN_POINT('',(41.07154691756,-73.62265835046,
    -6.916190152078));
#6335 = DIRECTION('',(-0.486995617059,0.392996463048,0.779992980095));
#6336 = DIRECTION('',(-0.353590312696,0.727880160553,-0.587506904334));
#6337 = PCURVE('',#3907,#6338);
#6338 = DEFINITIONAL_REPRESENTATION('',(#6339),#6343);
#6339 = LINE('',#6340,#6341);
#6340 = CARTESIAN_POINT('',(2.948336387432,0.));
#6341 = VECTOR('',#6342,1.);
#6342 = DIRECTION('',(1.,0.));
#6343 = ( GEOMETRIC_REPRESENTATION_CONTEXT(2) 
PARAMETRIC_REPRESENTATION_CONTEXT() REPRESENTATION_CONTEXT('2D SPACE',''
  ) );
#6344 = PCURVE('',#4798,#6345);
#6345 = DEFINITIONAL_REPRESENTATION('',(#6346),#6350);
#6346 = CIRCLE('',#6347,2.15);
#6347 = AXIS2_PLACEMENT_2D('',#6348,#6349);
#6348 = CARTESIAN_POINT('',(0.,0.));
#6349 = DIRECTION('',(-0.611078647612,0.79156988727));
#6350 = ( GEOMETRIC_REPRESENTATION_CONTEXT(2) 
PARAMETRIC_REPRESENTATION_CONTEXT() REPRESENTATION_CONTEXT('2D SPACE',''
  ) );
#6351 = ADVANCED_FACE('',(#6352),#3962,.F.);
#6352 = FACE_BOUND('',#6353,.F.);
#6353 = EDGE_LOOP('',(#6354,#6355,#6356,#6379));
#6354 = ORIENTED_EDGE('',*,*,#6258,.T.);
#6355 = ORIENTED_EDGE('',*,*,#3947,.T.);
#6356 = ORIENTED_EDGE('',*,*,#6357,.F.);
#6357 = EDGE_CURVE('',#6358,#3920,#6360,.T.);
#6358 = VERTEX_POINT('',#6359);
#6359 = CARTESIAN_POINT('',(40.136655466653,-68.24613921908,
    -10.20883650492));
#6360 = SURFACE_CURVE('',#6361,(#6365,#6372),.PCURVE_S1.);
#6361 = LINE('',#6362,#6363);
#6362 = CARTESIAN_POINT('',(40.136655466653,-68.24613921908,
    -10.20883650492));
#6363 = VECTOR('',#6364,1.);
#6364 = DIRECTION('',(0.486995617059,-0.392996463048,-0.779992980095));
#6365 = PCURVE('',#3962,#6366);
#6366 = DEFINITIONAL_REPRESENTATION('',(#6367),#6371);
#6367 = LINE('',#6368,#6369);
#6368 = CARTESIAN_POINT('',(10.210176124167,-1.221245327088E-15));
#6369 = VECTOR('',#6370,1.);
#6370 = DIRECTION('',(0.,-1.));
#6371 = ( GEOMETRIC_REPRESENTATION_CONTEXT(2) 
PARAMETRIC_REPRESENTATION_CONTEXT() REPRESENTATION_CONTEXT('2D SPACE',''
  ) );
#6372 = PCURVE('',#3935,#6373);
#6373 = DEFINITIONAL_REPRESENTATION('',(#6374),#6378);
#6374 = LINE('',#6375,#6376);
#6375 = CARTESIAN_POINT('',(0.,0.));
#6376 = VECTOR('',#6377,1.);
#6377 = DIRECTION('',(-1.110223024625E-16,-1.));
#6378 = ( GEOMETRIC_REPRESENTATION_CONTEXT(2) 
PARAMETRIC_REPRESENTATION_CONTEXT() REPRESENTATION_CONTEXT('2D SPACE',''
  ) );
#6379 = ORIENTED_EDGE('',*,*,#6380,.F.);
#6380 = EDGE_CURVE('',#6259,#6358,#6381,.T.);
#6381 = SURFACE_CURVE('',#6382,(#6387,#6394),.PCURVE_S1.);
#6382 = CIRCLE('',#6383,2.15);
#6383 = AXIS2_PLACEMENT_3D('',#6384,#6385,#6386);
#6384 = CARTESIAN_POINT('',(41.985684042788,-68.11717031146,
    -9.119359407646));
#6385 = DIRECTION('',(-0.486995617059,0.392996463048,0.779992980095));
#6386 = DIRECTION('',(0.353590312696,-0.727880160553,0.587506904334));
#6387 = PCURVE('',#3962,#6388);
#6388 = DEFINITIONAL_REPRESENTATION('',(#6389),#6393);
#6389 = LINE('',#6390,#6391);
#6390 = CARTESIAN_POINT('',(6.089929041022,0.));
#6391 = VECTOR('',#6392,1.);
#6392 = DIRECTION('',(1.,0.));
#6393 = ( GEOMETRIC_REPRESENTATION_CONTEXT(2) 
PARAMETRIC_REPRESENTATION_CONTEXT() REPRESENTATION_CONTEXT('2D SPACE',''
  ) );
#6394 = PCURVE('',#4798,#6395);
#6395 = DEFINITIONAL_REPRESENTATION('',(#6396),#6400);
#6396 = CIRCLE('',#6397,2.15);
#6397 = AXIS2_PLACEMENT_2D('',#6398,#6399);
#6398 = CARTESIAN_POINT('',(-0.391405743413,5.987219850985));
#6399 = DIRECTION('',(0.611078647612,-0.79156988727));
#6400 = ( GEOMETRIC_REPRESENTATION_CONTEXT(2) 
PARAMETRIC_REPRESENTATION_CONTEXT() REPRESENTATION_CONTEXT('2D SPACE',''
  ) );
#6401 = ADVANCED_FACE('',(#6402),#3935,.F.);
#6402 = FACE_BOUND('',#6403,.F.);
#6403 = EDGE_LOOP('',(#6404,#6405,#6406,#6407));
#6404 = ORIENTED_EDGE('',*,*,#6357,.T.);
#6405 = ORIENTED_EDGE('',*,*,#3919,.T.);
#6406 = ORIENTED_EDGE('',*,*,#6305,.F.);
#6407 = ORIENTED_EDGE('',*,*,#6408,.F.);
#6408 = EDGE_CURVE('',#6358,#6306,#6409,.T.);
#6409 = SURFACE_CURVE('',#6410,(#6414,#6421),.PCURVE_S1.);
#6410 = LINE('',#6411,#6412);
#6411 = CARTESIAN_POINT('',(40.136655466653,-68.24613921908,
    -10.20883650492));
#6412 = VECTOR('',#6413,1.);
#6413 = DIRECTION('',(-0.152356187538,-0.917581339834,0.367194875928));
#6414 = PCURVE('',#3935,#6415);
#6415 = DEFINITIONAL_REPRESENTATION('',(#6416),#6420);
#6416 = LINE('',#6417,#6418);
#6417 = CARTESIAN_POINT('',(0.,0.));
#6418 = VECTOR('',#6419,1.);
#6419 = DIRECTION('',(1.,-1.110223024625E-16));
#6420 = ( GEOMETRIC_REPRESENTATION_CONTEXT(2) 
PARAMETRIC_REPRESENTATION_CONTEXT() REPRESENTATION_CONTEXT('2D SPACE',''
  ) );
#6421 = PCURVE('',#4798,#6422);
#6422 = DEFINITIONAL_REPRESENTATION('',(#6423),#6427);
#6423 = LINE('',#6424,#6425);
#6424 = CARTESIAN_POINT('',(-2.536826190016,5.846966126262));
#6425 = VECTOR('',#6426,1.);
#6426 = DIRECTION('',(6.523429056882E-02,-0.997869975164));
#6427 = ( GEOMETRIC_REPRESENTATION_CONTEXT(2) 
PARAMETRIC_REPRESENTATION_CONTEXT() REPRESENTATION_CONTEXT('2D SPACE',''
  ) );
#6428 = ADVANCED_FACE('',(#6429),#4059,.F.);
#6429 = FACE_BOUND('',#6430,.F.);
#6430 = EDGE_LOOP('',(#6431,#6454,#6455,#6478));
#6431 = ORIENTED_EDGE('',*,*,#6432,.T.);
#6432 = EDGE_CURVE('',#6433,#4042,#6435,.T.);
#6433 = VERTEX_POINT('',#6434);
#6434 = CARTESIAN_POINT('',(48.953572722066,-37.15932213238,
    -20.36688831478));
#6435 = SURFACE_CURVE('',#6436,(#6440,#6447),.PCURVE_S1.);
#6436 = LINE('',#6437,#6438);
#6437 = CARTESIAN_POINT('',(48.953572722066,-37.15932213238,
    -20.36688831478));
#6438 = VECTOR('',#6439,1.);
#6439 = DIRECTION('',(0.486995617059,-0.392996463048,-0.779992980095));
#6440 = PCURVE('',#4059,#6441);
#6441 = DEFINITIONAL_REPRESENTATION('',(#6442),#6446);
#6442 = LINE('',#6443,#6444);
#6443 = CARTESIAN_POINT('',(0.,0.));
#6444 = VECTOR('',#6445,1.);
#6445 = DIRECTION('',(1.110223024625E-16,-1.));
#6446 = ( GEOMETRIC_REPRESENTATION_CONTEXT(2) 
PARAMETRIC_REPRESENTATION_CONTEXT() REPRESENTATION_CONTEXT('2D SPACE',''
  ) );
#6447 = PCURVE('',#4088,#6448);
#6448 = DEFINITIONAL_REPRESENTATION('',(#6449),#6453);
#6449 = LINE('',#6450,#6451);
#6450 = CARTESIAN_POINT('',(7.068583470577,5.551115123126E-16));
#6451 = VECTOR('',#6452,1.);
#6452 = DIRECTION('',(0.,-1.));
#6453 = ( GEOMETRIC_REPRESENTATION_CONTEXT(2) 
PARAMETRIC_REPRESENTATION_CONTEXT() REPRESENTATION_CONTEXT('2D SPACE',''
  ) );
#6454 = ORIENTED_EDGE('',*,*,#4041,.T.);
#6455 = ORIENTED_EDGE('',*,*,#6456,.F.);
#6456 = EDGE_CURVE('',#6457,#4044,#6459,.T.);
#6457 = VERTEX_POINT('',#6458);
#6458 = CARTESIAN_POINT('',(49.867709847293,-31.65383409338,
    -22.57005757035));
#6459 = SURFACE_CURVE('',#6460,(#6464,#6471),.PCURVE_S1.);
#6460 = LINE('',#6461,#6462);
#6461 = CARTESIAN_POINT('',(49.867709847293,-31.65383409338,
    -22.57005757035));
#6462 = VECTOR('',#6463,1.);
#6463 = DIRECTION('',(0.486995617059,-0.392996463048,-0.779992980095));
#6464 = PCURVE('',#4059,#6465);
#6465 = DEFINITIONAL_REPRESENTATION('',(#6466),#6470);
#6466 = LINE('',#6467,#6468);
#6467 = CARTESIAN_POINT('',(6.,1.554312234475E-15));
#6468 = VECTOR('',#6469,1.);
#6469 = DIRECTION('',(1.110223024625E-16,-1.));
#6470 = ( GEOMETRIC_REPRESENTATION_CONTEXT(2) 
PARAMETRIC_REPRESENTATION_CONTEXT() REPRESENTATION_CONTEXT('2D SPACE',''
  ) );
#6471 = PCURVE('',#4143,#6472);
#6472 = DEFINITIONAL_REPRESENTATION('',(#6473),#6477);
#6473 = LINE('',#6474,#6475);
#6474 = CARTESIAN_POINT('',(7.068583470577,-1.554312234475E-15));
#6475 = VECTOR('',#6476,1.);
#6476 = DIRECTION('',(0.,-1.));
#6477 = ( GEOMETRIC_REPRESENTATION_CONTEXT(2) 
PARAMETRIC_REPRESENTATION_CONTEXT() REPRESENTATION_CONTEXT('2D SPACE',''
  ) );
#6478 = ORIENTED_EDGE('',*,*,#6479,.F.);
#6479 = EDGE_CURVE('',#6433,#6457,#6480,.T.);
#6480 = SURFACE_CURVE('',#6481,(#6485,#6492),.PCURVE_S1.);
#6481 = LINE('',#6482,#6483);
#6482 = CARTESIAN_POINT('',(48.953572722066,-37.15932213238,
    -20.36688831478));
#6483 = VECTOR('',#6484,1.);
#6484 = DIRECTION('',(0.152356187538,0.917581339834,-0.367194875928));
#6485 = PCURVE('',#4059,#6486);
#6486 = DEFINITIONAL_REPRESENTATION('',(#6487),#6491);
#6487 = LINE('',#6488,#6489);
#6488 = CARTESIAN_POINT('',(0.,0.));
#6489 = VECTOR('',#6490,1.);
#6490 = DIRECTION('',(1.,1.110223024625E-16));
#6491 = ( GEOMETRIC_REPRESENTATION_CONTEXT(2) 
PARAMETRIC_REPRESENTATION_CONTEXT() REPRESENTATION_CONTEXT('2D SPACE',''
  ) );
#6492 = PCURVE('',#4999,#6493);
#6493 = DEFINITIONAL_REPRESENTATION('',(#6494),#6498);
#6494 = LINE('',#6495,#6496);
#6495 = CARTESIAN_POINT('',(2.145420446603,0.140253724723));
#6496 = VECTOR('',#6497,1.);
#6497 = DIRECTION('',(-6.523429056882E-02,0.997869975164));
#6498 = ( GEOMETRIC_REPRESENTATION_CONTEXT(2) 
PARAMETRIC_REPRESENTATION_CONTEXT() REPRESENTATION_CONTEXT('2D SPACE',''
  ) );
#6499 = ADVANCED_FACE('',(#6500),#4143,.F.);
#6500 = FACE_BOUND('',#6501,.F.);
#6501 = EDGE_LOOP('',(#6502,#6503,#6504,#6527));
#6502 = ORIENTED_EDGE('',*,*,#6456,.T.);
#6503 = ORIENTED_EDGE('',*,*,#4128,.T.);
#6504 = ORIENTED_EDGE('',*,*,#6505,.F.);
#6505 = EDGE_CURVE('',#6506,#4101,#6508,.T.);
#6506 = VERTEX_POINT('',#6507);
#6507 = CARTESIAN_POINT('',(46.169652695025,-31.91177190863,
    -24.74901176492));
#6508 = SURFACE_CURVE('',#6509,(#6513,#6520),.PCURVE_S1.);
#6509 = LINE('',#6510,#6511);
#6510 = CARTESIAN_POINT('',(46.169652695025,-31.91177190863,
    -24.74901176492));
#6511 = VECTOR('',#6512,1.);
#6512 = DIRECTION('',(0.486995617059,-0.392996463048,-0.779992980095));
#6513 = PCURVE('',#4143,#6514);
#6514 = DEFINITIONAL_REPRESENTATION('',(#6515),#6519);
#6515 = LINE('',#6516,#6517);
#6516 = CARTESIAN_POINT('',(10.210176124167,-3.996802888651E-15));
#6517 = VECTOR('',#6518,1.);
#6518 = DIRECTION('',(0.,-1.));
#6519 = ( GEOMETRIC_REPRESENTATION_CONTEXT(2) 
PARAMETRIC_REPRESENTATION_CONTEXT() REPRESENTATION_CONTEXT('2D SPACE',''
  ) );
#6520 = PCURVE('',#4116,#6521);
#6521 = DEFINITIONAL_REPRESENTATION('',(#6522),#6526);
#6522 = LINE('',#6523,#6524);
#6523 = CARTESIAN_POINT('',(0.,0.));
#6524 = VECTOR('',#6525,1.);
#6525 = DIRECTION('',(-1.110223024625E-16,-1.));
#6526 = ( GEOMETRIC_REPRESENTATION_CONTEXT(2) 
PARAMETRIC_REPRESENTATION_CONTEXT() REPRESENTATION_CONTEXT('2D SPACE',''
  ) );
#6527 = ORIENTED_EDGE('',*,*,#6528,.F.);
#6528 = EDGE_CURVE('',#6457,#6506,#6529,.T.);
#6529 = SURFACE_CURVE('',#6530,(#6535,#6542),.PCURVE_S1.);
#6530 = CIRCLE('',#6531,2.15);
#6531 = AXIS2_PLACEMENT_3D('',#6532,#6533,#6534);
#6532 = CARTESIAN_POINT('',(48.018681271159,-31.782803001,
    -23.65953466763));
#6533 = DIRECTION('',(-0.486995617059,0.392996463048,0.779992980095));
#6534 = DIRECTION('',(0.353590312696,-0.727880160553,0.587506904334));
#6535 = PCURVE('',#4143,#6536);
#6536 = DEFINITIONAL_REPRESENTATION('',(#6537),#6541);
#6537 = LINE('',#6538,#6539);
#6538 = CARTESIAN_POINT('',(6.089929041022,0.));
#6539 = VECTOR('',#6540,1.);
#6540 = DIRECTION('',(1.,0.));
#6541 = ( GEOMETRIC_REPRESENTATION_CONTEXT(2) 
PARAMETRIC_REPRESENTATION_CONTEXT() REPRESENTATION_CONTEXT('2D SPACE',''
  ) );
#6542 = PCURVE('',#4999,#6543);
#6543 = DEFINITIONAL_REPRESENTATION('',(#6544),#6548);
#6544 = CIRCLE('',#6545,2.15);
#6545 = AXIS2_PLACEMENT_2D('',#6546,#6547);
#6546 = CARTESIAN_POINT('',(-0.391405743413,5.987219850985));
#6547 = DIRECTION('',(0.611078647612,-0.79156988727));
#6548 = ( GEOMETRIC_REPRESENTATION_CONTEXT(2) 
PARAMETRIC_REPRESENTATION_CONTEXT() REPRESENTATION_CONTEXT('2D SPACE',''
  ) );
#6549 = ADVANCED_FACE('',(#6550),#4116,.F.);
#6550 = FACE_BOUND('',#6551,.F.);
#6551 = EDGE_LOOP('',(#6552,#6553,#6554,#6577));
#6552 = ORIENTED_EDGE('',*,*,#6505,.T.);
#6553 = ORIENTED_EDGE('',*,*,#4100,.T.);
#6554 = ORIENTED_EDGE('',*,*,#6555,.F.);
#6555 = EDGE_CURVE('',#6556,#4072,#6558,.T.);
#6556 = VERTEX_POINT('',#6557);
#6557 = CARTESIAN_POINT('',(45.255515569797,-37.41725994763,
    -22.54584250935));
#6558 = SURFACE_CURVE('',#6559,(#6563,#6570),.PCURVE_S1.);
#6559 = LINE('',#6560,#6561);
#6560 = CARTESIAN_POINT('',(45.255515569797,-37.41725994763,
    -22.54584250935));
#6561 = VECTOR('',#6562,1.);
#6562 = DIRECTION('',(0.486995617059,-0.392996463048,-0.779992980095));
#6563 = PCURVE('',#4116,#6564);
#6564 = DEFINITIONAL_REPRESENTATION('',(#6565),#6569);
#6565 = LINE('',#6566,#6567);
#6566 = CARTESIAN_POINT('',(6.,1.110223024625E-15));
#6567 = VECTOR('',#6568,1.);
#6568 = DIRECTION('',(-1.110223024625E-16,-1.));
#6569 = ( GEOMETRIC_REPRESENTATION_CONTEXT(2) 
PARAMETRIC_REPRESENTATION_CONTEXT() REPRESENTATION_CONTEXT('2D SPACE',''
  ) );
#6570 = PCURVE('',#4088,#6571);
#6571 = DEFINITIONAL_REPRESENTATION('',(#6572),#6576);
#6572 = LINE('',#6573,#6574);
#6573 = CARTESIAN_POINT('',(3.926990816987,7.771561172376E-16));
#6574 = VECTOR('',#6575,1.);
#6575 = DIRECTION('',(0.,-1.));
#6576 = ( GEOMETRIC_REPRESENTATION_CONTEXT(2) 
PARAMETRIC_REPRESENTATION_CONTEXT() REPRESENTATION_CONTEXT('2D SPACE',''
  ) );
#6577 = ORIENTED_EDGE('',*,*,#6578,.F.);
#6578 = EDGE_CURVE('',#6506,#6556,#6579,.T.);
#6579 = SURFACE_CURVE('',#6580,(#6584,#6591),.PCURVE_S1.);
#6580 = LINE('',#6581,#6582);
#6581 = CARTESIAN_POINT('',(46.169652695025,-31.91177190863,
    -24.74901176492));
#6582 = VECTOR('',#6583,1.);
#6583 = DIRECTION('',(-0.152356187538,-0.917581339834,0.367194875928));
#6584 = PCURVE('',#4116,#6585);
#6585 = DEFINITIONAL_REPRESENTATION('',(#6586),#6590);
#6586 = LINE('',#6587,#6588);
#6587 = CARTESIAN_POINT('',(0.,0.));
#6588 = VECTOR('',#6589,1.);
#6589 = DIRECTION('',(1.,-1.110223024625E-16));
#6590 = ( GEOMETRIC_REPRESENTATION_CONTEXT(2) 
PARAMETRIC_REPRESENTATION_CONTEXT() REPRESENTATION_CONTEXT('2D SPACE',''
  ) );
#6591 = PCURVE('',#4999,#6592);
#6592 = DEFINITIONAL_REPRESENTATION('',(#6593),#6597);
#6593 = LINE('',#6594,#6595);
#6594 = CARTESIAN_POINT('',(-2.536826190016,5.846966126262));
#6595 = VECTOR('',#6596,1.);
#6596 = DIRECTION('',(6.523429056882E-02,-0.997869975164));
#6597 = ( GEOMETRIC_REPRESENTATION_CONTEXT(2) 
PARAMETRIC_REPRESENTATION_CONTEXT() REPRESENTATION_CONTEXT('2D SPACE',''
  ) );
#6598 = ADVANCED_FACE('',(#6599),#4088,.F.);
#6599 = FACE_BOUND('',#6600,.F.);
#6600 = EDGE_LOOP('',(#6601,#6602,#6603,#6604));
#6601 = ORIENTED_EDGE('',*,*,#6555,.T.);
#6602 = ORIENTED_EDGE('',*,*,#4071,.T.);
#6603 = ORIENTED_EDGE('',*,*,#6432,.F.);
#6604 = ORIENTED_EDGE('',*,*,#6605,.F.);
#6605 = EDGE_CURVE('',#6556,#6433,#6606,.T.);
#6606 = SURFACE_CURVE('',#6607,(#6612,#6619),.PCURVE_S1.);
#6607 = CIRCLE('',#6608,2.15);
#6608 = AXIS2_PLACEMENT_3D('',#6609,#6610,#6611);
#6609 = CARTESIAN_POINT('',(47.104544145932,-37.28829104,-21.45636541206
    ));
#6610 = DIRECTION('',(-0.486995617059,0.392996463048,0.779992980095));
#6611 = DIRECTION('',(-0.353590312696,0.727880160553,-0.587506904334));
#6612 = PCURVE('',#4088,#6613);
#6613 = DEFINITIONAL_REPRESENTATION('',(#6614),#6618);
#6614 = LINE('',#6615,#6616);
#6615 = CARTESIAN_POINT('',(2.948336387432,0.));
#6616 = VECTOR('',#6617,1.);
#6617 = DIRECTION('',(1.,0.));
#6618 = ( GEOMETRIC_REPRESENTATION_CONTEXT(2) 
PARAMETRIC_REPRESENTATION_CONTEXT() REPRESENTATION_CONTEXT('2D SPACE',''
  ) );
#6619 = PCURVE('',#4999,#6620);
#6620 = DEFINITIONAL_REPRESENTATION('',(#6621),#6625);
#6621 = CIRCLE('',#6622,2.15);
#6622 = AXIS2_PLACEMENT_2D('',#6623,#6624);
#6623 = CARTESIAN_POINT('',(-6.027126131499E-15,-1.478881174019E-15));
#6624 = DIRECTION('',(-0.611078647612,0.79156988727));
#6625 = ( GEOMETRIC_REPRESENTATION_CONTEXT(2) 
PARAMETRIC_REPRESENTATION_CONTEXT() REPRESENTATION_CONTEXT('2D SPACE',''
  ) );
#6626 = ADVANCED_FACE('',(#6627),#4176,.F.);
#6627 = FACE_BOUND('',#6628,.F.);
#6628 = EDGE_LOOP('',(#6629,#6652,#6653,#6676));
#6629 = ORIENTED_EDGE('',*,*,#6630,.T.);
#6630 = EDGE_CURVE('',#6631,#4158,#6633,.T.);
#6631 = VERTEX_POINT('',#6632);
#6632 = CARTESIAN_POINT('',(59.320034467697,-49.72223434246,
    -7.564719893394));
#6633 = SURFACE_CURVE('',#6634,(#6638,#6645),.PCURVE_S1.);
#6634 = LINE('',#6635,#6636);
#6635 = CARTESIAN_POINT('',(59.320034467697,-49.72223434246,
    -7.564719893394));
#6636 = VECTOR('',#6637,1.);
#6637 = DIRECTION('',(0.486995617059,-0.392996463048,-0.779992980095));
#6638 = PCURVE('',#4176,#6639);
#6639 = DEFINITIONAL_REPRESENTATION('',(#6640),#6644);
#6640 = LINE('',#6641,#6642);
#6641 = CARTESIAN_POINT('',(2.356194490192,-2.22044604925E-16));
#6642 = VECTOR('',#6643,1.);
#6643 = DIRECTION('',(0.,-1.));
#6644 = ( GEOMETRIC_REPRESENTATION_CONTEXT(2) 
PARAMETRIC_REPRESENTATION_CONTEXT() REPRESENTATION_CONTEXT('2D SPACE',''
  ) );
#6645 = PCURVE('',#4204,#6646);
#6646 = DEFINITIONAL_REPRESENTATION('',(#6647),#6651);
#6647 = LINE('',#6648,#6649);
#6648 = CARTESIAN_POINT('',(6.,-2.22044604925E-15));
#6649 = VECTOR('',#6650,1.);
#6650 = DIRECTION('',(0.,-1.));
#6651 = ( GEOMETRIC_REPRESENTATION_CONTEXT(2) 
PARAMETRIC_REPRESENTATION_CONTEXT() REPRESENTATION_CONTEXT('2D SPACE',''
  ) );
#6652 = ORIENTED_EDGE('',*,*,#4157,.T.);
#6653 = ORIENTED_EDGE('',*,*,#6654,.F.);
#6654 = EDGE_CURVE('',#6655,#4160,#6657,.T.);
#6655 = VERTEX_POINT('',#6656);
#6656 = CARTESIAN_POINT('',(58.664902861284,-53.66783410375,
    -5.985781926904));
#6657 = SURFACE_CURVE('',#6658,(#6662,#6669),.PCURVE_S1.);
#6658 = LINE('',#6659,#6660);
#6659 = CARTESIAN_POINT('',(58.664902861284,-53.66783410375,
    -5.985781926904));
#6660 = VECTOR('',#6661,1.);
#6661 = DIRECTION('',(0.486995617059,-0.392996463048,-0.779992980095));
#6662 = PCURVE('',#4176,#6663);
#6663 = DEFINITIONAL_REPRESENTATION('',(#6664),#6668);
#6664 = LINE('',#6665,#6666);
#6665 = CARTESIAN_POINT('',(5.497787143782,-9.992007221626E-16));
#6666 = VECTOR('',#6667,1.);
#6667 = DIRECTION('',(0.,-1.));
#6668 = ( GEOMETRIC_REPRESENTATION_CONTEXT(2) 
PARAMETRIC_REPRESENTATION_CONTEXT() REPRESENTATION_CONTEXT('2D SPACE',''
  ) );
#6669 = PCURVE('',#4259,#6670);
#6670 = DEFINITIONAL_REPRESENTATION('',(#6671),#6675);
#6671 = LINE('',#6672,#6673);
#6672 = CARTESIAN_POINT('',(0.,0.));
#6673 = VECTOR('',#6674,1.);
#6674 = DIRECTION('',(0.,-1.));
#6675 = ( GEOMETRIC_REPRESENTATION_CONTEXT(2) 
PARAMETRIC_REPRESENTATION_CONTEXT() REPRESENTATION_CONTEXT('2D SPACE',''
  ) );
#6676 = ORIENTED_EDGE('',*,*,#6677,.F.);
#6677 = EDGE_CURVE('',#6631,#6655,#6678,.T.);
#6678 = SURFACE_CURVE('',#6679,(#6684,#6691),.PCURVE_S1.);
#6679 = CIRCLE('',#6680,2.15);
#6680 = AXIS2_PLACEMENT_3D('',#6681,#6682,#6683);
#6681 = CARTESIAN_POINT('',(58.99246866449,-51.69503422311,
    -6.775250910149));
#6682 = DIRECTION('',(-0.486995617059,0.392996463048,0.779992980095));
#6683 = DIRECTION('',(0.798629551001,0.561911249135,0.215514705676));
#6684 = PCURVE('',#4176,#6685);
#6685 = DEFINITIONAL_REPRESENTATION('',(#6686),#6690);
#6686 = LINE('',#6687,#6688);
#6687 = CARTESIAN_POINT('',(1.377540060637,0.));
#6688 = VECTOR('',#6689,1.);
#6689 = DIRECTION('',(1.,0.));
#6690 = ( GEOMETRIC_REPRESENTATION_CONTEXT(2) 
PARAMETRIC_REPRESENTATION_CONTEXT() REPRESENTATION_CONTEXT('2D SPACE',''
  ) );
#6691 = PCURVE('',#5181,#6692);
#6692 = DEFINITIONAL_REPRESENTATION('',(#6693),#6697);
#6693 = CIRCLE('',#6694,2.15);
#6694 = AXIS2_PLACEMENT_2D('',#6695,#6696);
#6695 = CARTESIAN_POINT('',(0.,0.));
#6696 = DIRECTION('',(0.79156988727,0.611078647612));
#6697 = ( GEOMETRIC_REPRESENTATION_CONTEXT(2) 
PARAMETRIC_REPRESENTATION_CONTEXT() REPRESENTATION_CONTEXT('2D SPACE',''
  ) );
#6698 = ADVANCED_FACE('',(#6699),#4204,.F.);
#6699 = FACE_BOUND('',#6700,.F.);
#6700 = EDGE_LOOP('',(#6701,#6724,#6725,#6726));
#6701 = ORIENTED_EDGE('',*,*,#6702,.T.);
#6702 = EDGE_CURVE('',#6703,#4189,#6705,.T.);
#6703 = VERTEX_POINT('',#6704);
#6704 = CARTESIAN_POINT('',(64.480114215048,-49.36232111189,
    -4.524318691673));
#6705 = SURFACE_CURVE('',#6706,(#6710,#6717),.PCURVE_S1.);
#6706 = LINE('',#6707,#6708);
#6707 = CARTESIAN_POINT('',(64.480114215048,-49.36232111189,
    -4.524318691673));
#6708 = VECTOR('',#6709,1.);
#6709 = DIRECTION('',(0.486995617059,-0.392996463048,-0.779992980095));
#6710 = PCURVE('',#4204,#6711);
#6711 = DEFINITIONAL_REPRESENTATION('',(#6712),#6716);
#6712 = LINE('',#6713,#6714);
#6713 = CARTESIAN_POINT('',(-0.,0.));
#6714 = VECTOR('',#6715,1.);
#6715 = DIRECTION('',(0.,-1.));
#6716 = ( GEOMETRIC_REPRESENTATION_CONTEXT(2) 
PARAMETRIC_REPRESENTATION_CONTEXT() REPRESENTATION_CONTEXT('2D SPACE',''
  ) );
#6717 = PCURVE('',#4233,#6718);
#6718 = DEFINITIONAL_REPRESENTATION('',(#6719),#6723);
#6719 = LINE('',#6720,#6721);
#6720 = CARTESIAN_POINT('',(8.639379797372,9.436895709314E-15));
#6721 = VECTOR('',#6722,1.);
#6722 = DIRECTION('',(0.,-1.));
#6723 = ( GEOMETRIC_REPRESENTATION_CONTEXT(2) 
PARAMETRIC_REPRESENTATION_CONTEXT() REPRESENTATION_CONTEXT('2D SPACE',''
  ) );
#6724 = ORIENTED_EDGE('',*,*,#4188,.T.);
#6725 = ORIENTED_EDGE('',*,*,#6630,.F.);
#6726 = ORIENTED_EDGE('',*,*,#6727,.F.);
#6727 = EDGE_CURVE('',#6703,#6631,#6728,.T.);
#6728 = SURFACE_CURVE('',#6729,(#6733,#6740),.PCURVE_S1.);
#6729 = LINE('',#6730,#6731);
#6730 = CARTESIAN_POINT('',(64.480114215048,-49.36232111189,
    -4.524318691673));
#6731 = VECTOR('',#6732,1.);
#6732 = DIRECTION('',(-0.860013291225,-5.99855384299E-02,-0.50673353362)
  );
#6733 = PCURVE('',#4204,#6734);
#6734 = DEFINITIONAL_REPRESENTATION('',(#6735),#6739);
#6735 = LINE('',#6736,#6737);
#6736 = CARTESIAN_POINT('',(-0.,0.));
#6737 = VECTOR('',#6738,1.);
#6738 = DIRECTION('',(1.,-5.551115123126E-17));
#6739 = ( GEOMETRIC_REPRESENTATION_CONTEXT(2) 
PARAMETRIC_REPRESENTATION_CONTEXT() REPRESENTATION_CONTEXT('2D SPACE',''
  ) );
#6740 = PCURVE('',#5181,#6741);
#6741 = DEFINITIONAL_REPRESENTATION('',(#6742),#6746);
#6742 = LINE('',#6743,#6744);
#6743 = CARTESIAN_POINT('',(5.846966126262,2.536826190016));
#6744 = VECTOR('',#6745,1.);
#6745 = DIRECTION('',(-0.997869975164,-6.523429056882E-02));
#6746 = ( GEOMETRIC_REPRESENTATION_CONTEXT(2) 
PARAMETRIC_REPRESENTATION_CONTEXT() REPRESENTATION_CONTEXT('2D SPACE',''
  ) );
#6747 = ADVANCED_FACE('',(#6748),#4259,.F.);
#6748 = FACE_BOUND('',#6749,.F.);
#6749 = EDGE_LOOP('',(#6750,#6751,#6752,#6775));
#6750 = ORIENTED_EDGE('',*,*,#6654,.T.);
#6751 = ORIENTED_EDGE('',*,*,#4245,.T.);
#6752 = ORIENTED_EDGE('',*,*,#6753,.F.);
#6753 = EDGE_CURVE('',#6754,#4217,#6756,.T.);
#6754 = VERTEX_POINT('',#6755);
#6755 = CARTESIAN_POINT('',(63.824982608635,-53.30792087317,
    -2.945380725183));
#6756 = SURFACE_CURVE('',#6757,(#6761,#6768),.PCURVE_S1.);
#6757 = LINE('',#6758,#6759);
#6758 = CARTESIAN_POINT('',(63.824982608635,-53.30792087317,
    -2.945380725183));
#6759 = VECTOR('',#6760,1.);
#6760 = DIRECTION('',(0.486995617059,-0.392996463048,-0.779992980095));
#6761 = PCURVE('',#4259,#6762);
#6762 = DEFINITIONAL_REPRESENTATION('',(#6763),#6767);
#6763 = LINE('',#6764,#6765);
#6764 = CARTESIAN_POINT('',(6.,4.884981308351E-15));
#6765 = VECTOR('',#6766,1.);
#6766 = DIRECTION('',(0.,-1.));
#6767 = ( GEOMETRIC_REPRESENTATION_CONTEXT(2) 
PARAMETRIC_REPRESENTATION_CONTEXT() REPRESENTATION_CONTEXT('2D SPACE',''
  ) );
#6768 = PCURVE('',#4233,#6769);
#6769 = DEFINITIONAL_REPRESENTATION('',(#6770),#6774);
#6770 = LINE('',#6771,#6772);
#6771 = CARTESIAN_POINT('',(5.497787143782,1.176836406103E-14));
#6772 = VECTOR('',#6773,1.);
#6773 = DIRECTION('',(0.,-1.));
#6774 = ( GEOMETRIC_REPRESENTATION_CONTEXT(2) 
PARAMETRIC_REPRESENTATION_CONTEXT() REPRESENTATION_CONTEXT('2D SPACE',''
  ) );
#6775 = ORIENTED_EDGE('',*,*,#6776,.F.);
#6776 = EDGE_CURVE('',#6655,#6754,#6777,.T.);
#6777 = SURFACE_CURVE('',#6778,(#6782,#6789),.PCURVE_S1.);
#6778 = LINE('',#6779,#6780);
#6779 = CARTESIAN_POINT('',(58.664902861284,-53.66783410375,
    -5.985781926904));
#6780 = VECTOR('',#6781,1.);
#6781 = DIRECTION('',(0.860013291225,5.99855384299E-02,0.50673353362));
#6782 = PCURVE('',#4259,#6783);
#6783 = DEFINITIONAL_REPRESENTATION('',(#6784),#6788);
#6784 = LINE('',#6785,#6786);
#6785 = CARTESIAN_POINT('',(0.,0.));
#6786 = VECTOR('',#6787,1.);
#6787 = DIRECTION('',(1.,5.551115123126E-17));
#6788 = ( GEOMETRIC_REPRESENTATION_CONTEXT(2) 
PARAMETRIC_REPRESENTATION_CONTEXT() REPRESENTATION_CONTEXT('2D SPACE',''
  ) );
#6789 = PCURVE('',#5181,#6790);
#6790 = DEFINITIONAL_REPRESENTATION('',(#6791),#6795);
#6791 = LINE('',#6792,#6793);
#6792 = CARTESIAN_POINT('',(0.140253724723,-2.145420446603));
#6793 = VECTOR('',#6794,1.);
#6794 = DIRECTION('',(0.997869975164,6.523429056882E-02));
#6795 = ( GEOMETRIC_REPRESENTATION_CONTEXT(2) 
PARAMETRIC_REPRESENTATION_CONTEXT() REPRESENTATION_CONTEXT('2D SPACE',''
  ) );
#6796 = ADVANCED_FACE('',(#6797),#4233,.F.);
#6797 = FACE_BOUND('',#6798,.F.);
#6798 = EDGE_LOOP('',(#6799,#6800,#6801,#6802));
#6799 = ORIENTED_EDGE('',*,*,#6753,.T.);
#6800 = ORIENTED_EDGE('',*,*,#4216,.T.);
#6801 = ORIENTED_EDGE('',*,*,#6702,.F.);
#6802 = ORIENTED_EDGE('',*,*,#6803,.F.);
#6803 = EDGE_CURVE('',#6754,#6703,#6804,.T.);
#6804 = SURFACE_CURVE('',#6805,(#6810,#6817),.PCURVE_S1.);
#6805 = CIRCLE('',#6806,2.15);
#6806 = AXIS2_PLACEMENT_3D('',#6807,#6808,#6809);
#6807 = CARTESIAN_POINT('',(64.152548411842,-51.33512099253,
    -3.734849708428));
#6808 = DIRECTION('',(-0.486995617059,0.392996463048,0.779992980095));
#6809 = DIRECTION('',(-0.798629551001,-0.561911249135,-0.215514705676));
#6810 = PCURVE('',#4233,#6811);
#6811 = DEFINITIONAL_REPRESENTATION('',(#6812),#6816);
#6812 = LINE('',#6813,#6814);
#6813 = CARTESIAN_POINT('',(4.519132714227,0.));
#6814 = VECTOR('',#6815,1.);
#6815 = DIRECTION('',(1.,0.));
#6816 = ( GEOMETRIC_REPRESENTATION_CONTEXT(2) 
PARAMETRIC_REPRESENTATION_CONTEXT() REPRESENTATION_CONTEXT('2D SPACE',''
  ) );
#6817 = PCURVE('',#5181,#6818);
#6818 = DEFINITIONAL_REPRESENTATION('',(#6819),#6823);
#6819 = CIRCLE('',#6820,2.15);
#6820 = AXIS2_PLACEMENT_2D('',#6821,#6822);
#6821 = CARTESIAN_POINT('',(5.987219850985,0.391405743413));
#6822 = DIRECTION('',(-0.79156988727,-0.611078647612));
#6823 = ( GEOMETRIC_REPRESENTATION_CONTEXT(2) 
PARAMETRIC_REPRESENTATION_CONTEXT() REPRESENTATION_CONTEXT('2D SPACE',''
  ) );
#6824 = ADVANCED_FACE('',(#6825),#4334,.T.);
#6825 = FACE_BOUND('',#6826,.T.);
#6826 = EDGE_LOOP('',(#6827,#6828,#6829));
#6827 = ORIENTED_EDGE('',*,*,#4320,.T.);
#6828 = ORIENTED_EDGE('',*,*,#4395,.T.);
#6829 = ORIENTED_EDGE('',*,*,#4372,.T.);
#6830 = ADVANCED_FACE('',(#6831,#6837),#4578,.F.);
#6831 = FACE_BOUND('',#6832,.F.);
#6832 = EDGE_LOOP('',(#6833,#6834,#6835,#6836));
#6833 = ORIENTED_EDGE('',*,*,#4561,.F.);
#6834 = ORIENTED_EDGE('',*,*,#4637,.T.);
#6835 = ORIENTED_EDGE('',*,*,#4684,.F.);
#6836 = ORIENTED_EDGE('',*,*,#4713,.T.);
#6837 = FACE_BOUND('',#6838,.F.);
#6838 = EDGE_LOOP('',(#6839,#6840,#6841,#6842));
#6839 = ORIENTED_EDGE('',*,*,#6083,.T.);
#6840 = ORIENTED_EDGE('',*,*,#6182,.T.);
#6841 = ORIENTED_EDGE('',*,*,#6209,.T.);
#6842 = ORIENTED_EDGE('',*,*,#6133,.T.);
#6843 = ADVANCED_FACE('',(#6844,#6850),#4798,.F.);
#6844 = FACE_BOUND('',#6845,.F.);
#6845 = EDGE_LOOP('',(#6846,#6847,#6848,#6849));
#6846 = ORIENTED_EDGE('',*,*,#4783,.F.);
#6847 = ORIENTED_EDGE('',*,*,#4837,.T.);
#6848 = ORIENTED_EDGE('',*,*,#4886,.F.);
#6849 = ORIENTED_EDGE('',*,*,#4914,.T.);
#6850 = FACE_BOUND('',#6851,.F.);
#6851 = EDGE_LOOP('',(#6852,#6853,#6854,#6855));
#6852 = ORIENTED_EDGE('',*,*,#6330,.T.);
#6853 = ORIENTED_EDGE('',*,*,#6281,.T.);
#6854 = ORIENTED_EDGE('',*,*,#6380,.T.);
#6855 = ORIENTED_EDGE('',*,*,#6408,.T.);
#6856 = ADVANCED_FACE('',(#6857,#6863),#4999,.F.);
#6857 = FACE_BOUND('',#6858,.F.);
#6858 = EDGE_LOOP('',(#6859,#6860,#6861,#6862));
#6859 = ORIENTED_EDGE('',*,*,#4984,.F.);
#6860 = ORIENTED_EDGE('',*,*,#5038,.T.);
#6861 = ORIENTED_EDGE('',*,*,#5087,.F.);
#6862 = ORIENTED_EDGE('',*,*,#5115,.T.);
#6863 = FACE_BOUND('',#6864,.F.);
#6864 = EDGE_LOOP('',(#6865,#6866,#6867,#6868));
#6865 = ORIENTED_EDGE('',*,*,#6605,.T.);
#6866 = ORIENTED_EDGE('',*,*,#6479,.T.);
#6867 = ORIENTED_EDGE('',*,*,#6528,.T.);
#6868 = ORIENTED_EDGE('',*,*,#6578,.T.);
#6869 = ADVANCED_FACE('',(#6870,#6876),#5181,.F.);
#6870 = FACE_BOUND('',#6871,.F.);
#6871 = EDGE_LOOP('',(#6872,#6873,#6874,#6875));
#6872 = ORIENTED_EDGE('',*,*,#5164,.F.);
#6873 = ORIENTED_EDGE('',*,*,#5240,.T.);
#6874 = ORIENTED_EDGE('',*,*,#5287,.F.);
#6875 = ORIENTED_EDGE('',*,*,#5316,.T.);
#6876 = FACE_BOUND('',#6877,.F.);
#6877 = EDGE_LOOP('',(#6878,#6879,#6880,#6881));
#6878 = ORIENTED_EDGE('',*,*,#6677,.T.);
#6879 = ORIENTED_EDGE('',*,*,#6776,.T.);
#6880 = ORIENTED_EDGE('',*,*,#6803,.T.);
#6881 = ORIENTED_EDGE('',*,*,#6727,.T.);
#6882 = ADVANCED_FACE('',(#6883),#5538,.F.);
#6883 = FACE_BOUND('',#6884,.F.);
#6884 = EDGE_LOOP('',(#6885,#6886,#6887));
#6885 = ORIENTED_EDGE('',*,*,#5983,.T.);
#6886 = ORIENTED_EDGE('',*,*,#5717,.T.);
#6887 = ORIENTED_EDGE('',*,*,#5523,.F.);
#6888 = ADVANCED_FACE('',(#6889),#5467,.T.);
#6889 = FACE_BOUND('',#6890,.T.);
#6890 = EDGE_LOOP('',(#6891,#6892,#6893,#6894));
#6891 = ORIENTED_EDGE('',*,*,#5451,.F.);
#6892 = ORIENTED_EDGE('',*,*,#6012,.T.);
#6893 = ORIENTED_EDGE('',*,*,#5669,.T.);
#6894 = ORIENTED_EDGE('',*,*,#6895,.F.);
#6895 = EDGE_CURVE('',#5424,#5647,#6896,.T.);
#6896 = SURFACE_CURVE('',#6897,(#6901,#6908),.PCURVE_S1.);
#6897 = LINE('',#6898,#6899);
#6898 = CARTESIAN_POINT('',(70.,-29.,38.));
#6899 = VECTOR('',#6900,1.);
#6900 = DIRECTION('',(0.,1.,0.));
#6901 = PCURVE('',#5467,#6902);
#6902 = DEFINITIONAL_REPRESENTATION('',(#6903),#6907);
#6903 = LINE('',#6904,#6905);
#6904 = CARTESIAN_POINT('',(12.,0.));
#6905 = VECTOR('',#6906,1.);
#6906 = DIRECTION('',(0.,-1.));
#6907 = ( GEOMETRIC_REPRESENTATION_CONTEXT(2) 
PARAMETRIC_REPRESENTATION_CONTEXT() REPRESENTATION_CONTEXT('2D SPACE',''
  ) );
#6908 = PCURVE('',#5439,#6909);
#6909 = DEFINITIONAL_REPRESENTATION('',(#6910),#6914);
#6910 = LINE('',#6911,#6912);
#6911 = CARTESIAN_POINT('',(18.,0.));
#6912 = VECTOR('',#6913,1.);
#6913 = DIRECTION('',(0.,1.));
#6914 = ( GEOMETRIC_REPRESENTATION_CONTEXT(2) 
PARAMETRIC_REPRESENTATION_CONTEXT() REPRESENTATION_CONTEXT('2D SPACE',''
  ) );
#6915 = ADVANCED_FACE('',(#6916),#5439,.T.);
#6916 = FACE_BOUND('',#6917,.T.);
#6917 = EDGE_LOOP('',(#6918,#6939,#6940,#6941));
#6918 = ORIENTED_EDGE('',*,*,#6919,.F.);
#6919 = EDGE_CURVE('',#5396,#5624,#6920,.T.);
#6920 = SURFACE_CURVE('',#6921,(#6925,#6932),.PCURVE_S1.);
#6921 = LINE('',#6922,#6923);
#6922 = CARTESIAN_POINT('',(52.,-29.,38.));
#6923 = VECTOR('',#6924,1.);
#6924 = DIRECTION('',(0.,1.,0.));
#6925 = PCURVE('',#5439,#6926);
#6926 = DEFINITIONAL_REPRESENTATION('',(#6927),#6931);
#6927 = LINE('',#6928,#6929);
#6928 = CARTESIAN_POINT('',(0.,0.));
#6929 = VECTOR('',#6930,1.);
#6930 = DIRECTION('',(0.,1.));
#6931 = ( GEOMETRIC_REPRESENTATION_CONTEXT(2) 
PARAMETRIC_REPRESENTATION_CONTEXT() REPRESENTATION_CONTEXT('2D SPACE',''
  ) );
#6932 = PCURVE('',#5411,#6933);
#6933 = DEFINITIONAL_REPRESENTATION('',(#6934),#6938);
#6934 = LINE('',#6935,#6936);
#6935 = CARTESIAN_POINT('',(12.,0.));
#6936 = VECTOR('',#6937,1.);
#6937 = DIRECTION('',(0.,-1.));
#6938 = ( GEOMETRIC_REPRESENTATION_CONTEXT(2) 
PARAMETRIC_REPRESENTATION_CONTEXT() REPRESENTATION_CONTEXT('2D SPACE',''
  ) );
#6939 = ORIENTED_EDGE('',*,*,#5423,.T.);
#6940 = ORIENTED_EDGE('',*,*,#6895,.T.);
#6941 = ORIENTED_EDGE('',*,*,#5646,.F.);
#6942 = ADVANCED_FACE('',(#6943),#5411,.F.);
#6943 = FACE_BOUND('',#6944,.F.);
#6944 = EDGE_LOOP('',(#6945,#6946,#6947,#6948));
#6945 = ORIENTED_EDGE('',*,*,#5395,.F.);
#6946 = ORIENTED_EDGE('',*,*,#5595,.T.);
#6947 = ORIENTED_EDGE('',*,*,#5623,.T.);
#6948 = ORIENTED_EDGE('',*,*,#6919,.F.);
#6949 = ADVANCED_FACE('',(#6950),#5856,.F.);
#6950 = FACE_BOUND('',#6951,.F.);
#6951 = EDGE_LOOP('',(#6952,#6977,#6998,#6999,#7000));
#6952 = ORIENTED_EDGE('',*,*,#6953,.F.);
#6953 = EDGE_CURVE('',#6954,#6956,#6958,.T.);
#6954 = VERTEX_POINT('',#6955);
#6955 = CARTESIAN_POINT('',(66.037205112266,-45.80715189835,
    22.146430600174));
#6956 = VERTEX_POINT('',#6957);
#6957 = CARTESIAN_POINT('',(57.743884951023,-51.62593635474,
    26.431589658263));
#6958 = SURFACE_CURVE('',#6959,(#6963,#6970),.PCURVE_S1.);
#6959 = LINE('',#6960,#6961);
#6960 = CARTESIAN_POINT('',(66.037205112266,-45.80715189835,
    22.146430600174));
#6961 = VECTOR('',#6962,1.);
#6962 = DIRECTION('',(-0.753938196477,-0.528980405127,0.389559914372));
#6963 = PCURVE('',#5856,#6964);
#6964 = DEFINITIONAL_REPRESENTATION('',(#6965),#6969);
#6965 = LINE('',#6966,#6967);
#6966 = CARTESIAN_POINT('',(0.,0.));
#6967 = VECTOR('',#6968,1.);
#6968 = DIRECTION('',(1.,5.551115123126E-17));
#6969 = ( GEOMETRIC_REPRESENTATION_CONTEXT(2) 
PARAMETRIC_REPRESENTATION_CONTEXT() REPRESENTATION_CONTEXT('2D SPACE',''
  ) );
#6970 = PCURVE('',#5778,#6971);
#6971 = DEFINITIONAL_REPRESENTATION('',(#6972),#6976);
#6972 = LINE('',#6973,#6974);
#6973 = CARTESIAN_POINT('',(-8.418634639713,-2.894234061548));
#6974 = VECTOR('',#6975,1.);
#6975 = DIRECTION('',(0.839900680748,-0.542740127943));
#6976 = ( GEOMETRIC_REPRESENTATION_CONTEXT(2) 
PARAMETRIC_REPRESENTATION_CONTEXT() REPRESENTATION_CONTEXT('2D SPACE',''
  ) );
#6977 = ORIENTED_EDGE('',*,*,#6978,.T.);
#6978 = EDGE_CURVE('',#6954,#5917,#6979,.T.);
#6979 = SURFACE_CURVE('',#6980,(#6984,#6991),.PCURVE_S1.);
#6980 = LINE('',#6981,#6982);
#6981 = CARTESIAN_POINT('',(66.037205112266,-45.80715189835,
    22.146430600174));
#6982 = VECTOR('',#6983,1.);
#6983 = DIRECTION('',(-0.31889656933,-0.223745178618,-0.921001125469));
#6984 = PCURVE('',#5856,#6985);
#6985 = DEFINITIONAL_REPRESENTATION('',(#6986),#6990);
#6986 = LINE('',#6987,#6988);
#6987 = CARTESIAN_POINT('',(0.,0.));
#6988 = VECTOR('',#6989,1.);
#6989 = DIRECTION('',(5.551115123126E-17,-1.));
#6990 = ( GEOMETRIC_REPRESENTATION_CONTEXT(2) 
PARAMETRIC_REPRESENTATION_CONTEXT() REPRESENTATION_CONTEXT('2D SPACE',''
  ) );
#6991 = PCURVE('',#5952,#6992);
#6992 = DEFINITIONAL_REPRESENTATION('',(#6993),#6997);
#6993 = LINE('',#6994,#6995);
#6994 = CARTESIAN_POINT('',(14.,8.881784197001E-16));
#6995 = VECTOR('',#6996,1.);
#6996 = DIRECTION('',(-2.775557561563E-17,-1.));
#6997 = ( GEOMETRIC_REPRESENTATION_CONTEXT(2) 
PARAMETRIC_REPRESENTATION_CONTEXT() REPRESENTATION_CONTEXT('2D SPACE',''
  ) );
#6998 = ORIENTED_EDGE('',*,*,#5916,.F.);
#6999 = ORIENTED_EDGE('',*,*,#5841,.F.);
#7000 = ORIENTED_EDGE('',*,*,#7001,.F.);
#7001 = EDGE_CURVE('',#6956,#5816,#7002,.T.);
#7002 = SURFACE_CURVE('',#7003,(#7007,#7014),.PCURVE_S1.);
#7003 = LINE('',#7004,#7005);
#7004 = CARTESIAN_POINT('',(57.743884951023,-51.62593635474,
    26.431589658263));
#7005 = VECTOR('',#7006,1.);
#7006 = DIRECTION('',(-0.31889656933,-0.223745178618,-0.921001125469));
#7007 = PCURVE('',#5856,#7008);
#7008 = DEFINITIONAL_REPRESENTATION('',(#7009),#7013);
#7009 = LINE('',#7010,#7011);
#7010 = CARTESIAN_POINT('',(11.,-4.440892098501E-16));
#7011 = VECTOR('',#7012,1.);
#7012 = DIRECTION('',(5.551115123126E-17,-1.));
#7013 = ( GEOMETRIC_REPRESENTATION_CONTEXT(2) 
PARAMETRIC_REPRESENTATION_CONTEXT() REPRESENTATION_CONTEXT('2D SPACE',''
  ) );
#7014 = PCURVE('',#5830,#7015);
#7015 = DEFINITIONAL_REPRESENTATION('',(#7016),#7020);
#7016 = LINE('',#7017,#7018);
#7017 = CARTESIAN_POINT('',(0.,0.));
#7018 = VECTOR('',#7019,1.);
#7019 = DIRECTION('',(2.775557561563E-17,-1.));
#7020 = ( GEOMETRIC_REPRESENTATION_CONTEXT(2) 
PARAMETRIC_REPRESENTATION_CONTEXT() REPRESENTATION_CONTEXT('2D SPACE',''
  ) );
#7021 = ADVANCED_FACE('',(#7022),#5830,.F.);
#7022 = FACE_BOUND('',#7023,.F.);
#7023 = EDGE_LOOP('',(#7024,#7047,#7048,#7049));
#7024 = ORIENTED_EDGE('',*,*,#7025,.F.);
#7025 = EDGE_CURVE('',#6956,#7026,#7028,.T.);
#7026 = VERTEX_POINT('',#7027);
#7027 = CARTESIAN_POINT('',(49.702933135674,-40.16543488652,
    26.431589658263));
#7028 = SURFACE_CURVE('',#7029,(#7033,#7040),.PCURVE_S1.);
#7029 = LINE('',#7030,#7031);
#7030 = CARTESIAN_POINT('',(57.743884951023,-51.62593635474,
    26.431589658263));
#7031 = VECTOR('',#7032,1.);
#7032 = DIRECTION('',(-0.574353701096,0.818607247731,2.775557561563E-17)
  );
#7033 = PCURVE('',#5830,#7034);
#7034 = DEFINITIONAL_REPRESENTATION('',(#7035),#7039);
#7035 = LINE('',#7036,#7037);
#7036 = CARTESIAN_POINT('',(0.,0.));
#7037 = VECTOR('',#7038,1.);
#7038 = DIRECTION('',(1.,1.766991715774E-18));
#7039 = ( GEOMETRIC_REPRESENTATION_CONTEXT(2) 
PARAMETRIC_REPRESENTATION_CONTEXT() REPRESENTATION_CONTEXT('2D SPACE',''
  ) );
#7040 = PCURVE('',#5778,#7041);
#7041 = DEFINITIONAL_REPRESENTATION('',(#7042),#7046);
#7042 = LINE('',#7043,#7044);
#7043 = CARTESIAN_POINT('',(0.820272848512,-8.86437546892));
#7044 = VECTOR('',#7045,1.);
#7045 = DIRECTION('',(0.542740127943,0.839900680748));
#7046 = ( GEOMETRIC_REPRESENTATION_CONTEXT(2) 
PARAMETRIC_REPRESENTATION_CONTEXT() REPRESENTATION_CONTEXT('2D SPACE',''
  ) );
#7047 = ORIENTED_EDGE('',*,*,#7001,.T.);
#7048 = ORIENTED_EDGE('',*,*,#5815,.F.);
#7049 = ORIENTED_EDGE('',*,*,#7050,.F.);
#7050 = EDGE_CURVE('',#7026,#5790,#7051,.T.);
#7051 = SURFACE_CURVE('',#7052,(#7056,#7063),.PCURVE_S1.);
#7052 = LINE('',#7053,#7054);
#7053 = CARTESIAN_POINT('',(49.702933135674,-40.16543488652,
    26.431589658263));
#7054 = VECTOR('',#7055,1.);
#7055 = DIRECTION('',(-0.31889656933,-0.223745178618,-0.921001125469));
#7056 = PCURVE('',#5830,#7057);
#7057 = DEFINITIONAL_REPRESENTATION('',(#7058),#7062);
#7058 = LINE('',#7059,#7060);
#7059 = CARTESIAN_POINT('',(14.,-8.881784197001E-16));
#7060 = VECTOR('',#7061,1.);
#7061 = DIRECTION('',(2.775557561563E-17,-1.));
#7062 = ( GEOMETRIC_REPRESENTATION_CONTEXT(2) 
PARAMETRIC_REPRESENTATION_CONTEXT() REPRESENTATION_CONTEXT('2D SPACE',''
  ) );
#7063 = PCURVE('',#5804,#7064);
#7064 = DEFINITIONAL_REPRESENTATION('',(#7065),#7069);
#7065 = LINE('',#7066,#7067);
#7066 = CARTESIAN_POINT('',(0.,0.));
#7067 = VECTOR('',#7068,1.);
#7068 = DIRECTION('',(-5.551115123126E-17,-1.));
#7069 = ( GEOMETRIC_REPRESENTATION_CONTEXT(2) 
PARAMETRIC_REPRESENTATION_CONTEXT() REPRESENTATION_CONTEXT('2D SPACE',''
  ) );
#7070 = ADVANCED_FACE('',(#7071),#5804,.F.);
#7071 = FACE_BOUND('',#7072,.F.);
#7072 = EDGE_LOOP('',(#7073,#7094,#7095));
#7073 = ORIENTED_EDGE('',*,*,#7074,.F.);
#7074 = EDGE_CURVE('',#7026,#5764,#7075,.T.);
#7075 = SURFACE_CURVE('',#7076,(#7080,#7087),.PCURVE_S1.);
#7076 = LINE('',#7077,#7078);
#7077 = CARTESIAN_POINT('',(49.702933135674,-40.16543488652,
    26.431589658263));
#7078 = VECTOR('',#7079,1.);
#7079 = DIRECTION('',(0.753938196477,0.528980405127,-0.389559914372));
#7080 = PCURVE('',#5804,#7081);
#7081 = DEFINITIONAL_REPRESENTATION('',(#7082),#7086);
#7082 = LINE('',#7083,#7084);
#7083 = CARTESIAN_POINT('',(0.,0.));
#7084 = VECTOR('',#7085,1.);
#7085 = DIRECTION('',(1.,-5.551115123126E-17));
#7086 = ( GEOMETRIC_REPRESENTATION_CONTEXT(2) 
PARAMETRIC_REPRESENTATION_CONTEXT() REPRESENTATION_CONTEXT('2D SPACE',''
  ) );
#7087 = PCURVE('',#5778,#7088);
#7088 = DEFINITIONAL_REPRESENTATION('',(#7089),#7093);
#7089 = LINE('',#7090,#7091);
#7090 = CARTESIAN_POINT('',(8.418634639713,2.894234061548));
#7091 = VECTOR('',#7092,1.);
#7092 = DIRECTION('',(-0.839900680748,0.542740127943));
#7093 = ( GEOMETRIC_REPRESENTATION_CONTEXT(2) 
PARAMETRIC_REPRESENTATION_CONTEXT() REPRESENTATION_CONTEXT('2D SPACE',''
  ) );
#7094 = ORIENTED_EDGE('',*,*,#7050,.T.);
#7095 = ORIENTED_EDGE('',*,*,#5789,.F.);
#7096 = ADVANCED_FACE('',(#7097),#5778,.F.);
#7097 = FACE_BOUND('',#7098,.F.);
#7098 = EDGE_LOOP('',(#7099,#7100,#7101,#7102,#7103,#7104));
#7099 = ORIENTED_EDGE('',*,*,#6953,.T.);
#7100 = ORIENTED_EDGE('',*,*,#7025,.T.);
#7101 = ORIENTED_EDGE('',*,*,#7074,.T.);
#7102 = ORIENTED_EDGE('',*,*,#5763,.F.);
#7103 = ORIENTED_EDGE('',*,*,#5963,.F.);
#7104 = ORIENTED_EDGE('',*,*,#7105,.T.);
#7105 = EDGE_CURVE('',#5938,#6954,#7106,.T.);
#7106 = SURFACE_CURVE('',#7107,(#7111,#7118),.PCURVE_S1.);
#7107 = LINE('',#7108,#7109);
#7108 = CARTESIAN_POINT('',(57.996253296918,-34.34665043012,
    22.146430600174));
#7109 = VECTOR('',#7110,1.);
#7110 = DIRECTION('',(0.574353701096,-0.818607247731,-2.775557561563E-17
    ));
#7111 = PCURVE('',#5778,#7112);
#7112 = DEFINITIONAL_REPRESENTATION('',(#7113),#7117);
#7113 = LINE('',#7114,#7115);
#7114 = CARTESIAN_POINT('',(-0.820272848512,8.86437546892));
#7115 = VECTOR('',#7116,1.);
#7116 = DIRECTION('',(-0.542740127943,-0.839900680748));
#7117 = ( GEOMETRIC_REPRESENTATION_CONTEXT(2) 
PARAMETRIC_REPRESENTATION_CONTEXT() REPRESENTATION_CONTEXT('2D SPACE',''
  ) );
#7118 = PCURVE('',#5952,#7119);
#7119 = DEFINITIONAL_REPRESENTATION('',(#7120),#7124);
#7120 = LINE('',#7121,#7122);
#7121 = CARTESIAN_POINT('',(0.,0.));
#7122 = VECTOR('',#7123,1.);
#7123 = DIRECTION('',(1.,-1.766991715774E-18));
#7124 = ( GEOMETRIC_REPRESENTATION_CONTEXT(2) 
PARAMETRIC_REPRESENTATION_CONTEXT() REPRESENTATION_CONTEXT('2D SPACE',''
  ) );
#7125 = ADVANCED_FACE('',(#7126),#5952,.F.);
#7126 = FACE_BOUND('',#7127,.F.);
#7127 = EDGE_LOOP('',(#7128,#7129,#7130));
#7128 = ORIENTED_EDGE('',*,*,#7105,.F.);
#7129 = ORIENTED_EDGE('',*,*,#5937,.F.);
#7130 = ORIENTED_EDGE('',*,*,#6978,.F.);
#7131 = ( GEOMETRIC_REPRESENTATION_CONTEXT(3) 
GLOBAL_UNCERTAINTY_ASSIGNED_CONTEXT((#7135)) 
GLOBAL_UNIT_ASSIGNED_CONTEXT((#7132,#7133,#7134)) REPRESENTATION_CONTEXT
('Context #1','3D Context with UNIT and UNCERTAINTY') );
#7132 = ( LENGTH_UNIT() NAMED_UNIT(*) SI_UNIT(.MILLI.,.METRE.) );
#7133 = ( NAMED_UNIT(*) PLANE_ANGLE_UNIT() SI_UNIT($,.RADIAN.) );
#7134 = ( NAMED_UNIT(*) SI_UNIT($,.STERADIAN.) SOLID_ANGLE_UNIT() );
#7135 = UNCERTAINTY_MEASURE_WITH_UNIT(LENGTH_MEASURE(1.E-07),#7132,
  'distance_accuracy_value','confusion accuracy');
#7136 = PRODUCT_RELATED_PRODUCT_CATEGORY('part',$,(#7));
ENDSEC;
END-ISO-10303-21;
